drop1530,hi_q,ah10,late_dump,exit10,entry
-0.16829,-0.16829,0.0,0.0,9.96,9.97
-0.19712,-0.60139,0.00056,0.00907,17.72,17.71
-0.17983,-0.61421,0.00546,-0.01986,12.89,12.8299
-0.17225,-0.68108,0.00186,0.01507,10.74,10.78
-0.15681,-0.6488,0.00085,0.00128,11.72,11.71
-0.14087,-0.14087,0.0071,-0.01241,18.35,18.31
-0.1283,-0.42493,0.05882,-0.05746,9.9,9.35
-0.56886,-0.65961,0.01828,0.01578,5.39,5.47
-0.1551,-0.73831,-0.00245,-0.01449,4.07,4.08
-0.29421,-0.62539,0.0011,-0.03895,4.56,4.565
-0.19079,-0.19079,0.00084,-0.03171,5.91,5.955
-0.12928,-0.26447,0.00281,-0.04562,5.35,5.335
-0.17606,-0.42706,0.00029,0.00023,17.18,17.175
-0.18006,-0.18006,0.04795,-0.01978,2.8201,2.7005
-0.16477,-0.34375,0.02506,-0.00454,2.25,2.195
-0.15313,-0.5564,0.00337,-0.00369,1.48,1.485
-0.1684,-0.28932,0.00637,-0.0167,2.34,2.355
-0.23036,-0.23036,0.01847,0.02466,8.9,8.935
-0.37474,-0.50608,0.00177,0.01142,5.58,5.66
-0.16862,-0.62357,0.01655,-0.00821,4.2408,4.23
-0.1517,-0.67431,0.03087,-0.00631,3.78,3.6668
-0.17116,-0.21954,0.03704,0.00976,3.15,3.105
-0.25862,-0.25862,0.08501,-0.0069,1.28,1.2811
-0.15827,-0.32759,-0.01159,-0.0488,1.1,1.1129
-0.19701,-0.26406,-0.02884,0.02692,0.778,0.8011
-0.18789,-0.20031,-0.00187,0.02486,2.675,2.68
-0.16781,-0.16781,0.00272,0.0096,3.69,3.68
-0.19407,-0.22072,0.00863,0.01987,2.8998,2.885
-0.21618,-0.467,0.03226,-0.01126,2.69,2.635
-0.16547,-0.29905,0.00243,0.01044,8.23,8.23
-0.23204,-0.67562,0.00844,-0.00077,6.53,6.515
-0.16096,-0.49536,0.00438,0.00517,4.97,5.25
-0.54817,-0.54817,0.02016,-0.02232,3.66,3.7151
-0.24933,-0.56857,0.01024,0.04289,2.95,2.9201
-0.15294,-0.75247,0.01593,-0.01408,0.9248,0.9103
-0.20543,-0.29553,0.01422,0.02927,2.14,2.11
-0.34176,-0.54359,-0.0078,-0.03054,1.26,1.2699
-0.16667,-0.16667,0.0,0.00455,1.105,1.105
-0.15747,-0.2947,-0.00011,-0.01762,0.9145,0.9146
-0.1766,-0.42955,-0.00013,-0.01448,0.742,0.7421
-0.20678,-0.31065,-0.01626,0.06208,1.21,1.23
-0.28632,-0.29536,0.04509,0.00269,3.5,3.349
-0.16319,-0.49156,0.00415,0.0,2.42,2.41
-0.15789,-0.46488,-0.00621,0.00625,1.6,1.61
-0.24257,-0.24257,-0.00685,-0.04575,1.45,1.46
-0.1713,-0.23601,-0.00155,-0.01754,6.43,6.44
-0.25262,-0.36272,0.01751,0.04991,5.95,5.995
-0.2084,-0.24315,0.01282,0.00546,4.71,4.68
-0.06689,-0.38137,0.14516,-0.11111,2.5,2.48
-0.308,-0.61641,-0.00571,0.01156,1.72,1.75
-0.1721,-0.2746,0.0022,-0.00438,4.5,4.55
-0.18968,-0.2679,0.0,-0.01111,6.675,6.675
-0.22397,-0.43818,0.00292,-0.00676,5.16,5.145
-0.41218,-0.6472,0.00548,-0.0175,3.66,3.65
-0.17197,-0.24819,0.04194,-0.03484,4.1885,4.0199
-0.1477,-0.18707,0.0,-0.00568,10.5,10.5
-0.27605,-0.32888,0.03435,-0.04135,6.3605,6.26
-0.38609,-0.53826,-0.0173,0.02337,14.2,14.45
-0.29494,-0.33378,0.0092,-0.08018,9.31,9.235
-0.34203,-0.50478,0.00431,-0.00962,4.64,4.6201
-0.18851,-0.4323,0.03145,-0.01242,4.04,3.975
-0.1125,-0.549,-0.00429,-0.06237,2.32,2.33
-0.17866,-0.17866,-0.00156,0.00313,3.2,3.205
-0.48393,-0.61772,0.00358,-0.0346,1.3701,1.395
-0.1705,-0.32999,0.03582,-0.00249,18.65,18.005
-0.23981,-0.23981,0.00685,0.00344,7.3,7.3
-0.3604,-0.46675,-0.00022,-0.00646,2.23,2.2305
-0.2716,-0.494,0.01724,-0.01695,2.95,2.9
-0.12941,-0.20714,0.06139,-0.04092,4.29,4.2583
-0.23322,-0.34913,0.00175,0.02188,11.46,11.44
-0.20081,-0.21879,0.0,-0.00648,13.8,13.8
-0.03029,-0.35011,-0.04092,-0.08981,3.75,3.91
-0.15215,-0.24644,0.01138,-0.06612,8.0,7.91
-0.15773,-0.99313,0.02162,-0.00162,18.21,18.5
-0.22062,-0.99418,0.0,-0.00382,15.26,15.66
-0.39942,-0.4608,0.01367,-0.03092,4.81,4.755
-0.16111,-0.16667,0.00262,0.00927,3.82,3.81
-0.14734,-0.3137,0.00341,-0.01784,4.4,4.405
-0.51391,-0.6241,0.0751,-0.03435,2.7,2.53
-0.15764,-0.75466,-0.00297,-0.01462,1.68,1.685
-0.14065,-0.75465,0.00606,-0.03514,1.62,1.65
-0.322,-0.33551,0.01036,-0.03505,1.93,1.93
-0.16576,-0.49003,0.0,-0.00977,1.5199,1.52
-0.22268,-0.2414,-0.01431,0.05516,6.88,6.9799
-0.14667,-0.57895,0.00328,-0.04688,3.06,3.05
-0.1371,-0.67026,0.00239,-0.02103,2.1,2.095
-0.12338,-0.34783,-0.00383,-0.03333,1.3,1.305
-0.15951,-0.65455,-0.02331,0.03236,0.62,0.6348
-0.15618,-0.33891,0.0,-0.00843,11.17,11.17
-0.3638,-0.57325,0.00296,-0.02122,5.07,5.075
-0.15757,-0.46715,0.00211,-0.0094,4.75,4.74
-0.16667,-0.26874,-0.01338,-0.00333,11.4,11.96
-0.1801,-0.1801,0.01,0.01133,5.05,5.0
-0.23551,-0.36483,0.04994,0.01956,4.0622,3.905
-0.15234,-0.15234,0.00089,-0.00445,5.55,5.595
-0.15714,-0.28808,0.0735,-0.04873,4.62,4.49
-0.1871,-0.61991,0.06735,-0.0119,2.4014,2.49
-0.13439,-0.30476,0.0,-0.03196,2.12,2.12
0.05022,0.01477,0.04372,-0.23909,1.8,1.83
-0.13668,-0.53321,0.00605,-0.02004,4.89,4.89
-0.26181,-0.96356,0.01658,0.00482,0.2282,0.2292
-0.36063,-0.36063,0.00905,-0.00674,2.22,2.21
-0.56331,-0.72439,0.0303,-0.01859,1.34,1.32
-0.17803,-0.77766,0.01463,-0.0553,1.02,1.025
-0.18453,-0.18453,0.0,0.00261,11.52,11.52
-0.17136,-0.21599,0.0021,0.01062,14.3,14.27
-0.20752,-0.20752,0.02667,0.02037,3.08,3.0
-0.21107,-0.48113,0.04712,-0.00779,1.89,1.91
-0.31818,-0.69677,0.02283,-0.02667,1.1,1.095
-0.38961,-0.64794,0.07598,-0.14032,0.8694,0.8081
-0.32584,-0.32584,0.03297,0.00842,1.2,1.2101
-0.15,-0.42697,-0.0197,0.0001,1.0,1.0201
-0.17544,-0.40254,0.00071,-0.00709,1.4,1.4
-0.11998,-0.63419,0.01058,-0.04714,0.8313,0.8226
-0.19008,-0.58475,-0.01838,-0.02286,0.94,0.9576
-0.21854,-0.27607,-0.00862,-0.01695,1.15,1.16
-0.11747,-0.38113,0.01176,-0.09008,0.4558,0.4505
-0.51637,-0.7065,1.08035,-0.03535,0.3603,0.2265
-0.15583,-0.81988,0.0,-0.00069,0.144,0.144
-0.2431,-0.42359,0.00972,0.00712,11.25,11.32
-0.27673,-0.69856,0.06996,-0.01021,5.863,5.818
-0.29574,-0.57564,0.01409,0.01208,8.4,8.375
-0.20726,-0.33866,0.00675,-0.01332,11.93,11.85
-0.258,-0.52788,0.02093,-0.00051,3.883,3.918
-0.10104,-0.10104,0.03109,-0.10545,3.73,3.86
-0.14595,-0.2809,-0.00609,-0.03711,4.9,4.93
-0.15894,-0.41505,0.00221,-0.01094,11.27,11.305
-0.15313,-0.50233,0.00469,0.00104,9.57,9.605
-0.16567,-0.49276,0.00945,0.00713,8.49,8.47
-0.1559,-0.21724,0.0,-0.01333,19.98,19.98
-0.15063,-0.27517,0.00136,-0.00674,14.75,14.73
-0.14286,-0.388,0.0,-0.01961,8.97,9.0
-0.14175,-0.1555,0.02257,-0.01117,8.85,8.86
-0.22531,-0.23845,0.0,-0.02104,7.91,7.91
-0.14776,-0.15285,0.0,-0.02111,15.25,15.3
-0.20745,-0.26723,-0.00125,0.01398,7.97,7.98
-0.14099,-0.19755,0.02959,-0.01816,13.52,13.52
-0.23483,-0.23483,0.00426,0.03524,6.91,7.05
-0.19336,-0.19336,0.00138,-0.05422,14.5,14.48
-0.29457,-0.46628,0.02642,0.0464,10.88,10.6
-0.16666,-0.55742,-0.00867,-0.0393,8.0,8.07
-0.12807,-0.27126,-0.01532,-0.08048,4.5,4.57
-0.21053,-0.42815,0.01504,0.02308,4.05,3.99
-0.16475,-0.26379,0.01013,-0.01373,7.98,7.9
-0.2442,-0.88039,-0.00022,0.05202,8.643,9.12
-0.24163,-0.79895,0.03177,-0.11116,3.54,3.431
-0.23875,-0.74268,-0.00398,0.01609,5.0,5.02
-0.17798,-0.62847,0.0022,-0.04572,6.07,6.1265
-0.25264,-0.46846,0.00839,-0.092,8.41,8.34
-0.18193,-0.59813,-0.01001,0.01599,6.79,6.99
-0.27924,-0.3518,0.00257,0.01171,11.65,11.66
-0.17408,-0.43478,0.0096,-0.02837,1.0202,1.0105
-0.18846,-0.18846,0.00092,-0.071,0.981,0.9801
-0.31183,-0.31183,0.03198,0.03711,2.7399,2.655
-0.274,-0.274,-0.00935,0.03548,3.12,3.21
-0.1506,-0.33958,-0.00707,0.00355,2.81,2.83
-0.13553,-0.53106,-0.02417,-0.00941,0.8114,0.8315
-0.2619,-0.29316,0.0045,0.02304,11.05,11.1
-0.26328,-0.54645,0.07581,-0.00531,7.45,6.925
-0.28689,-0.71661,0.0202,0.02414,4.375,4.455
-0.18442,-0.80931,0.01478,-0.00039,2.0,2.03
-0.2252,-0.2252,-0.01617,-0.01878,3.65,3.71
-0.1918,-0.269,-0.01434,0.02265,7.56,7.67
-0.18783,-0.40156,0.01903,-0.05863,5.89,5.78
-0.1511,-0.51267,-0.0061,-0.016,4.89,4.92
-0.19266,-0.53259,0.01891,-0.00742,4.85,4.76
-0.20849,-0.60039,0.0048,0.01707,4.19,4.17
-0.11478,-0.11478,0.00939,-0.05024,5.8,5.86
-0.18458,-0.40513,0.00336,0.00969,10.44,10.415
-0.64852,-0.82301,0.05163,0.02222,15.05,14.72
-0.24626,-0.87285,0.02326,0.02483,10.38,10.32
-0.15473,-0.87236,0.01474,-0.00843,9.353,9.295
-0.15504,-0.87889,0.01746,0.0,7.985,7.848
-0.71193,-0.9784,0.04965,0.00714,1.43,1.41
-0.39282,-0.98669,0.06041,-0.02656,0.83,0.8393
-0.18347,-0.99055,0.03667,-0.02041,0.6,0.5999
-0.23705,-0.99282,0.01803,0.01311,0.4715,0.4715
-0.26457,-0.98956,0.03873,-0.00399,0.6663,0.6739
-0.23214,-0.23214,0.01852,0.00465,1.0602,1.08
-0.27195,-0.53211,0.02,-0.01941,0.5001,0.5001
-0.35603,-0.71459,0.09975,0.03761,0.355,0.3228
-0.19888,-0.73761,0.02078,0.02657,0.2838,0.2936
-0.13918,-0.72864,0.1727,-0.03082,0.2003,0.2044
-0.33449,-0.37202,0.00497,-0.04323,3.92,4.028
-0.17245,-0.17245,0.00246,-0.00664,14.2302,14.205
-0.15909,-0.15909,0.00047,-0.00024,10.64,10.635
-0.14546,-0.31232,0.00469,-0.01945,8.55,8.53
-0.17787,-0.17787,0.00546,0.02672,15.65,15.565
-0.17941,-0.41845,0.0199,0.01299,11.53,11.305
-0.19553,-0.20227,0.0,0.02476,13.651,13.66
-0.21916,-0.524,0.00655,-0.00573,6.15,6.11
-0.21319,-0.30344,0.00446,0.00749,6.76,6.73
-0.17163,-0.25978,0.0,-0.03911,4.545,4.545
-0.51293,-0.74903,0.0568,-0.03846,12.93,12.5
-0.62222,-0.72,0.02581,0.09874,0.1073,0.1046
-0.23576,-0.23576,0.09914,-0.03934,10.19,9.28
-0.15799,-0.32729,0.11655,-0.03596,9.58,8.58
-0.23205,-0.41275,0.02738,0.03673,3.19,3.105
-0.20833,-0.20833,0.0,-0.00675,3.68,3.68
-0.16013,-0.16013,0.0227,-0.01459,4.99,5.065
-0.11178,-0.11178,0.00044,-0.05598,8.3013,8.3263
-0.15,-0.19527,0.05535,-0.00368,14.1,13.55
-0.21983,-0.21983,0.02634,-0.0146,18.21,18.22
-0.29492,-0.56211,0.01023,-0.04087,4.836,4.788
-0.32245,-0.32245,0.00189,-0.00223,10.53,10.58
-0.13654,-0.24447,0.01212,-0.01725,15.03,14.85
-0.32632,-0.3755,-0.00077,0.04083,12.77,13.0
-0.27475,-0.58159,0.00857,-0.02507,3.53,3.5
-0.2187,-0.78509,0.02667,-7e-05,1.54,1.5
-0.1913,-0.53344,3e-05,0.02864,2.87,2.8699
-0.12658,-0.48603,0.00187,-0.0308,2.68,2.675
-0.30333,-0.30333,0.0272,0.05892,3.41,3.3197
-0.15163,-0.21196,0.03824,-0.04123,3.48,3.4
-0.33235,-0.49556,0.03111,-0.00881,2.32,2.25
-0.22757,-0.53412,0.02043,-0.05219,11.49,11.26
-0.13606,-0.61851,0.0093,-0.00514,9.75,9.678
-0.17627,-0.52353,-0.00506,-0.02387,11.8,11.86
-0.20475,-0.6911,-0.00961,0.02996,8.035,8.113
-0.25645,-0.25645,0.0,-0.02038,12.98,12.98
-0.19144,-0.43124,0.00232,-0.03844,8.5,8.63
-0.5913,-0.92326,0.09049,-0.02904,6.91,6.52
-0.22556,-0.94114,0.01816,0.01553,5.32,5.23
-0.28791,-0.91251,0.00064,0.02547,7.5,7.85
-0.1758,-0.92606,0.00614,0.00618,6.44,6.51
-0.30966,-0.95737,0.0,-0.04252,3.4,3.49
-0.38013,-0.96199,0.03777,0.06098,3.035,3.045
-0.22317,-0.9698,0.02754,0.03509,2.4,2.36
-0.12692,-0.96869,0.0092,-0.04185,1.445,2.175
-0.24711,-0.97752,0.11145,0.0184,1.675,1.66
-0.13056,-0.97979,0.03509,-0.0273,1.425,1.425
-0.29655,-0.96151,0.0481,-0.03186,2.07,1.975
-0.2291,-0.88393,0.01889,-0.02614,4.905,5.03
-0.18455,-0.90843,0.04143,-0.07895,3.6,3.5
-0.36267,-0.92392,0.05324,0.0,3.165,3.005
-0.21144,-0.57029,0.03322,0.01518,2.98,3.01
-0.25,-0.48138,0.01918,0.02144,1.99,1.9918
-0.11582,-0.17311,0.03625,-0.06433,8.29,8.0
-0.16767,-0.60769,0.03311,0.01061,1.7936,1.8
-0.09008,-0.21824,-0.0283,-0.04513,1.03,1.06
-0.20792,-0.43262,-0.01753,0.00525,0.7901,0.8042
-0.18441,-0.50608,0.00016,0.02106,0.6304,0.6304
-0.19644,-0.47625,-0.00239,-0.00324,0.5821,0.5847
-0.22722,-0.22722,0.00204,0.02021,14.22,14.1911
-0.18309,-0.38278,0.00091,-0.0108,11.0,10.99
-0.30159,-0.60538,0.08709,-0.05398,3.5501,3.33
-0.27893,-0.72758,0.004,0.02881,2.51,2.5
-0.13843,-0.42164,0.00252,-0.04796,3.98,3.97
-0.17486,-0.17486,0.03559,-0.00762,7.3,7.165
-0.20342,-0.46743,0.00644,0.0,4.69,4.66
-0.17432,-0.30251,0.00322,0.01637,6.22,6.21
-0.26415,-0.26415,0.05446,0.00712,6.99,7.07
-0.14842,-0.14842,0.0005,-0.00402,9.9,9.915
-0.37196,-0.68744,0.02134,-0.02381,13.39,13.12
-0.38273,-0.43009,0.00969,0.00299,6.71,6.705
-0.23913,-0.23913,0.01166,-0.02564,1.38,1.3641
-0.36591,-0.44348,-0.01669,0.00239,8.25,8.39
-0.12087,-0.48737,-0.00757,-0.05772,7.21,7.265
-0.16786,-0.61436,-0.01168,-0.04052,5.5,5.565
-0.24785,-0.65093,0.0,0.04381,5.48,5.48
-0.75762,-0.81137,0.00147,-0.02857,6.0,6.8
-0.46205,-0.93411,4e-05,-0.07162,2.15,2.2699
-0.23214,-0.95365,0.0407,0.0,1.75,1.72
-0.26471,-0.96632,0.00022,0.10376,1.28,1.3797
-0.16667,-0.96901,-0.00444,-0.02174,1.1,1.125
-0.17304,-0.27141,0.04541,-0.05607,1.886,1.85
-0.16384,-0.44981,0.00676,0.0,1.47,1.48
-0.25932,-0.43789,0.00425,0.00481,16.5192,16.47
-0.20417,-0.48815,0.00298,0.02316,8.38,8.395
-0.14388,-0.60791,0.02616,-0.03641,7.06,6.88
-0.09528,-0.72625,0.00806,-0.07864,4.63,4.593
-0.17976,-0.70181,0.01883,-0.0221,5.41,5.31
-0.18173,-0.76139,-0.00348,-0.00921,4.29,4.305
-0.12299,-0.75338,0.00318,-0.04268,3.07,3.14
-0.2337,-0.5753,0.00356,-0.00355,1.41,1.405
-0.16892,-0.62952,-0.00806,0.00813,1.23,1.24
-0.2122,-0.30604,0.024,-0.00208,2.56,2.5
-0.14796,-0.40994,0.04831,-0.02821,2.1091,2.07
-0.2,-0.54571,0.0061,0.0,1.65,1.64
-0.12299,-0.54571,0.02749,-0.06829,1.55,1.528
-0.18598,-0.63019,0.056,-0.06367,1.315,1.25
-0.16374,-0.31579,0.03396,-0.07343,1.36,1.325
-0.11886,-0.16455,-0.00524,-0.0323,7.6,7.64
-0.15578,-0.92956,0.01235,-0.03571,1.54,1.62
-0.18564,-0.75949,0.0003,0.01906,0.959,1.0
-0.36869,-0.69947,0.00151,-0.02123,0.5636,0.5948
-0.13472,-0.26324,-0.00206,-0.03194,4.6,4.85
-0.23746,-0.33301,0.04596,-0.07749,6.49,6.31
-0.18031,-0.4237,0.02024,0.00338,6.01,5.93
-0.27792,-0.44515,0.00719,-0.01933,5.6,5.58
-0.18548,-0.5568,0.03902,-0.0132,4.47,4.485
-0.17381,-0.33012,0.02029,-0.00576,1.76,1.725
-0.26829,-0.26829,0.02465,-0.05333,2.9,2.84
-0.1641,-0.55458,0.00391,-0.00258,1.9,1.8926
-0.41009,-0.41009,0.00278,-0.01261,9.01,9.005
-0.09765,-0.50388,0.02778,-0.06128,7.36,7.2
-0.16335,-0.61902,0.00255,-0.00085,5.83,5.885
-0.02523,-0.22727,-0.0172,-0.04235,1.77,2.035
-0.24503,-0.24503,0.03182,-0.03509,2.2139,2.2
-0.18408,-0.18408,0.00297,0.02744,1.64,1.685
-0.47658,-0.66312,-0.06706,-0.02684,17.25,18.49
-0.25208,-0.78671,-0.00227,-0.0178,8.81,8.83
-0.32143,-0.85671,0.02,0.0,9.6,9.5
-0.89928,-0.95071,0.00891,0.00899,2.79,2.805
-0.19308,-0.92145,0.01952,-0.01693,4.3502,4.355
-0.16341,-0.68761,0.00592,-0.01458,1.7,1.69
-0.23177,-0.34444,0.02162,0.0452,0.188,0.185
-0.21321,-0.43926,0.04384,0.01411,0.15,0.1437
-0.55556,-0.68473,0.0311,-0.04531,3.09,3.055
-0.14428,-0.40278,0.0,-0.06977,1.6,1.6
-0.15423,-0.46187,0.04628,-0.04105,0.7235,0.6915
-0.18586,-0.5747,-0.00969,-0.02176,0.551,0.5575
-0.40779,-0.77252,0.07061,0.03574,0.2677,0.2521
-0.18361,-0.41412,0.00701,0.00251,0.586,0.5991
-0.21758,-0.60196,0.04949,-0.03941,0.3901,0.39
-0.18193,-0.18193,0.03625,-0.02,3.231,3.283
-0.15521,-0.26764,0.01151,-0.04401,2.9,2.867
-0.17722,-0.17722,0.00784,-0.01923,2.57,2.55
-0.28568,-0.4581,0.04582,-0.04168,15.75,15.06
-0.16399,-0.22481,0.00905,-0.02269,12.82,12.705
-0.30272,-0.30272,0.00164,-0.0065,3.0599,3.055
-0.23769,-0.23769,0.0086,-0.00252,9.97,9.885
-0.16777,-0.16777,0.00061,-0.0055,16.29,16.28
-0.19094,-0.69979,0.01263,0.00992,14.24,14.25
-0.24236,-0.78096,0.00519,0.00916,3.863,3.855
-0.47976,-0.47976,0.00885,0.02262,11.25,11.3
-0.20726,-0.57825,0.01424,-0.00447,9.0,8.918
-0.25806,-0.52414,0.04229,0.01449,18.2,17.5
-0.21958,-0.67448,0.05101,-0.03644,11.71,11.37
-0.22272,-0.47145,0.02362,-0.00574,19.0,19.05
-0.29874,-0.51161,0.07515,-0.04947,4.625,4.458
-0.2315,-0.67221,0.02614,-0.00455,3.14,3.06
-0.16754,-0.28859,0.00081,-0.03538,3.07,3.0675
-0.16314,-0.2659,0.00357,0.01203,8.44,8.41
-0.22368,-0.43555,-4e-05,-0.05616,5.29,5.2902
-0.1563,-0.1563,0.0031,-0.01385,5.5,5.483
-0.18739,-0.18739,0.01953,0.03401,4.8685,4.865
-0.21608,-0.61245,0.0,0.01051,10.1,10.1
-0.15964,-0.38677,0.00076,0.00456,6.61,6.61
-0.1806,-0.43548,0.0,-0.02245,4.79,4.79
-0.20364,-0.59917,0.00206,0.00832,2.33,2.425
-0.41563,-0.47382,0.05651,-0.00408,6.05,6.105
-0.22212,-0.63476,0.02885,-0.02233,4.28,4.16
-0.12156,-0.38622,-0.0027,-0.03133,1.85,1.855
-0.4513,-0.51856,0.01095,-0.00327,2.77,2.74
-0.20704,-0.21658,0.0,-0.0273,2.7485,2.85
-0.17,-0.22326,0.02041,0.01205,3.0,2.94
-0.24057,-0.53266,0.02663,0.03106,3.4084,3.32
-0.19277,-0.34634,0.01618,-0.08201,1.25,1.2301
-0.28599,-0.35426,0.0,-0.00981,5.55,5.55
-0.24138,-0.26667,0.00243,0.0,4.4107,4.4
-0.28621,-0.29282,0.00327,0.00164,3.07,3.06
-0.132,-0.7808,0.00628,0.0035,13.65,14.32
-0.22517,-0.94,0.0042,0.01709,16.31,16.66
-0.1884,-0.94214,0.04959,-0.03189,8.89,8.47
-0.16795,-0.95201,0.00675,-0.03021,5.006,5.04
-0.20262,-0.96068,0.02778,-0.01009,4.032,3.923
-0.22775,-0.96824,0.00187,0.06044,3.06,3.211
-0.3855,-0.93611,-0.00262,0.01792,5.536,5.736
-0.27539,-0.94799,0.02253,-0.01029,3.928,4.039
-0.12707,-0.87733,0.02667,-0.05063,1.5,1.5
-0.16216,-0.87419,0.66667,-0.10968,2.23,1.38
-0.27139,-0.85641,0.02379,0.03634,16.08,15.97
-0.28547,-0.83582,-0.00056,0.04846,8.865,8.87
-0.15228,-0.85416,-0.0061,-0.01796,7.29,7.38
-0.19136,-0.8856,0.05246,0.01527,6.075,5.985
-0.21111,-0.87599,0.02113,0.0,6.525,6.39
-0.23193,-0.72447,0.00929,0.0267,16.3,16.15
-0.26126,-0.71545,0.03036,0.01385,16.97,16.47
-0.2044,-0.89228,0.01757,0.01789,6.37,6.26
-0.18295,-0.80568,0.00185,0.02467,5.21,5.4
-0.17761,-0.85263,0.0201,-0.0042,4.06,3.98
-0.28169,-0.28169,0.00493,-0.0049,2.0397,2.03
-0.2033,-0.248,0.00501,-0.0068,2.99,2.995
-0.3123,-0.43857,0.01193,-0.01412,2.12,2.095
-0.18176,-0.4864,0.003,-0.00252,1.67,1.665
-0.19595,-0.23718,-0.00422,-0.0042,1.1701,1.185
-0.27643,-0.34727,0.00042,0.02271,0.95,0.9546
-0.23935,-0.70434,-0.00763,0.04915,3.54,3.5672
-0.3699,-0.68918,0.0311,-0.05855,3.06,3.055
-0.2449,-0.2449,0.00183,-0.01502,16.43,16.4
-0.18198,-0.39048,-0.00959,0.00893,13.43,13.56
-0.17413,-0.43248,-0.00602,0.00151,6.61,6.65
-0.24188,-0.46743,0.00493,0.02875,9.17,9.125
-0.13716,-0.34962,0.00792,-0.08815,5.5,6.31
-0.51811,-0.71241,0.02322,0.00327,3.109,3.07
-0.20915,-0.88628,0.00723,-0.01653,1.1986,1.19
-0.19243,-0.24484,0.0162,-0.00195,5.11,5.11
-0.74257,-0.80361,0.09314,0.03224,1.54,1.415
-0.1963,-0.68911,0.04762,-0.03226,2.19,2.1
-0.69345,-0.76927,0.04878,-0.05144,1.279,1.23
-0.10987,-0.6468,0.04933,-0.06045,1.87,1.865
-0.20983,-0.55338,-0.00043,0.01547,0.9384,0.9388
-0.1487,-0.31025,-0.00123,-0.02629,4.065,4.07
-0.3548,-0.57838,0.02524,0.00783,2.58,2.575
-0.48832,-0.50527,0.04375,-0.02588,1.67,1.6
-0.2355,-0.28367,-0.03981,-0.10005,0.1857,0.1934
-0.17465,-0.76589,0.00096,-0.02622,9.89,10.4
-0.17143,-0.87158,0.01,0.0142,5.05,5.0
-0.20378,-0.88303,0.04762,-0.00375,4.0,3.99
-0.15332,-0.15332,0.00081,0.00189,7.42,7.414
-0.16873,-0.37011,0.00067,-0.04072,14.81,14.84
-0.22257,-0.59039,0.01057,0.03479,10.3601,10.41
-0.16538,-0.6476,0.005,0.00462,8.7383,8.695
-0.3874,-0.65996,0.02548,0.00249,16.19,16.09
-0.15397,-0.72386,0.04082,-0.00919,10.8,10.78
-0.14377,-0.32954,0.00348,-0.02243,14.43,14.38
-0.19127,-0.29596,0.00884,-0.00205,14.6,14.6
-0.13889,-0.5088,0.13725,-0.08602,1.45,1.275
-0.15009,-0.66183,0.03348,-0.03269,0.9601,0.929
-0.18874,-0.26205,0.00408,0.0,1.23,1.225
-0.19935,-0.19935,0.02418,-0.07143,2.3102,2.275
-0.13475,-0.20779,0.01266,-0.02869,1.18,1.185
-0.19793,-0.33045,0.0158,0.02097,6.43,6.33
-0.30071,-0.40348,0.00217,0.00802,6.89,6.915
-0.20745,-0.30017,0.0092,-0.00549,16.3306,16.3
-0.15561,-0.58163,-0.00418,-0.02846,3.57,3.585
-0.31182,-0.31182,0.00886,0.05844,7.2078,7.335
-0.15485,-0.32522,-0.00292,0.00809,6.83,6.85
-0.21529,-0.49504,-0.00093,0.06098,5.1919,5.395
-0.12667,-0.54469,0.00903,-0.03381,4.47,4.43
-0.16815,-0.50849,0.00205,-0.01404,4.88,4.88
-0.56763,-0.68878,0.00635,0.00106,9.44,9.44
-0.17066,-0.25533,-0.0052,-0.05401,13.38,13.455
-0.14758,-0.23835,0.02057,-0.01267,18.45,18.0781
-0.27033,-0.44759,0.02351,-0.00678,13.34,13.1899
-0.08989,-0.20834,-0.00452,-0.09053,2.2,2.21
-0.28804,-0.28804,0.00508,0.00254,3.92,3.94
-0.16471,-0.38261,0.00291,-0.00232,3.41,3.4001
-0.2006,-0.27616,0.01869,-0.00187,10.9,10.7
-0.13787,-0.557,0.00079,-0.03213,6.355,6.35
-0.22545,-0.35085,0.00391,0.06488,17.96,17.89
-0.14434,-0.44223,0.01406,-0.01489,14.3114,14.22
-0.16491,-0.54115,0.00834,0.00968,11.7129,11.99
-0.18071,-0.68966,0.09361,-0.00349,11.25,11.43
-0.21087,-0.75446,0.02292,-0.01433,8.93,8.945
-0.17686,-0.33245,0.02386,0.00066,15.0,15.09
-0.34796,-0.53962,0.00575,0.00288,10.19,10.43
-0.35475,-0.65336,0.02666,0.00693,5.96,5.815
-0.29628,-0.77131,0.02759,-0.02685,3.71,3.7077
-0.52205,-0.52205,0.02778,-0.02307,3.69,3.6
-0.21881,-0.29679,0.01289,-0.01648,3.93,3.88
-0.1699,-0.1699,0.04305,-0.0039,5.2,5.11
-0.14871,-0.41181,0.01429,-0.03714,3.53,3.5
-0.16138,-0.52913,0.00409,-0.00749,2.9,2.8882
-0.15114,-0.46405,0.00249,-0.02195,4.02,4.01
-0.01693,-0.1829,0.12521,-0.20662,3.37,2.995
-0.38139,-0.38139,0.05394,0.00408,1.23,1.205
-0.03113,-0.03113,0.02847,-0.22691,0.95,0.9625
-0.19694,-0.25459,0.0,0.0168,4.4503,4.54
-0.34706,-0.445,0.01493,0.00601,5.0007,5.025
-0.1712,-0.18011,0.0473,-0.02951,1.55,1.48
-0.20992,-0.44652,0.00474,0.01932,1.06,1.055
-0.13623,-0.51037,0.03088,-0.00601,0.9382,0.9101
-0.14175,-0.23624,0.01548,-0.03003,1.64,1.615
-0.20583,-0.58687,0.05238,0.02689,4.42,4.2
-0.31158,-0.62172,0.00789,0.01469,3.77,3.8
-0.23316,-0.39095,0.0,0.01351,1.42,1.5
-0.29333,-0.56379,0.00962,-0.01887,1.0299,1.04
-0.26561,-0.3451,0.01901,0.03503,1.34,1.315
-0.37185,-0.48756,-0.04545,0.02708,2.1,2.2
-0.16595,-0.18354,0.0,0.00258,3.88,3.88
-0.16809,-0.17746,0.00874,0.00491,5.92,5.8687
-0.17568,-0.31268,-0.00621,-0.01025,4.8,4.83
-0.09717,-0.30258,-0.02497,-0.05717,8.07,8.41
-0.14189,-0.70236,-0.01322,-0.00176,2.24,2.27
-0.16364,-0.32847,-0.01587,0.02717,1.86,1.89
-0.2375,-0.49167,0.01591,-0.01639,0.9448,0.93
-0.18681,-0.39532,0.0092,-0.0671,0.8709,0.88
-0.14721,-0.14721,-0.0059,0.00893,1.685,1.695
-0.23913,-0.25795,0.00723,-0.0119,2.0894,2.075
-0.16883,-0.62523,1.40385,0.0,13.0,8.32
-0.31111,-0.58108,0.01611,0.00108,9.46,9.31
-0.34951,-0.6982,3e-05,0.02087,6.55,6.8398
-0.27632,-0.77703,-0.00408,-0.0101,4.8,4.9
-0.42623,-0.87387,0.01739,0.03907,2.75,2.9094
-0.29352,-0.44042,0.00294,-0.00967,10.25,10.2499
-0.28054,-0.5256,0.00045,-0.01186,6.8707,6.8676
-0.10651,-0.28436,-0.00466,-0.05298,4.27,4.29
-0.27692,-0.27692,0.00622,0.02553,4.79,4.82
-0.18265,-0.38385,-0.00871,0.00375,3.985,4.02
-0.03242,-0.40308,0.05216,-0.17526,3.3669,3.2
-0.20131,-0.27001,0.0,-0.01391,11.9908,12.05
-0.17278,-0.51196,0.00589,-0.00933,4.25,4.245
-0.13443,-0.56722,0.00285,-0.0436,3.505,3.51
-0.19626,-0.56511,0.01124,0.03488,3.59,3.56
-0.1356,-0.15477,0.00497,-0.02424,17.1399,17.105
-0.1245,-0.3925,0.00067,-0.03701,14.79,14.83
-0.33627,-0.4604,0.02651,-0.01366,12.92,12.635
-0.17847,-0.25019,0.00952,0.00554,19.81,19.95
-0.10857,-0.64457,0.11644,-0.0641,3.183,2.92
-0.22538,-0.59672,0.01127,0.00282,3.5502,3.55
-0.37692,-0.37692,0.01491,-0.00658,11.6,12.07
-0.16557,-0.47923,0.00905,-0.02019,10.04,9.95
-0.1513,-0.60307,-0.00066,-0.02585,7.47,7.54
-0.14688,-0.23286,0.0,-0.0246,16.2,16.26
-0.13086,-0.7129,-0.0023,-0.02472,4.33,4.34
-0.21245,-0.60247,0.00531,0.02725,3.79,3.77
-0.29787,-0.70329,0.01429,0.04669,2.75,2.8
-0.19856,-0.68213,0.00952,-0.05405,2.12,2.1
-0.21161,-0.73777,0.00118,-0.02733,1.1403,1.1886
-0.34921,-0.4721,-0.0039,0.02033,2.5,2.51
-0.22573,-0.22573,0.01087,-0.04177,0.93,0.92
-0.26557,-0.26557,0.01211,0.02993,2.03,2.065
-0.34573,-0.58406,-0.00424,-0.00632,2.28,2.36
-0.23867,-0.68,0.01648,-0.00394,1.835,1.82
-0.16265,-0.63485,0.01217,-0.01439,2.07,2.055
-0.15705,-0.19091,0.0559,0.00078,4.03,3.83
-0.32302,-0.56667,0.00279,0.00056,1.8,1.795
-0.14449,-0.3738,0.03494,-0.01055,6.1914,6.01
-0.33639,-0.59021,0.01126,0.00503,4.0,3.995
-0.20811,-0.25933,0.01692,-0.00756,6.01,5.91
-0.12225,-0.16797,0.0355,-0.03912,3.08,3.07
-0.1594,-0.1594,0.01654,0.00446,12.4,12.395
-0.2767,-0.29264,0.03536,0.00436,16.69,16.12
-0.33061,-0.57262,0.00847,-0.0383,11.75,11.8
-0.24309,-0.40175,0.01897,0.03869,1.42,1.423
-0.15111,-0.83172,-0.0134,-0.02356,1.81,1.865
-0.20745,-0.92598,0.07494,-0.01202,0.8922,0.83
-0.18622,-0.79962,0.0044,0.0553,0.8244,0.8416
-0.17567,-0.75433,0.03917,-0.03853,0.459,0.4417
-0.33086,-0.46967,0.05357,0.03321,2.9499,2.8
-0.25284,-0.37678,0.00736,-0.01863,1.3,1.2905
-0.20385,-0.50948,0.00935,0.03382,1.08,1.07
-0.33228,-0.48537,-0.00474,0.0,1.05,1.055
-0.248,-0.27226,0.00313,0.01001,1.57,1.595
-0.17442,-0.34562,-0.01053,0.00352,1.41,1.425
-0.14574,-0.17149,-0.03636,-0.00181,1.02,1.1
-0.19074,-0.52706,0.02088,-0.01373,2.17,2.155
-0.08527,-0.46317,0.01309,-0.08874,6.19,6.11
-0.15304,-0.18794,0.00123,0.00248,8.1,8.1
-0.3233,-0.55824,0.01129,-0.00768,15.51,15.505
-0.16625,-0.37094,0.00274,-0.01578,12.82,12.785
-0.31337,-0.37708,0.00058,0.06219,17.04,17.25
-0.22737,-0.34221,-0.00025,-0.02756,4.057,4.058
-0.24427,-0.24427,0.04339,-0.01061,20.1,19.59
-0.24582,-0.36209,0.0,0.01996,9.19,9.2
-0.36167,-0.60452,0.00721,0.01163,4.8195,4.785
-0.22786,-0.27017,0.00731,-0.00209,4.82,4.785
-0.16704,-0.31076,0.02295,-0.00538,3.7798,3.695
-0.22997,-0.51429,0.01155,-0.02036,2.19,2.165
-0.33995,-0.36193,0.14128,0.05586,18.0,17.2
-0.20149,-0.34099,0.0,-0.01105,11.64,11.64
-0.27375,-0.45421,0.00124,-0.00185,8.03,8.09
-0.18873,-0.22625,0.0,0.00081,12.39,12.39
-0.24896,-0.30939,0.01513,-0.00832,3.6291,3.575
-0.21111,-0.21111,0.02759,0.02113,1.49,1.45
-0.10788,-0.10788,0.0,-0.05279,13.25,13.25
-0.15126,-0.25917,-0.02838,-0.01155,2.91,2.995
-0.21784,-0.21784,0.00183,-0.01083,5.4306,5.47
-0.14258,-0.14258,0.00843,-0.05467,8.3691,8.3
-0.17191,-0.36195,0.01961,-0.02427,6.45,6.375
-0.16612,-0.50488,-0.00795,-0.00789,4.99,5.03
-0.14062,-0.57031,0.04265,-0.04091,4.3,4.22
-0.1807,-0.1807,-0.05879,-0.055,0.1601,0.1701
-0.16714,-0.16714,-0.03509,-0.06542,0.55,0.57
-0.11111,-0.31429,0.0,-0.07875,0.6633,0.6633
-0.15152,-0.46667,0.03456,0.01786,0.58,0.57
-0.09677,-0.73333,-0.12251,0.05821,0.2597,0.2963
-0.38966,-0.87966,-0.00387,-0.04737,18.03,18.1
-0.12091,-0.89961,0.002,-0.05552,15.0,14.97
-0.15803,-0.94033,0.0085,-0.00018,9.14,9.4199
-0.16407,-0.93223,0.00484,-0.03364,10.39,10.34
-0.14196,-0.40239,-0.02799,0.0027,3.32,3.4156
-0.69615,-0.69615,0.0249,-0.01925,4.36,4.33
-0.13662,-0.14385,0.06126,-0.07463,11.22,11.345
-0.13636,-0.26923,0.0,-0.02005,3.91,3.91
-0.34908,-0.63688,0.00769,0.02994,3.28,3.2649
-0.22736,-0.41986,0.02065,-0.00282,1.7176,1.695
-0.27826,-0.51884,0.00621,-0.03012,1.61,1.61
-0.2,-0.31658,0.00058,0.01471,1.38,1.38
-0.26587,-0.37731,0.01681,-0.01332,19.96,19.63
-0.16346,-0.27258,-0.00471,-0.02414,8.45,8.49
-0.15385,-0.15385,0.01288,-0.03719,2.36,2.33
-0.22635,-0.35335,0.00379,0.02245,6.49,6.605
-0.15184,-0.29214,0.00341,-0.01582,17.7904,17.73
-0.18825,-0.23832,0.0495,-0.00859,4.21,4.04
-0.17323,-0.17323,-0.00571,0.0,5.22,5.25
-0.3019,-0.41433,0.02315,0.03597,6.6198,6.48
-0.15212,-0.1545,0.00556,-0.00331,8.9999,9.0
-0.34821,-0.67135,0.00581,-0.01717,3.46,3.44
-0.17441,-0.17441,0.0,0.02812,15.3,16.45
-0.31842,-0.47317,0.02778,-0.01273,10.21,10.08
-0.10548,-0.55366,-0.01687,-0.04046,8.16,8.3
0.09724,-0.25446,-0.03755,-0.13892,6.6523,7.19
-0.33868,-0.41726,-0.00597,0.01578,4.16,4.185
-0.23483,-0.36487,-0.02,0.0,14.21,14.5
-0.43846,-0.50827,0.01648,-0.01616,1.8099,1.79
-0.17318,-0.6,0.00983,-0.00338,1.45,1.475
-0.17958,-0.2211,0.00583,0.0141,5.11,5.15
-0.39624,-0.74656,0.00363,0.0043,15.1664,15.165
-0.21476,-0.57143,-0.01201,-0.001,0.58,0.5994
-0.30562,-0.81483,0.0,0.0351,5.69,5.75
-0.2703,-0.45781,0.02825,0.06267,4.87,4.955
-0.134,-0.45875,0.04634,-0.05312,4.29,4.1
-0.21056,-0.59541,0.04582,-0.03914,3.2525,3.11
-0.3626,-0.66319,0.00825,0.02249,10.83,10.91
-0.21759,-0.75604,0.0,-0.01319,5.16,5.2
-0.15288,-0.78903,-0.02212,0.02611,4.42,4.52
-0.15377,-0.33206,0.0,0.0,3.5,3.5
-0.33077,-0.64198,0.01177,-0.02868,1.6299,1.6901
-0.20041,-0.25,0.00487,0.00801,1.94,1.9505
-0.12838,-0.42539,0.0,-0.03101,2.5,2.5
-0.1935,-0.4008,0.0,-0.04793,0.7131,0.7131
-0.27451,-0.27451,0.00013,0.04054,0.7301,0.77
-0.32383,-0.37686,0.01262,0.13405,0.72,0.7208
-0.18947,-0.18947,-0.00437,-0.00866,2.27,2.29
-0.19737,-0.35789,0.01613,0.01639,1.89,1.86
-0.13452,-0.39993,-0.00159,-0.01933,0.8813,0.8827
-0.14862,-0.67619,0.00997,-0.00236,3.85,3.812
-0.17376,-0.211,0.05822,0.01031,5.1853,4.9
-0.58558,-0.58558,0.03885,0.13238,13.49,13.9
-0.1614,-0.58778,0.00408,0.00328,12.13,12.25
-0.18999,-0.67758,0.00205,0.02094,9.69,9.75
-0.1461,-0.73363,0.0204,-0.0076,7.9897,7.83
-0.18061,-0.7289,-0.00123,0.01245,7.84,8.13
-0.18127,-0.51607,0.00726,0.0221,2.77,2.7699
-0.21053,-0.32229,-0.00866,0.02667,2.27,2.31
-0.37198,-0.47931,0.02564,0.0,3.94,3.9
-0.14195,-0.33623,0.01415,-0.03582,8.6,8.48
-0.14052,-0.39544,0.03479,-0.03126,8.01,7.76
-0.20164,-0.63297,0.01577,0.01486,4.51,4.44
-0.18587,-0.68603,0.00361,-0.01093,1.3313,1.385
-0.18118,-0.76342,0.04133,0.02284,0.7509,0.7211
-0.19775,-0.80052,-0.00821,0.01106,0.58,0.5849
-0.20155,-0.70203,0.01252,-0.00948,0.8145,0.8146
-0.37273,-0.61667,0.02463,-0.01932,1.03,1.015
-0.16092,-0.32874,0.00389,0.00753,1.28,1.285
-0.14138,-0.32703,-0.00813,-0.01205,1.22,1.23
-0.20698,-0.49153,0.0,0.00017,0.6001,0.6001
-0.37275,-0.50142,0.02181,-0.01905,0.2999,0.2935
-0.05675,-0.37275,-0.04127,-0.02005,0.277,0.2932
-0.29427,-0.33762,0.01429,0.06491,7.2,7.35
-0.25867,-0.25867,0.23288,-0.01529,10.8,10.95
-0.22102,-0.27867,0.0,-0.00555,10.76,10.76
-0.17985,-0.29125,-0.01294,-0.00059,8.3,8.5
-0.16129,-0.51425,-0.01709,0.0036,5.75,5.85
-0.25163,-0.30027,0.02483,-0.00293,2.8397,2.7907
-0.17559,-0.38375,0.03167,0.01826,2.5895,2.51
-0.18072,-0.66,0.01493,-0.01471,1.3599,1.34
-0.18235,-0.29082,0.00353,0.01799,1.4192,1.415
-0.78287,-0.9622,0.13869,0.02864,7.01,6.85
-0.23544,-0.97018,0.01982,0.05664,5.63,5.55
-0.14998,-0.14998,0.00107,-0.00451,18.78,18.76
-0.51684,-0.51684,0.00607,0.03038,11.28,11.53
-0.34448,-0.39447,0.00646,0.00868,9.35,9.29
-0.14833,-0.23498,0.01405,-0.00823,7.94,7.83
-0.21787,-0.27994,0.00494,0.01503,5.07,5.065
-0.21664,-0.33255,0.01969,-0.03648,4.19,4.1287
-0.17762,-0.3941,0.02378,-0.0025,4.04,3.995
-0.35545,-0.50682,0.00907,0.01598,0.6674,0.6614
-0.16185,-0.19444,-0.00685,0.0069,1.42,1.46
-0.279,-0.279,0.03696,0.01935,5.1401,5.005
-0.13872,-0.36637,0.01176,-0.01506,4.2999,4.25
-0.15097,-0.61601,0.00781,-0.02103,2.58,2.56
-0.18934,-0.44915,0.00142,-0.01399,7.06,7.05
-0.33586,-0.3705,0.00143,0.00143,7.0005,7.01
-0.15681,-0.19383,-0.00549,0.00203,17.1,17.295
-0.38154,-0.42583,0.00111,0.00557,4.5,4.515
-0.21674,-0.33912,0.00088,-0.00963,5.66,5.655
-0.16608,-0.4537,0.00106,-0.0053,4.7,4.695
-0.14491,-0.41857,-0.025,0.0084,7.02,7.2
-0.15195,-0.15195,0.0,-0.00369,12.13,12.15
-0.27674,-0.31182,0.0,0.01277,11.3,11.5
-0.19873,-0.20673,0.01404,0.01585,12.99,12.82
-0.16143,-0.16143,0.01392,-0.00107,18.41,18.68
-0.1508,-0.28789,0.00064,-0.01071,15.72,15.71
-0.22304,-0.23523,0.00057,0.02613,17.41,17.5
-0.15327,-0.24439,0.00091,-0.01929,16.49,16.525
-0.14957,-0.67583,0.00251,-0.01763,19.95,19.9
-0.14036,-0.71235,0.00115,-0.02921,17.47,17.45
-0.09044,-0.74572,0.12506,-0.08024,13.3894,14.615
-0.17507,-0.75116,0.00661,-0.02637,15.22,15.14
-0.20015,-0.26126,-0.0363,0.01754,5.31,5.51
-0.20384,-0.40288,0.00802,-0.01215,4.29,4.365
-0.34646,-0.46313,0.05134,-0.01446,4.3,4.09
-0.48438,-0.57143,0.0,0.0,1.61,1.65
-0.17284,-0.17284,0.0038,-0.01866,7.92,7.89
-0.24156,-0.62069,0.00898,0.00451,16.85,16.7
-0.19002,-0.45357,-0.00184,0.00493,16.21,16.32
-0.1855,-0.29987,0.00021,-0.01031,5.28,5.28
-0.32591,-0.38002,0.00833,-0.01888,7.25,7.275
-0.2094,-0.82448,0.68478,-0.00541,27.63,16.56
-0.19298,-0.86907,0.00321,0.00403,12.51,12.47
-0.32959,-0.6843,0.02452,0.02514,3.76,3.67
-0.3119,-0.5182,0.00388,0.02386,5.03,5.15
-0.41973,-0.79458,0.06218,0.00484,1.92,1.93
-0.15833,-0.15833,0.04698,-0.0165,3.02,2.98
-0.19384,-0.19384,0.01729,0.01445,4.91,4.915
-0.28016,-0.28016,0.01542,0.0011,4.61,4.54
-0.18093,-0.34242,0.0,0.03805,9.14,9.14
-0.33889,-0.33889,5e-05,-0.08828,2.06,2.1699
-0.21645,-0.27685,0.00887,0.03582,3.48,3.4494
-0.52847,-0.66327,0.01888,0.0012,8.39,8.29
-0.24532,-0.6294,0.0111,-0.00689,7.2884,7.21
-0.16439,-0.22734,0.02101,0.01038,6.5501,6.425
-0.15014,-0.27478,0.00081,-0.00959,12.4,12.39
-0.22122,-0.52798,0.01246,-0.02694,12.7975,12.64
-0.19395,-0.19395,0.0069,-0.01366,15.19,15.1058
-0.49608,-0.72866,0.00988,-0.10006,15.91,16.19
-0.33456,-0.82973,0.07513,-0.17417,9.585,8.985
-0.18633,-0.89995,0.00613,-0.08071,5.832,5.877
-0.22043,-0.90881,0.0184,0.04966,4.407,4.566
-0.03333,-0.83889,0.11262,-0.11207,5.72,5.15
-0.18841,-0.24227,-0.00355,-0.04252,5.61,5.63
-0.14766,-0.29102,0.00033,-0.00614,15.38,15.375
-0.17329,-0.27797,0.00365,-0.01381,16.48,16.42
-0.16451,-0.20814,0.00194,0.00097,5.17,5.16
-0.19011,-0.20596,0.00223,0.00504,8.98,8.97
-0.15518,-0.15518,0.00045,-0.01468,13.88,13.893
-0.29982,-0.29982,-0.10769,0.10449,11.6,13.0
-0.18678,-0.36222,0.01184,-0.0398,17.01,16.89
-0.1611,-0.1611,0.01077,-0.00536,6.57,6.5
-0.3085,-0.39681,0.01708,0.10586,5.85,5.85
-0.16073,-0.47845,0.04444,-0.01618,4.7,4.5
-0.2375,-0.40878,0.00478,0.00771,5.22,5.225
-0.15601,-0.40921,0.01656,-0.023,3.99,3.925
-0.17817,-0.21369,0.02163,0.02366,6.7,6.705
-0.24638,-0.41782,0.00158,0.01581,8.99,8.995
-0.22673,-0.63757,0.02035,-0.02271,4.3875,4.3
-0.43387,-0.52438,0.01193,-0.02474,4.0598,4.0912
-0.26966,-0.33333,0.01946,-0.01154,2.6192,2.57
-0.16439,-0.62608,0.05315,-0.03175,4.24,4.026
-0.15328,-0.54688,0.05263,-0.06638,10.63,10.83
-0.17153,-0.55664,-0.00091,-0.02996,10.4,11.01
-0.29939,-0.575,0.01665,-0.01298,11.24,11.41
-0.16405,-0.67199,0.01399,-0.00444,9.852,9.862
0.0,-0.28571,-0.06754,-0.08095,3.55,3.86
-0.16583,-0.3652,0.00296,0.01807,3.39,3.38
-0.28377,-0.61888,0.16095,-0.00158,20.93,18.95
-0.18681,-0.77711,0.00895,0.00631,10.83,11.17
-0.13074,-0.86769,-0.00311,-0.02413,6.41,6.43
-0.18093,-0.18093,0.00615,-0.00554,3.1102,3.25
-0.2067,-0.64411,0.0,-0.00704,1.41,1.41
-0.18673,-0.18673,0.00694,0.01708,2.69,2.68
-0.19728,-0.47228,0.04023,0.01766,1.81,1.74
-0.16135,-0.34278,0.00643,-0.02497,1.55,1.57
-0.22108,-0.27338,-0.01558,0.05941,3.15,3.21
-0.20705,-0.28854,0.01133,-0.01944,3.54,3.53
-0.23344,-0.23344,0.01759,-0.01852,3.96,3.98
-0.19809,-0.19809,0.02616,0.00937,5.96,5.925
-0.23503,-0.23503,0.03596,-0.0529,6.739,6.535
-0.15043,-0.449,0.01043,-0.01004,4.9714,4.9201
-0.19137,-0.19137,0.03499,-0.0425,7.01,6.86
-0.16432,-0.26242,0.04173,-0.00995,6.5,6.47
-0.15013,-0.64221,0.00639,-0.01262,3.14,3.13
-0.14625,-0.15543,0.01979,-0.00579,4.38,4.295
-0.23288,-0.8042,-0.06452,0.10714,0.29,0.31
-0.31254,-0.40317,-0.00269,0.022,11.12,11.15
-0.15039,-0.18409,0.00163,-0.00833,18.49,18.46
-0.19204,-0.51667,0.00493,-0.00123,8.15,8.11
-0.17576,-0.8172,0.20377,-0.02574,2.78,2.65
-0.21529,-0.8555,0.01852,0.0046,2.1501,2.16
-0.30036,-0.73858,-0.00779,-0.01028,3.7699,3.85
-0.15969,-0.78427,0.04594,-0.11838,2.95,2.83
-0.30683,-0.8486,0.02262,-0.019,2.26,2.21
-0.16651,-0.94953,0.03759,-0.01954,0.552,0.532
-0.21016,-0.95667,0.02054,-0.00955,0.2389,0.2386
-0.14088,-0.14088,0.07256,-0.07174,0.1951,0.1902
-0.41673,-0.41673,0.1283,0.23812,1.27,1.1699
-0.22128,-0.43759,0.01528,0.00538,0.9278,0.916
-0.3458,-0.62969,0.0991,-0.05968,0.5758,0.5641
-0.29895,-0.7516,0.01839,0.0,0.39,0.4024
-0.31731,-0.69321,0.02941,0.02616,0.5171,0.51
-0.16,-0.74074,0.0244,-0.02429,0.4138,0.4098
-0.23139,-0.23139,0.02063,-0.03053,9.4,9.21
-0.12707,-0.31634,0.00256,-0.07692,7.82,7.8
-0.1502,-0.47816,-0.00111,-0.02062,6.27,6.317
-0.20309,-0.20414,0.01593,-0.02604,17.72,17.58
-0.30743,-0.49537,0.00287,-0.01623,6.971,6.97
-0.15806,-0.24077,0.00031,-0.00516,16.38,16.375
-0.14222,-0.35667,0.00265,-0.02073,1.895,1.89
-0.16825,-0.35,0.0,0.0057,1.765,1.765
-0.23154,-0.40888,0.02011,-0.03914,0.9792,0.9599
-0.16,-0.2446,-0.00962,-0.00952,1.03,1.04
-0.33981,-0.51079,0.01913,-0.06206,0.65,0.6378
-0.26,-0.70719,-0.00583,0.01081,0.409,0.4114
-0.15568,-0.20217,0.01024,-0.00566,8.88,8.79
-0.29591,-0.47122,0.00098,0.10925,10.21,10.2
-0.17826,-0.51754,0.00484,-0.0143,8.0601,8.27
-0.16968,-0.60322,0.00079,-0.08478,6.32,6.315
-0.13909,-0.57165,-0.02134,0.00194,6.88,7.03
-0.14773,-0.68385,-0.01758,-0.00821,4.75,4.835
-0.177,-0.45133,0.00122,-0.00243,4.11,4.105
-0.15995,-0.45124,0.0,-0.00423,3.53,3.53
-0.14867,-0.3489,0.00335,-0.0093,14.97,14.92
-0.27278,-0.2864,0.05019,0.00381,12.45,11.855
-0.22426,-0.47644,0.00477,-0.03289,8.42,8.38
-0.18931,-0.45921,0.04991,-0.02626,9.15,8.715
-0.39595,-0.68429,0.01938,0.01722,5.418,5.315
-0.15945,-0.70695,0.01455,0.00598,4.95,4.879
-0.25322,-0.54391,0.00139,0.03305,3.5999,3.595
-0.31529,-0.42717,0.00629,-0.01649,2.85,2.862
-0.16465,-0.16465,0.01968,0.01085,2.85,2.795
-0.16069,-0.265,0.00288,0.01166,5.22,5.205
-0.32625,-0.57922,0.00179,-0.02277,5.5659,5.58
-0.14523,-0.69639,0.04682,-0.0182,4.2344,4.045
-0.41136,-0.58023,0.00569,-0.00193,2.5606,2.585
-0.95452,-0.95667,0.08696,0.15385,3.345,3.45
-0.25903,-0.90341,0.0549,0.01125,6.38,6.74
-0.26771,-0.93558,0.03667,0.01237,4.55,4.5
-0.24084,-0.93993,0.02367,0.0193,4.3,4.225
-0.17689,-0.94167,0.02247,-0.00497,4.01,4.005
-0.23929,-0.9537,0.00952,-0.01408,3.145,3.15
-0.19206,-0.96312,0.00408,-0.03733,2.455,2.45
-0.15179,-0.96846,-0.00478,-0.01832,2.08,2.09
-0.20885,-0.36506,0.0094,-0.00268,4.49,4.458
-0.33081,-0.62358,-0.0037,0.01887,2.69,2.7
-0.19878,-0.53628,-0.00755,0.01145,2.63,2.65
-0.23677,-0.51504,-0.06705,0.08759,2.7802,2.98
-0.17298,-0.17298,0.02669,-0.02988,4.98,4.87
-0.28261,-0.51071,0.00304,0.00673,2.9991,2.99
-0.13882,-0.39703,0.0,-0.01639,3.6,3.6
-0.13333,-0.486,-0.00829,-0.03365,2.98,3.015
-0.25955,-0.48766,0.00019,-0.00338,3.07,3.0994
-0.23021,-0.30762,0.00736,-0.01949,12.31,12.22
-0.40729,-0.56667,0.01283,-1e-05,7.83,7.7999
-0.13751,-0.62482,0.02896,-0.02862,6.75,6.56
-0.19495,-0.22388,0.09204,-0.02493,14.48,13.69
-0.55889,-0.66667,0.02306,-0.02902,5.95,5.855
-0.24915,-0.75594,0.02975,-0.01019,4.3111,4.37
-0.24074,-0.57877,-0.00426,-0.04472,18.56,18.8
-0.58873,-0.66494,0.11111,0.0298,18.72,17.28
-0.34286,-0.77955,0.05254,0.01721,11.16,11.23
-0.19844,-0.79513,0.03307,0.00195,10.28,10.28
-0.2503,-0.9018,-0.00061,0.00041,4.917,4.92
-0.27214,-0.94419,0.01337,0.01682,2.822,2.842
-0.08067,-0.7499,0.0,-0.09273,1.86,1.86
-0.13654,-0.22912,0.00152,-0.03514,3.3,3.295
-0.13389,-0.13389,0.0596,-0.02905,5.89,5.5587
-0.83167,-0.84644,0.07389,0.0,1.05,1.015
-0.43443,-0.48819,0.02535,-0.00912,0.533,0.5325
-0.21935,-0.60581,0.04545,-0.04325,0.4039,0.396
-0.21082,-0.4096,0.06235,-0.02791,12.9,12.19
-0.30714,-0.57985,0.0139,-0.0167,8.694,8.775
-0.15106,-0.62535,0.02526,0.00093,7.56,7.56
-0.21347,-0.2443,0.00236,0.02292,8.5,8.48
-0.15533,-0.15782,0.00118,-0.00759,8.51,8.5
-0.25926,-0.34959,-0.03386,0.04583,4.85,5.02
-0.18644,-0.18644,-0.00363,-0.02348,6.855,6.88
-0.31408,-0.57918,0.0,-0.00526,1.89,1.89
-0.21053,-0.701,0.00375,-0.01111,1.32,1.335
-0.14248,-0.34277,-0.01385,-0.01388,0.8756,0.8879
-0.22732,-0.68623,-0.0015,-0.0179,0.4,0.4006
-0.13343,-0.66777,-0.02009,-0.05896,0.3707,0.3783
-0.25359,-0.67698,0.01414,0.01895,0.3872,0.3818
-0.15221,-0.15221,0.00317,-0.01032,11.04,11.025
-0.24172,-0.27135,0.01734,0.03078,5.25,5.19
-0.12147,-0.26391,-0.00167,-0.03537,5.99,6.0
-0.19565,-0.3764,0.07377,0.0991,12.3,12.2
-0.21739,-0.29213,0.05263,-0.09524,11.4,11.4
-0.04545,-0.41011,0.01714,-0.13857,8.579,9.045
-0.30586,-0.66073,0.11051,-0.02302,6.552,5.9
-0.16286,-0.16286,0.02411,-0.04949,3.9,3.899
-0.31795,-0.31795,-0.00013,-0.00175,7.8,7.966
-0.27289,-0.27289,0.01961,-0.01211,2.04,2.04
-0.16125,-0.30104,0.05778,0.00596,3.55,3.375
-0.16575,-0.245,0.0132,-0.00662,1.51,1.5
-0.17378,-0.65094,0.0,-0.01215,12.71,13.01
-0.63022,-0.78684,0.08287,-0.03265,1.8,1.81
-0.18579,-0.83026,0.02013,0.0,1.52,1.49
-0.16096,-0.86045,0.00806,0.01224,1.23,1.24
-0.16034,-0.73895,0.01235,-0.18593,1.59,1.62
-0.58345,-0.71092,-0.0089,0.09772,3.0999,3.37
-0.375,-0.81638,0.10811,-0.05128,2.05,1.85
-0.29189,-0.87665,0.02222,0.03053,1.37,1.35
-0.19658,-0.91149,0.01546,0.03191,0.95,0.97
-0.22018,-0.91996,0.01412,0.0,0.862,0.85
-0.26865,-0.95014,0.07075,0.00094,0.5071,0.53
-0.19203,-0.96375,0.07375,-0.01039,0.4091,0.381
-0.16352,-0.96999,0.0016,-0.01945,0.313,0.3125
-0.18552,-0.20354,0.01105,0.00556,1.83,1.81
-0.19807,-0.26549,0.03303,0.00301,1.69,1.665
-0.49455,-0.57238,0.0,0.05249,14.89,15.14
-0.20398,-0.65003,0.00406,-0.00645,12.38,12.33
-0.16624,-0.25436,0.0011,-0.00451,4.57,4.565
-0.20059,-0.64863,0.00375,-0.00996,13.37,13.32
-0.33525,-0.43717,0.00133,0.00133,15.09,15.07
-0.174,-0.27689,0.0,-0.00865,14.27,14.33
-0.0747,-0.68515,0.0123,-0.10459,2.47,2.44
-0.25805,-0.34811,-0.00105,0.02195,19.06,19.08
-0.16919,-0.22566,-0.0015,-0.01479,19.95,19.98
-0.17581,-0.42662,0.00426,0.01174,12.93,12.925
-0.22156,-0.24751,0.05699,-0.01353,11.42,11.58
-0.42245,-0.69256,0.02885,0.04087,12.48,12.48
-0.23546,-0.74178,0.1186,-0.04851,9.959,8.904
-0.14606,-0.18217,0.01382,-0.01832,7.7,7.595
-0.16345,-0.16345,1e-05,0.0151,11.4301,11.43
-0.15665,-0.43284,0.0,-0.02219,5.57,5.69
-0.37083,-0.65107,0.01029,0.01816,3.63,3.645
-0.36396,-0.49717,0.0,0.02814,2.7204,2.74
-0.21739,-0.21739,0.00904,-0.00284,1.63,1.6154
-0.21233,-0.40104,0.02655,-0.01739,1.16,1.13
-0.38925,-0.38925,0.07309,-0.02409,3.0,3.01
-0.22156,-0.61078,-0.00662,0.06862,1.38,1.3892
-0.16735,-0.31544,0.02443,-0.0049,2.0,2.03
-0.39552,-0.48571,0.14504,0.02709,2.6199,2.62
-0.13936,-0.24947,0.00293,-0.03125,3.42,3.41
-0.17836,-0.40085,0.02977,0.01601,2.94,2.855
-0.17378,-0.59309,0.01145,-0.03321,1.3001,1.31
-0.84346,-0.93889,0.07912,-0.01867,0.1867,0.1997
-0.2825,-0.95691,0.04118,0.01533,0.1428,0.1457
-0.19829,-0.34659,0.00239,-0.04414,11.9,12.56
-0.17087,-0.26632,0.02376,-0.01635,2.15,2.1001
-0.29402,-0.33742,0.03185,-0.02889,1.62,1.57
-0.14133,-0.44398,0.01504,-0.01968,1.35,1.33
-0.21319,-0.23796,0.00249,-0.02309,4.03,4.02
-0.16954,-0.16954,0.02809,-0.00511,2.0803,2.1399
-0.18327,-0.22642,0.00488,0.0,2.06,2.05
-0.60575,-0.84462,0.00671,0.08601,6.806,7.45
-0.24627,-0.86699,0.04517,-0.05218,5.546,5.358
-0.16029,-0.89412,0.03266,0.00022,4.63,4.501
-0.21978,-0.91647,-0.00137,0.0262,3.638,3.643
-0.33462,-0.92057,0.043,-0.03207,2.839,2.837
-0.29787,-0.65278,0.01295,-0.05467,1.51,1.5598
-0.15108,-0.50628,0.01695,0.0,1.1601,1.18
-0.30244,-0.30244,0.02804,0.05424,2.12,2.14
-0.10927,-0.3266,0.02151,-0.05083,1.9,1.86
-0.44198,-0.79881,0.10792,-0.09135,3.375,3.382
-0.14141,-0.78344,0.01076,-0.02258,3.851,3.81
-0.16292,-0.3794,0.0241,-0.00896,1.651,1.66
-0.34114,-0.40608,0.00715,0.04679,1.67,1.678
-0.30025,-0.30025,0.04511,-0.0683,2.6514,2.66
-0.2427,-0.49142,-5e-05,0.04101,2.13,2.1601
-0.17033,-0.6299,0.09459,-0.01987,1.6,1.48
-0.20446,-0.60045,0.00862,0.05488,0.9396,0.9399
-0.15612,-0.61722,0.0,0.00012,0.8001,0.8001
-0.3672,-0.75541,0.00038,0.03733,0.5001,0.5252
-0.20468,-0.79557,0.01786,-0.01518,0.3961,0.4087
-0.25629,-0.35734,0.01732,-0.02326,2.27,2.31
-0.14898,-0.45655,0.01523,-0.01495,1.97,1.97
-0.25477,-0.3977,0.00657,-0.00436,18.32,18.26
-0.24106,-0.28476,0.00499,-0.03476,2.11,2.805
-0.40392,-0.58848,0.02703,-0.00419,1.665,1.665
-0.17905,-0.57012,0.01401,-0.00243,1.658,1.642
-0.1916,-0.62661,0.00107,0.00362,0.7493,0.7491
-0.175,-0.58588,0.03566,-0.01424,0.5571,0.5609
-0.15265,-0.55911,0.0,-0.00177,0.169,0.169
0.03744,-0.23223,-0.01275,0.00522,0.2015,0.2117
-0.20857,-0.35053,0.01936,-0.00542,0.1683,0.1653
-0.20944,-0.27879,0.02907,-0.02463,0.134,0.1307
-0.16926,-0.21632,0.00656,-0.00411,11.05,11.02
-0.36005,-0.37386,-0.01724,0.05263,0.57,0.58
-0.03187,-0.13079,0.01481,-0.15361,2.65,2.7
-0.26331,-0.50595,0.00395,0.01606,1.26,1.265
-0.22989,-0.24351,-0.00933,0.00234,6.25,6.43
-0.15407,-0.20828,0.00644,-0.00162,3.91,3.885
-0.15238,-0.40067,0.0,-0.00562,1.77,1.77
-0.28163,-0.34528,0.01015,0.02935,10.21,10.345
-0.18155,-0.18155,0.0,-0.00467,13.205,13.205
-0.15934,-0.34052,0.0,-0.03007,9.62,9.646
-0.21176,-0.2519,0.05804,-0.00885,7.15,7.615
-0.38816,-0.42236,-0.01314,-0.01828,8.9,9.13
-0.41338,-0.41338,0.00957,0.05592,4.44,4.3979
-0.18652,-0.49358,0.02915,-0.04606,3.53,3.43
-0.26434,-0.63942,-0.00195,0.00191,2.56,2.565
-0.18235,-0.60845,0.03237,0.0,2.87,2.78
-0.05063,-0.6831,0.04592,-0.12889,2.05,1.96
-0.16667,-0.16667,-0.00404,-0.02817,3.92,3.9359
-0.22462,-0.22462,0.06827,-0.0119,2.4,2.49
-0.2251,-0.40154,0.0579,-0.01342,1.8,1.9189
-0.52983,-0.83074,0.05322,0.29467,0.7489,0.7122
-0.22553,-0.81889,0.04115,0.02803,0.613,0.6051
-0.16134,-0.84646,0.0012,0.0008,0.5,0.4994
-0.1334,-0.86108,-0.02766,0.04097,0.438,0.47
-0.193,-0.8936,0.00029,0.00636,0.3402,0.348
-0.28889,-0.34247,0.02995,-0.00885,19.4,19.03
-0.21628,-0.3131,0.01625,0.00155,13.13,12.92
-0.48697,-0.50208,0.02141,-0.0328,3.34,3.27
-0.43729,-0.7982,0.02971,-0.01482,1.38,1.3499
-0.20433,-0.41519,0.0,-0.00906,1.64,1.64
-0.21554,-0.21554,0.01212,0.05431,3.17,3.3
-0.2701,-0.2701,0.01061,0.03509,3.78,3.77
-0.23491,-0.41583,0.01718,-0.00172,2.89,2.91
-0.30889,-0.30889,0.03662,-0.02927,19.0,18.57
-0.16905,-0.32876,0.07005,0.00948,19.76,18.7562
-0.14514,-0.30635,0.05766,-0.02448,19.81,18.73
-0.20203,-0.46062,0.00469,0.00666,14.93,15.0295
-0.2602,-0.60043,0.03028,0.04521,11.67,11.56
-0.19043,-0.67594,0.02732,0.02007,9.35,9.15
-0.38348,-0.79642,0.05202,-0.07897,5.35,5.19
-0.26825,-0.85513,0.02353,-0.0303,3.89,3.8885
-0.15476,-0.92305,0.02138,-0.01174,2.105,2.105
-0.29369,-0.88816,0.01031,0.0,1.41,1.455
-0.15222,-0.15222,0.01898,-0.00927,18.6142,18.705
-0.15923,-0.15923,0.00734,0.00975,3.1299,3.1072
-0.16667,-0.31393,0.04962,0.00758,3.36,3.325
-0.19405,-0.65389,0.0,-0.00443,3.36,3.37
-0.16148,-0.27675,0.00168,0.00251,5.84,5.96
-0.2352,-0.49733,0.0043,-0.01273,9.3011,9.31
-0.14487,-0.42865,0.0,-0.03969,4.96,4.96
-0.46581,-0.46581,0.0,-0.00848,8.84,8.84
-0.16516,-0.55782,0.0249,-0.02033,7.09,7.23
-0.2247,-0.65578,0.00874,-0.00435,5.71,5.72
-0.19075,-0.32692,0.0,-0.00714,8.34,8.34
-0.20004,-0.63227,-0.00873,0.00443,2.26,2.29
-0.25319,-0.5383,0.06406,-0.04317,0.6909,0.6494
-0.28442,-0.33958,0.00666,0.06546,6.8,6.755
-0.16062,-0.40937,0.00181,-0.02822,5.52,5.51
-0.25452,-0.50784,-0.00189,0.01052,15.75,15.85
-0.44317,-0.47311,0.00214,0.06995,9.14,9.33
-0.13406,-0.22553,0.00939,-0.0316,2.15,2.13
-0.1444,-0.24522,0.0,-0.0211,2.32,2.32
-0.20698,-0.29545,0.00588,-0.00293,1.71,1.7
-0.2443,-0.52066,0.03448,0.0,1.2,1.16
-0.06888,-0.06888,-0.02632,-0.0645,2.96,3.04
-0.12652,-0.29975,-0.024,-0.00275,2.44,2.5
-0.11969,-0.16004,0.0,-0.03765,1.94,1.94
-0.16179,-0.39579,0.01499,0.01234,1.49,1.468
-0.62871,-0.87562,0.02275,0.04333,8.0,7.825
-0.18539,-0.82202,0.01613,-0.02146,6.3,6.2
-0.20966,-0.44235,0.00133,-0.01951,7.55,7.54
-0.5554,-0.64793,0.01852,0.00103,4.86,4.86
-0.24198,-0.3355,0.00166,-0.01792,3.02,3.015
-0.4088,-0.76099,-0.15556,-0.08432,0.2221,0.2867
-0.313,-0.4978,0.04486,0.00032,13.72,13.82
-0.17881,-0.40717,0.0,-0.00538,7.4,7.4
-0.19185,-0.79621,0.01667,-0.04408,1.76,1.8
-0.11047,-0.694,0.57944,-0.30065,1.38,1.07
-0.33947,-0.33947,0.0,0.01992,4.84,5.12
-0.23402,-0.23402,0.00455,-0.09577,7.3,7.695
-0.13313,-0.48347,-0.01095,-0.04508,5.42,5.48
-0.21923,-0.37806,-0.01143,0.01305,6.85,7.0
-0.15855,-0.59859,0.01991,-0.04254,4.22,4.27
-0.23946,-0.28873,0.02325,-0.12277,4.42,4.43
-0.26634,-0.6838,-0.01295,-0.00267,2.21,2.239
-0.22559,-0.5326,0.00611,0.05697,1.67,1.6698
-0.17229,-0.28762,-0.032,-0.00046,0.8409,0.8687
-0.31707,-0.31707,0.0761,-0.07071,0.14,0.1301
-0.18644,-0.73259,-0.00051,0.01854,0.942,0.9778
-0.11943,-0.76704,0.02257,-0.07704,0.661,0.6601
-0.2782,-0.68106,-0.00021,0.00021,0.96,0.9602
-0.16667,-0.73333,0.01887,-0.0065,0.7696,0.7948
-0.17182,-0.64376,0.01459,-0.02308,6.886,6.856
-0.38764,-0.7733,0.00137,-0.00091,4.4,4.394
-0.18696,-0.18696,0.0,-0.02358,8.116,8.28
-0.15056,-0.28816,0.0022,-0.00438,2.28,2.275
-0.22609,-0.45175,0.00749,0.0,2.6886,2.67
-0.15516,-0.26039,0.00234,-0.01121,2.0501,2.055
-0.3549,-0.36386,0.01391,0.00777,2.34,2.3079
-0.19828,-0.53388,0.00094,0.00535,15.96,15.975
-0.54286,-0.60615,0.02564,0.01562,0.78,0.78
-0.15134,-0.6601,0.0,-0.00422,0.66,0.66
-0.31283,-0.60356,0.02942,0.04293,0.852,0.86
-0.14734,-0.45367,0.01603,-0.00776,0.4993,0.499
-0.5493,-0.5493,-0.05556,0.02418,0.34,0.36
-0.17052,-0.27157,0.00348,0.0,1.44,1.435
-0.20812,-0.49722,0.01877,-0.01868,7.46,7.46
-0.17895,-0.17895,0.0007,-0.02742,2.812,2.838
-0.16952,-0.34384,0.0,0.01758,2.333,2.373
-0.12699,-0.15661,0.00606,-0.03611,2.8,2.803
-0.17329,-0.54105,0.01144,0.00347,3.758,3.758
-0.28523,-0.28523,0.00026,-0.08005,7.511,7.838
-0.14523,-0.60646,0.02609,-0.01151,4.592,4.637
-0.14718,-0.41619,0.03776,-0.00302,6.951,6.938
-0.28686,-0.58851,0.16521,-0.02018,4.834,4.806
-0.1691,-0.66527,0.07882,0.01754,4.38,4.06
-0.18161,-0.39513,-0.00271,0.02497,7.37,7.39
-0.2198,-0.51761,-0.00356,-0.02263,5.6,5.62
-0.20192,-0.51258,-0.02582,0.0,5.66,5.81
-0.22651,-0.63647,0.01208,0.03115,3.35,3.31
-0.16486,-0.39766,0.0132,-0.01942,3.07,3.03
-0.22642,-0.78811,0.0,-0.00012,0.8,0.8199
-0.20486,-0.83442,0.07964,-0.06047,0.6437,0.60205
-0.23462,-0.83798,0.02862,-0.02472,0.6165,0.6115
-0.51045,-0.61526,0.00685,0.02839,1.4405,1.46
-0.12904,-0.15532,-0.00194,-0.07713,3.61,3.617
-0.13776,-0.13776,0.00201,-0.01972,4.98,4.97
-0.21645,-0.55087,0.11345,0.02215,1.87,1.8501
-0.37211,-0.44794,0.0104,0.00925,17.3,17.3
-0.16301,-0.37139,0.0462,3e-05,3.1,3.03
-0.20236,-0.24747,0.01982,0.01611,3.82,3.785
-0.17472,-0.17472,0.00471,-0.01089,7.2702,7.265
-0.17137,-0.48106,0.04945,0.01547,2.15,2.0868
-0.15926,-0.53087,0.02998,0.00778,0.56,0.5437
-0.23525,-0.26256,0.01626,-0.00718,1.25,1.23
-0.19168,-0.19168,0.0,-0.00417,0.73,0.7647
-0.16825,-0.27398,0.00035,0.0035,0.86,0.8597
-0.02778,-0.39655,0.33197,-0.19571,0.69,0.563
-0.05928,-0.1913,-0.01804,-0.12398,0.8,0.8147
-0.62723,-0.67489,0.0443,-0.03301,14.25,13.77
-0.3798,-0.81542,0.08011,-0.03386,6.46,5.992
-0.38659,-0.86607,-0.00112,-0.01,4.42,4.455
-0.08211,-0.87024,0.0175,-0.08257,4.07,4.0
-0.15574,-0.84673,0.01744,0.00194,5.25,5.16
-0.18762,-0.875,0.00463,0.02857,4.11,4.32
-0.16946,-0.603,0.00203,-0.00957,1.97,1.966
-0.35055,-0.43691,-0.01412,0.0241,4.19,4.25
-0.17767,-0.54522,0.00574,0.0,5.26,5.23
-0.11815,-0.88271,0.01083,-0.05321,14.93,14.77
-0.15173,-0.93842,0.0,-0.00611,8.14,8.14
-0.14087,-0.62543,-0.00285,-0.02725,4.2,4.212
-0.14921,-0.76817,-0.00225,-0.00522,2.66,2.666
-0.18776,-0.82785,0.0049,0.02513,2.04,2.04
-0.21561,-0.80038,0.0,0.00474,2.12,2.12
-0.14938,-0.73785,-0.00246,-0.00732,2.03,2.035
-0.18135,-0.56111,0.01967,-0.03481,3.11,3.05
-0.16692,-0.56528,-0.00227,0.00639,2.2,2.205
-0.04688,-0.71362,0.00833,-0.01639,1.1695,1.2
-0.28959,-0.78302,0.10643,0.00036,0.295,0.28
-0.21728,-0.21728,0.0268,0.0244,3.792,3.694
-0.43088,-0.43088,0.02711,0.04732,6.4394,6.64
-0.18377,-0.55745,0.00394,0.0284,5.09,5.07
-0.23183,-0.64901,0.00251,0.0179,3.99,3.98
-0.22474,-0.5386,-0.00196,-0.00584,5.1,5.11
-0.21979,-0.21979,0.02457,-0.04554,0.3586,0.35
-0.23077,-0.52897,0.00171,-0.025,0.293,0.2925
-0.56929,-0.88974,0.03264,-0.03864,9.296,9.006
-0.33884,-0.92938,0.09581,-0.092,5.7,5.448
-0.07193,-0.9435,0.07121,-0.18667,4.022,3.904
-0.15755,-0.9387,-0.00719,0.01536,5.25,5.288
-0.25986,-0.95605,0.01291,-0.00455,3.75,3.717
-0.35852,-0.9069,0.0049,0.03168,8.02,8.16
-0.15857,-0.88536,0.00267,-0.00199,8.26,8.238
-0.22574,-0.77201,3e-05,-0.02049,3.83,3.8299
-0.25495,-0.81234,0.0102,-0.02326,2.97,2.94
-0.208,-0.84019,0.01042,-0.0303,1.92,1.92
-0.16102,-0.23256,0.00084,-0.03747,0.9537,0.9529
-0.24,-0.24,0.03636,-0.03509,1.07,1.1
-0.16955,-0.391,0.0,-0.01631,0.8984,0.8986
-0.25832,-0.40534,0.00106,0.00748,4.72,4.715
-0.33944,-0.40858,-0.0092,0.00107,4.6518,4.695
-0.16797,-0.48798,0.0,-0.01408,2.1,2.1
-0.15449,-0.5348,0.00908,0.00177,20.0,19.82
-0.12754,-0.53597,0.00366,-0.03218,19.17,19.1
-0.20651,-0.60774,0.00601,0.01378,15.9,15.815
-0.41254,-0.54749,0.0084,0.01647,8.3309,8.33
-0.27397,-0.79015,0.03158,-0.04491,14.44,14.25
-0.3759,-0.61022,0.03911,-0.06289,9.0915,8.9307
-0.14271,-0.47282,0.0101,-0.01615,7.9352,7.92
-0.20555,-0.58743,0.02415,-0.01429,6.16,6.21
-0.11164,-0.62999,0.0283,-0.06195,5.32,5.3
-0.18664,-0.49771,0.01649,-0.00587,7.7507,7.625
-0.25913,-0.59727,0.00401,0.00486,6.81,6.7828
-0.63501,-0.63865,0.01996,-0.00551,9.09,9.02
-0.16492,-0.22853,-0.0009,0.00269,5.58,5.585
-0.14607,-0.54309,0.00224,-0.01974,2.23,2.235
-0.33221,-0.70098,0.08603,0.00503,0.62,0.58
-0.13696,-0.7106,0.01549,-0.06476,0.459,0.452
-0.16603,-0.71242,0.0,-0.01045,0.4354,0.4354
-0.13683,-0.29846,-0.00283,-0.02006,0.458,0.4593
-0.19659,-0.24024,0.08324,-0.02011,9.5,8.77
-0.19962,-0.44195,0.00234,0.00946,4.28,4.27
-0.29501,-0.43727,0.0202,0.00202,7.07,6.93
-0.21156,-0.33333,-0.01184,0.01198,6.0,6.0719
-0.27666,-0.27666,0.03501,-0.11227,11.13,10.9098
-0.19056,-0.47499,0.01257,-0.01906,8.59,8.75
-0.19375,-0.37073,-0.02819,0.07687,8.1,8.335
-0.18344,-0.40285,-0.00483,7e-05,7.31,7.3455
-0.185,-0.60244,0.01429,2e-05,4.96,4.8901
-0.21306,-0.672,0.00256,-0.00082,3.91,3.9
-0.24552,-0.7521,0.01376,-0.01692,2.91,2.9001
-0.43814,-0.86261,0.01807,0.01529,1.69,1.66
-0.08219,-0.08219,-0.07692,-0.02985,1.2,1.3
-0.27313,-0.27313,0.00613,-0.01212,1.62,1.63
-0.21111,-0.37445,0.00352,0.0,1.425,1.42
-0.44603,-0.50216,0.04059,0.19901,1.29,1.355
-0.23704,-0.54626,0.00839,-0.02757,0.9999,1.0016
-0.125,-0.46035,0.01686,-0.03665,1.2,1.1801
-0.13675,-0.55507,0.00448,-0.04941,0.9311,0.9601
-0.333,-0.42829,0.10445,0.0,0.221,0.2001
-0.64126,-0.70909,-0.06667,-0.0625,0.14,0.15
-0.17241,-0.56364,0.0,0.0,0.24,0.24
-0.35167,-0.47273,-0.09375,0.10345,0.29,0.32
-0.22475,-0.57003,0.02055,-0.04886,14.4,14.6
-0.13889,-0.60383,0.14783,-0.07258,12.2,11.5
-0.15053,-0.62156,-0.0019,-0.00877,7.9,7.915
-0.13987,-0.69427,-0.02045,-0.01473,6.161,6.356
-0.28485,-0.44076,0.05263,0.04661,12.9,12.35
-0.10169,-0.49763,0.01961,-0.03774,10.3,10.2
-0.15702,-0.48485,0.0,-0.0098,10.0,10.1
-0.27525,-0.6303,-0.00075,-0.08402,6.67,6.705
-0.14782,-0.78803,0.05,-0.04694,4.2,4.0
-0.16815,-0.85884,0.01786,0.00179,2.799,2.8
-0.26837,-0.76813,0.05932,-0.07471,4.45,4.248
-0.05072,-0.80152,0.03133,-0.11069,3.46,3.495
-0.27612,-0.90202,-0.00077,0.0,1.9385,1.94
-0.17667,-0.70909,0.04071,-0.18125,3.9,3.93
-0.18362,-0.75154,0.02484,0.00619,1.58,1.61
-0.33226,-0.39562,0.03571,0.01449,16.8,16.8
-0.59133,-0.59133,0.02703,-0.03426,11.84,11.84
-0.15932,-0.66933,-0.008,0.00806,9.6,10.0
-0.21543,-0.34444,0.0137,-0.01017,5.92,5.84
-0.21542,-0.65776,0.01015,-0.00756,1.99,1.97
-0.51536,-0.73208,0.01408,0.0,1.4,1.42
-0.1875,-0.77925,0.03448,-0.00855,1.12,1.16
-0.12069,-0.75943,-0.00252,-0.03529,1.2269,1.23
-0.12414,-0.76038,0.00405,-0.02756,1.23,1.235
-0.27295,-0.40922,0.0,-0.01383,18.9,18.9
-0.19654,-0.64954,0.0096,0.008,11.55,11.46
-0.29072,-0.71038,0.00323,0.02198,9.26,9.3
-0.41963,-0.59689,0.00701,0.00351,10.0,10.0
-0.21112,-0.41879,0.01758,-0.04381,16.4339,16.15
-0.24545,-0.501,0.01188,0.00201,10.0986,9.98
-0.15366,-0.34919,0.0,-0.00754,17.11,17.11
-0.15261,-0.60274,0.0099,-0.04265,2.0,2.02
-0.17143,-0.5632,0.02183,-0.01293,2.34,2.29
-0.17566,-0.36282,0.0,0.0221,11.351,11.56
-0.19028,-0.22962,0.0,0.00102,4.86,4.92
-0.17437,-0.31053,0.0,0.00763,9.82,9.9
-0.2933,-0.39991,0.0198,-0.01864,6.26,6.2071
-0.18067,-0.21791,0.0146,-0.06325,2.78,2.74
-0.15128,-0.17662,0.02012,-0.01813,1.6577,1.625
-0.14138,-0.74141,-0.01743,-0.00679,2.43,2.4731
-0.17088,-0.79334,0.04326,-0.01251,2.05,1.965
-0.14289,-0.82464,0.06587,-0.01096,1.78,1.67
-0.09096,-0.81308,0.08327,-0.06661,1.69,1.68
-0.17021,-0.87684,0.0042,0.01709,1.195,1.19
-0.19819,-0.88146,0.06122,0.05365,1.04,0.98
-0.16602,-0.16602,0.01395,-0.00463,2.15,2.15
-0.24324,-0.35135,0.01227,-0.02976,1.6,1.63
-0.17246,-0.17878,0.02588,-0.01236,2.18,2.125
-0.17555,-0.3954,0.00196,-0.02852,2.56,2.555
-0.16109,-0.59308,-0.00282,0.00277,1.74,1.775
-0.1156,-0.1156,-0.00328,-0.03937,3.04,3.05
-0.35714,-0.62993,0.01382,-0.03556,1.1,1.085
-0.17164,-0.26,-0.00595,0.00901,1.67,1.68
-0.15493,-0.52,0.01247,-0.00417,1.2,1.195
-0.34286,-0.35302,-0.15105,0.00022,0.3906,0.4601
-0.39936,-0.39936,0.04795,-0.01298,13.55,12.93
-0.40347,-0.7005,0.03516,-0.00735,6.712,6.484
-0.18868,-0.81862,0.0,0.02629,3.992,4.06
-0.15085,-0.83586,0.00847,-0.01117,3.5001,3.54
-0.21905,-0.21905,0.03206,0.01251,4.1,4.1513
-0.11987,-0.62041,0.03383,-0.04659,2.75,2.66
-0.16806,-0.66939,0.00417,-0.01235,2.41,2.4
-0.11009,-0.73605,0.01648,-0.06186,1.85,1.82
-0.31692,-0.40651,0.0,-0.03135,6.17,6.18
-0.2858,-0.36289,0.00887,-0.02506,5.64,5.64
-0.14967,-0.24096,0.0,-0.01153,6.35,6.43
-0.14056,-0.28296,0.00082,-0.01302,6.01,6.065
-0.22057,-0.41081,0.00236,0.0013,4.24,4.23
-0.21329,-0.24497,0.00583,0.0163,3.45,3.43
-0.19487,-0.62047,0.0,-0.01486,4.63,4.64
-0.15841,-0.68533,0.00903,-0.00768,3.9001,3.875
-0.13,-0.53662,-0.00299,-0.03736,1.67,1.675
-0.34655,-0.34655,0.01053,0.00264,1.92,1.9
-0.32022,-0.32022,0.00266,0.01653,1.83,1.845
-0.18235,-0.31527,0.00348,0.03237,1.42,1.435
-0.34938,-0.77838,0.05116,-0.0226,14.76,14.27
-0.20499,-0.80161,0.00935,-0.0176,12.96,12.84
-0.2563,-0.36407,0.01209,0.0904,5.8273,5.79
-0.14607,-0.45389,0.02517,-0.04167,4.48,4.37
-0.22159,-0.6132,0.01929,-0.00254,14.0,13.735
-0.13819,-0.13819,0.00305,-0.01301,4.88,4.925
-0.15,-0.38342,-0.0028,0.0,3.56,3.57
-0.17892,-0.28112,0.01379,-0.02027,2.352,2.32
-0.25883,-0.58993,0.0003,-0.00562,3.36,3.36
-0.16279,-0.67568,0.01277,0.00083,3.467,3.603
-0.20519,-0.32789,0.02867,0.01984,3.832,3.907
-0.19002,-0.19002,0.01131,0.03469,4.997,5.041
-0.16498,-0.16498,0.00017,0.01334,5.847,5.847
-0.1549,-0.39204,0.04828,-0.00405,4.386,4.184
-0.18217,-0.69465,0.00948,0.0,2.13,2.11
-0.19194,-0.75326,0.01815,0.00809,1.75,1.7188
-0.18201,-0.32994,0.01845,-0.0056,3.8687,3.7986
-0.18875,-0.72302,0.02271,0.0086,17.9997,17.6
-0.14381,-0.70623,0.02894,-0.07053,16.0,15.55
-0.16606,-0.67536,-0.00071,-0.01111,18.18,18.283
-0.19415,-0.62403,0.01458,-0.00363,8.35,8.23
-0.20089,-0.20089,0.1835,-0.06977,0.4734,0.4
-0.26745,-0.31946,-0.01526,-0.01557,0.35,0.3605
-0.16772,-0.55919,0.0059,0.0,0.2386,0.2372
-0.09601,-0.66562,0.00517,-0.0953,17.1102,17.42
-0.19623,-0.80012,0.00368,-0.05647,9.94,10.86
-0.21672,-0.86819,0.03125,0.01186,7.82,7.68
-0.1365,-0.79485,0.00701,-0.0189,5.75,5.71
-0.15284,-0.42731,-0.00091,-0.00091,5.505,5.51
-0.15899,-0.30902,-0.00181,0.00178,2.75,2.755
-0.14286,-0.14286,0.03292,-0.01573,4.57,4.4292
-0.26812,-0.26812,0.0,0.04878,0.215,0.215
-0.19768,-0.26026,0.02538,-0.01609,9.0,8.865
-0.1641,-0.38991,0.01467,0.0059,13.57,13.63
-0.28302,-0.60748,0.00605,-0.00602,7.872,7.932
-0.20027,-0.71323,0.04836,-0.00686,6.07,5.79
-0.19047,-0.19047,0.01353,0.01318,4.0,4.0354
-0.26418,-0.41972,0.03957,-0.02627,2.88,2.78
-0.37004,-0.64533,0.0028,0.02292,1.79,1.785
-0.18151,-0.28443,0.01695,-0.01255,1.19,1.18
-0.18333,-0.49718,0.03722,-0.0056,10.22,9.94
-0.18853,-0.28302,0.06397,0.02256,14.35,13.6
-0.18475,-0.25067,0.01971,-0.01439,13.81,13.7
-0.53484,-0.5581,0.07582,0.05172,20.65,19.52
-0.14176,-0.60071,0.02273,-0.08169,15.4,15.4
-0.23064,-0.77524,0.09569,0.01515,10.5,9.583
-0.17874,-0.71395,0.03286,0.0166,4.9,4.9
-0.336,-0.64717,0.02941,-0.02467,5.114,5.1
-0.21011,-0.72578,0.02389,0.00935,4.2,4.102
-0.24121,-0.79213,0.00625,0.03872,3.22,3.2
-0.16388,-0.83131,0.00415,-0.036,2.42,2.41
-0.15842,-0.37941,0.0,-0.05294,4.82,4.83
-0.2462,-0.27996,0.0,0.02228,12.1,12.16
-0.13072,-0.18156,-0.00624,-0.02918,9.72,9.781
-0.35616,-0.47943,0.03749,-0.05623,6.1998,6.21
-0.15593,-0.32703,-0.00203,-0.01004,2.46,2.465
-0.17526,-0.34192,0.00386,0.0196,1.3,1.295
-0.5775,-0.67114,0.03374,-0.02564,14.93,14.82
-0.20822,-0.73773,0.0,-0.03133,11.31,11.75
-0.244,-0.80941,0.00091,-0.00737,8.63,8.75
-0.26068,-0.86,0.00738,0.00386,6.175,6.5
-0.40538,-0.91643,0.00746,0.10944,4.125,4.288
-0.14577,-0.9312,0.04616,-0.08768,2.885,2.903
-0.18103,-0.94633,0.01193,-0.01179,2.307,2.347
-0.17156,-0.95961,0.01653,0.02138,1.803,1.815
-0.22319,-0.96519,0.03819,0.00319,1.273,1.257
-0.17661,-0.96352,0.06154,-0.01013,1.35,1.3
-0.18639,-0.23491,0.0,0.00475,10.5,10.57
-0.18132,-0.24408,-0.0015,-0.00671,6.65,6.66
-0.18164,-0.26663,0.14514,-0.00239,7.18,6.27
-0.32836,-0.34783,-0.00933,0.00769,5.75,5.895
-0.14633,-0.5185,0.00771,-0.00506,1.9595,1.945
-0.23448,-0.23448,-0.06178,-0.02432,10.1609,10.83
-0.21337,-0.82653,0.00755,0.03922,15.84,15.9
-0.1369,-0.86347,0.0,-0.02069,8.52,8.52
-0.02128,-0.75467,0.00566,-0.15154,9.36,9.367
-0.22254,-0.79434,-0.00364,0.0223,8.1,8.25
-0.17304,-0.20456,0.0076,-0.15976,5.3,5.26
-0.16535,-0.46125,-0.01405,0.00708,4.21,4.27
-0.15182,-0.29577,0.00606,-0.01,4.98,4.95
-0.1954,-0.1954,0.01949,-0.04714,3.26,3.335
-0.26424,-0.26424,0.01666,0.01937,12.05,12.0001
-0.18465,-0.3625,-0.01056,0.02157,10.1,10.42
-0.76075,-0.76075,0.03333,-0.03941,3.89,3.9
-0.2525,-0.82381,0.03333,0.00334,2.98,3.0
-0.14615,-0.86918,0.03241,-0.02703,2.23,2.16
-0.14667,-0.58222,0.02521,-0.01097,1.22,1.19
-0.22423,-0.66047,0.01241,0.08219,0.7998,0.79
-0.18799,-0.3418,0.00656,-0.01929,3.07,3.05
-0.17205,-0.67379,-0.01217,0.01838,4.87,4.93
-0.10457,-0.23206,0.00802,-0.04862,10.06,9.98
-0.40294,-0.46901,0.00066,0.02557,10.42,10.63
-0.16388,-0.21637,0.0,-0.00143,3.49,3.49
-0.29353,-0.54837,0.02027,-0.01355,7.7482,7.645
-0.25527,-0.33396,0.0,-0.00283,17.6,17.6
-0.15758,-0.31527,0.00725,-0.00719,13.9,13.8
-0.30734,-0.45496,-0.00746,0.00759,1.33,1.34
-0.26024,-0.26024,0.01715,-0.05208,2.89,2.9101
-0.0832,-0.23173,-0.08759,-0.00378,1.25,1.37
-0.15077,-0.15077,0.0,0.0,9.97,9.97
-0.13973,-0.21696,-0.063,0.04344,3.07,3.2764
-0.29195,-0.47382,-0.01415,0.00474,2.09,2.12
-0.12663,-0.52315,0.05161,-0.06593,1.58,1.55
-0.16444,-0.56194,-0.02206,0.00473,1.33,1.36
-0.26552,-0.43947,0.00518,0.05164,1.1258,1.12
-0.16216,-0.51053,0.01075,0.0,0.94,0.93
-0.25,-0.28649,-0.01149,-0.01136,1.29,1.305
-0.17018,-0.20428,0.0,-0.02733,2.26,2.26
-0.30308,-0.30308,0.10889,-0.01971,1.38,1.3527
-0.12183,-0.7232,0.00302,-0.04335,9.72,9.93
-0.19231,-0.74355,0.02789,-0.00397,7.44,7.53
-0.2326,-0.81619,0.05024,0.07642,3.491,3.324
-0.37821,-0.64469,0.01312,-0.01804,3.3773,3.81
-0.14019,-0.5711,-0.01944,-0.02174,3.4379,3.6
-0.1875,-0.71212,0.40233,-0.09636,3.04,2.232
-0.19196,-0.70994,0.01111,-0.00552,1.82,1.8
-0.14444,-0.75321,0.01852,-0.01818,1.53,1.512
-0.18881,-0.18881,0.00034,0.00136,14.5685,14.735
-0.34898,-0.70909,0.0,-0.00817,8.252,8.252
-0.41832,-0.83217,0.01754,0.02167,4.8,4.904
-0.19179,-0.82246,0.02929,0.00877,4.498,4.37
-0.12542,-0.8068,0.0057,-0.03182,4.552,4.564
-0.28012,-0.64551,0.06294,-0.01515,2.872,2.86
-0.17249,-0.56055,0.0282,-0.00205,17.5,17.02
-0.1671,-0.327,-0.0112,-0.02038,3.09,3.125
-0.17707,-0.17707,0.05038,0.01953,3.3,3.1798
-0.15004,-0.38776,0.02212,-0.00233,2.3648,2.315
-0.2124,-0.2124,0.00875,-0.01471,1.7198,1.715
-0.2028,-0.2028,-0.00877,0.0,1.11,1.14
-0.20802,-0.24545,0.05213,0.01687,2.0516,2.11
-0.17422,-0.21782,-0.00862,-0.0211,2.22,2.32
-0.14222,-0.14222,0.0,-0.01554,1.9,1.9
-0.16222,-0.16222,-0.00535,-0.00796,1.86,1.87
-0.16572,-0.4423,0.01127,0.00861,3.13,3.105
-0.17021,-0.27509,0.01508,0.02051,2.01,1.99
-0.15258,-0.16047,0.00278,-0.00277,1.7915,1.8
-0.23409,-0.31727,0.00617,-0.02752,3.16,3.24
-0.15905,-0.45717,0.00382,-0.01095,2.63,2.62
-0.32932,-0.32932,0.00723,-0.00518,2.0701,2.075
-0.26225,-0.26225,0.00959,-0.0436,4.1986,4.17
-0.14151,-0.14151,0.00372,-0.01465,1.35,1.345
-0.19118,-0.19118,0.01162,0.04848,1.7501,1.73
-0.31835,-0.33492,0.0701,-0.05522,13.22,12.41
-0.32312,-0.46329,0.00952,-0.00943,10.59,10.5
-0.21256,-0.66987,0.01254,-0.02301,6.4,6.37
-0.1932,-0.68177,0.00161,-0.02146,6.16,6.1501
-0.18486,-0.68922,0.00633,0.02965,6.36,6.32
-0.1944,-0.26232,0.0254,0.0,3.2299,3.1499
-0.3407,-0.45139,0.03647,-0.04045,0.7475,0.7212
-0.1966,-0.1966,0.05217,-0.02625,1.185,1.15
-0.12172,-0.12381,0.00552,-0.0163,1.77,1.81
-0.09416,-0.33571,0.0075,-0.02523,1.345,1.3598
-0.15359,-0.38333,0.04074,-0.05027,1.2495,1.2299
-0.35946,-0.58141,0.00713,-0.05943,10.54,10.525
-0.14648,-0.2387,0.01954,-0.0083,19.84,19.705
-0.25847,-0.41303,0.02473,0.01854,15.99,15.6041
-0.28511,-0.64119,0.00486,-0.01175,9.3,9.255
-0.18827,-0.31081,0.0,-0.0112,17.65,17.65
-0.2066,-0.57297,0.01306,0.00407,11.25,11.105
-0.20915,-0.5202,0.00063,0.04407,7.8993,7.935
-0.17693,-0.54566,0.02013,-0.02903,8.78,8.695
-0.1875,-0.40909,0.04615,0.0,1.7,1.625
-0.1456,-0.5795,0.00651,-0.01222,7.7243,7.68
-0.15995,-0.2286,0.02146,-0.01465,10.07,9.8584
-0.18037,-0.19866,0.00186,-0.00093,5.39,5.38
-0.25,-0.52982,-0.00325,0.00163,3.07,3.08
-0.24223,-0.35714,0.00172,-0.00342,2.92,2.915
-0.28761,-0.36111,0.02571,-0.00932,1.636,1.595
-0.15599,-0.23194,0.07578,0.00165,6.53,6.07
-0.20976,-0.73045,0.00592,0.04321,1.7,1.69
-0.21374,-0.81441,0.00499,-0.04602,0.9821,0.9826
-0.166,-0.42911,-0.0101,0.01126,0.956,0.9699
-0.19182,-0.5635,0.04012,-0.02498,0.3085,0.2966
-0.02253,-0.1108,-0.10243,-0.07539,0.2664,0.2968
-0.18815,-0.28289,0.03515,-0.00251,10.4,10.1145
-0.14855,-0.68027,-0.00429,-0.00851,2.3169,2.33
-0.1677,-0.1677,0.00985,0.01488,4.12,4.0798
-0.20793,-0.23684,0.03044,-0.01335,4.46,4.435
-0.61239,-0.61239,0.00763,-0.01237,9.11,9.18
-0.32767,-0.88449,0.00733,-0.01444,2.72,2.73
-0.16596,-0.54187,0.01171,-0.03816,0.6518,0.683
-0.27818,-0.45362,0.01799,-0.0312,0.5515,0.5558
-0.18063,-0.4035,0.00425,-0.01341,5.898,5.885
-0.1704,-0.22936,0.0,0.01622,1.88,1.88
-0.30735,-0.34575,0.02436,-0.00424,3.25,3.1727
-0.43487,-0.55167,0.02061,-0.0678,4.16,4.125
-0.29543,-0.32551,0.0,0.01582,6.42,6.42
-0.19741,-0.29091,-0.00188,0.00855,10.6,10.62
-0.41111,-0.41111,0.01923,-0.01887,14.9,15.6
-0.18966,-0.47778,0.00758,-0.06383,13.3,13.2
-0.31433,-0.75367,0.07973,-0.04962,6.825,6.321
-0.1798,-0.1798,0.01308,0.02001,11.62,11.47
-0.31038,-0.74381,0.07024,-0.01445,0.4594,0.457
-0.16701,-0.77569,0.0125,-0.01478,0.405,0.4
-0.15873,-0.80598,-0.00514,-0.02103,0.3288,0.3305
-0.29832,-0.84673,0.04009,0.12751,0.2601,0.2644
-0.13259,-0.16357,0.03084,-0.03074,5.8486,5.675
-0.15605,-0.15605,0.00108,-0.01594,9.25,9.26
-0.18851,-0.28252,0.02713,-0.00803,10.4366,10.505
-0.32975,-0.45375,-0.00137,-0.00092,2.18,2.183
-0.26022,-0.26022,0.01259,-0.00251,2.01,1.985
-0.16206,-0.16206,0.0033,0.00066,3.8025,3.79
-0.17378,-0.23359,-0.00126,0.00126,3.97,3.975
-0.1578,-0.35704,-0.00115,0.00746,8.67,8.68
-0.30016,-0.30016,0.00179,-6e-05,10.4387,10.42
-0.1833,-0.46138,0.00124,-0.00248,8.01,8.0001
-0.23596,-0.58899,-0.00811,0.0049,6.1001,6.15
-0.20774,-0.73875,0.0051,0.00771,3.84,3.92
-0.21333,-0.89144,0.01667,0.01695,9.52,9.6
-0.39623,-0.39623,0.02581,-0.03125,11.85,12.4
-0.04022,-0.5509,0.03509,-0.04212,8.72,9.12
-0.11333,-0.49811,0.02344,-0.03759,10.32,10.24
-0.19677,-0.8242,0.03194,-0.02549,3.6,3.632
-0.20896,-0.87617,0.02885,-0.01887,16.03,15.6
-0.2109,-0.4998,0.00319,0.0195,12.54,12.55
-0.29402,-0.63305,0.01756,-0.02309,6.4348,6.345
-0.33838,-0.44492,0.00723,0.0,3.94,3.93
-0.20188,-0.20188,0.0,0.0,1.7,1.7
-0.17447,-0.17447,0.00526,-0.02062,1.91,1.9
-0.14957,-0.46791,0.0,-0.00503,0.99,0.99
-0.15808,-0.55144,-0.00463,0.00501,0.8201,0.843
-0.14408,-0.61594,-0.01112,0.00181,0.7115,0.7195
-0.38259,-0.61369,0.03466,0.11815,0.7999,0.7732
-0.17727,-0.24489,-0.00194,-0.00483,15.42,15.45
-0.24411,-0.73033,0.02071,-0.04249,3.44,3.38
-0.16117,-0.66998,0.00233,-0.00463,4.31,4.3
-0.17086,-0.82391,0.04989,0.0,2.42,2.305
-0.20324,-0.50668,0.04608,-0.02032,2.27,2.17
-0.17104,-0.21423,0.00499,0.0227,3.99,4.01
-0.17471,-0.17471,0.02021,0.00075,5.3,5.195
-0.15828,-0.54769,0.02277,0.00351,2.87,2.855
-0.2013,-0.26786,0.00268,0.01084,1.85,1.865
-0.26271,-0.48214,0.02308,-0.00383,1.33,1.3
-0.52333,-0.71104,0.01354,0.05953,0.5752,0.5909
-0.32897,-0.75,0.01482,-0.00786,0.2944,0.2902
-0.34889,-0.76557,0.08077,0.0,0.19,0.1758
-0.07272,-0.27049,0.0,-0.10112,0.4,0.4
-0.19233,-0.43066,0.02447,0.01209,0.3601,0.3515
-0.36924,-0.74,0.0,-0.15154,0.1103,0.1103
-0.17457,-0.31317,0.00281,-0.03298,3.56,3.56
-0.33828,-0.47894,0.00019,-0.01724,1.0602,1.06
-0.18386,-0.37105,0.033,-0.01783,3.13,3.03
-0.19027,-0.62691,0.00532,0.02732,1.89,1.88
-0.16687,-0.53291,0.05033,-0.00266,2.3,2.285
-0.1083,-0.54927,0.00206,-0.05457,1.17,1.1676
-0.272,-0.31016,-0.00285,0.02584,1.71,1.755
-0.17537,-0.17537,0.03254,-0.01923,2.36,2.305
-0.16343,-0.16343,0.00858,-0.00828,3.0207,2.995
-0.13665,-0.13665,0.00376,-0.04317,1.32,1.33
-0.29031,-0.29031,0.00888,-0.02804,6.72,6.76
-0.22263,-0.30221,0.0006,-0.01643,8.385,8.38
-0.17979,-0.24986,0.01009,-0.00447,13.51,13.375
-0.72492,-0.79104,0.06679,-0.11346,6.45,6.243
-0.144,-0.84125,0.0099,-0.05607,4.975,5.05
-0.296,-0.90599,0.01463,0.05745,3.255,3.35
-0.2637,-0.44208,0.01245,0.00541,2.899,2.973
-0.2408,-0.28377,0.12912,-0.00843,3.987,3.764
-0.20116,-0.55717,0.0,0.00128,2.34,2.35
-0.16646,-0.16646,0.00521,-0.00607,6.57,6.545
-0.15587,-0.20873,0.0004,0.006,12.59,12.585
-0.19254,-0.28628,0.00244,0.01047,8.22,8.2
-0.16266,-0.61414,0.01595,-0.03091,4.46,4.39
-0.20999,-0.33986,-0.00762,0.01548,7.81,7.87
-0.11645,-0.42577,-0.06745,0.01164,6.36,6.82
-0.1463,-0.57751,-0.03755,0.02016,4.87,5.06
-0.23729,-0.6167,0.00208,0.06667,4.81,4.8
-0.14465,-0.14465,-0.00914,-0.01615,2.69,2.735
-0.17094,-0.34607,-0.01024,0.00687,2.9,2.93
-0.19037,-0.36184,0.0068,-0.03079,4.44,4.41
-0.1689,-0.18257,0.02381,0.01408,2.55,2.52
-0.15161,-0.57443,0.00781,-0.02662,1.28,1.28
-0.16092,-0.2878,0.01519,-0.00822,1.47,1.448
-0.17932,-0.63899,-0.00053,-0.0495,0.1792,0.1901
-0.28571,-0.3913,0.00214,0.0,14.0,14.0
-0.27817,-0.72,0.0,0.01901,3.538,3.538
-0.19776,-0.72323,0.02044,-0.00233,3.478,3.424
-0.2392,-0.29969,-0.01499,0.01965,4.56,4.67
-0.17279,-0.17279,0.01295,0.00783,3.72,3.86
-0.27052,-0.48164,0.01695,-0.01667,2.363,2.36
-0.13699,-0.64006,0.01827,-0.02626,5.721,5.748
-0.12789,-0.69689,0.00975,-0.07141,4.661,4.616
0.16674,-0.5995,-0.03052,-0.01364,3.7,5.57
-0.25635,-0.55117,0.05686,0.00387,3.01,3.113
-0.03608,-0.55913,-0.0212,0.00657,2.745,3.066
-0.23222,-0.44394,0.00272,0.0,1.83,1.835
-0.1441,-0.23557,0.01757,-0.01783,16.75,16.51
-0.17141,-0.3779,0.01329,-0.07299,12.72,12.6815
-0.17217,-0.40313,0.00105,-0.0042,9.49,9.48
-0.2568,-0.52006,0.01441,-0.04833,7.36,7.285
-0.14742,-0.17235,0.0017,-0.00883,11.78,11.78
-0.30318,-0.41532,0.0168,-0.00721,8.3797,8.26
-0.33509,-0.46732,0.0144,0.00792,7.73,7.64
-0.20694,-0.42784,0.00648,0.01533,4.51,4.63
-0.64873,-0.79872,0.01573,0.01155,6.9318,6.9999
-0.41096,-0.88743,0.0048,0.07752,4.1499,4.17
-0.2,-0.50345,-0.00699,-0.00694,1.42,1.43
-0.23392,-0.32124,0.0,0.08397,1.4,1.42
-0.19611,-0.49228,0.00511,0.03709,0.9004,0.9004
-0.24977,-0.49099,0.01127,-0.00399,0.396,0.3994
-0.26397,-0.3947,-0.00257,0.00129,0.218,0.2334
-0.21307,-0.401,0.00042,-0.00125,11.99,12.025
-0.15922,-0.33111,-0.00602,0.01163,9.08,9.135
-0.27234,-0.81271,-0.02041,0.00292,1.68,1.715
-0.13495,-0.72618,-0.00382,-0.036,2.4,2.41
-0.20699,-0.83844,0.00488,-0.02847,1.4236,1.433
-0.15873,-0.8839,-0.02885,-0.01887,1.01,1.04
-0.08193,-0.08193,0.00361,-0.08012,8.2503,8.31
-0.26797,-0.43089,0.01616,-0.00536,5.64,5.57
-0.17634,-0.4375,0.03252,-0.10388,5.0397,4.96
-0.15543,-0.70732,0.01053,-0.01042,2.8497,2.85
-0.27059,-0.87398,0.0495,-0.03226,1.22,1.2
-0.10585,-0.88823,0.06963,-0.09893,1.0009,0.991
-0.18571,-0.82622,0.0,-0.00585,1.63,1.7
-0.15775,-0.83994,0.01935,-0.01587,1.5501,1.55
-0.1875,-0.2481,-0.00101,0.00506,4.96,4.965
-0.27218,-0.45053,0.00548,0.01108,3.67,3.65
-0.18267,-0.18267,0.0,-0.00816,3.04,3.04
-0.5,-0.76891,0.01007,-0.03404,2.98,2.98
-0.13529,-0.25507,0.01382,-0.01587,2.161,2.17
-0.29176,-0.36145,0.02714,-0.00943,3.2355,3.15
-0.17254,-0.52811,-0.00413,0.02979,2.41,2.42
-0.17747,-0.31801,-0.00221,-0.01576,18.07,18.11
-0.32397,-0.49099,0.00902,-0.14692,11.0,11.09
-0.18336,-0.37328,-0.00039,0.03816,12.78,12.785
-0.16451,-0.21425,0.02214,-0.00298,17.0,16.71
-0.17612,-0.52,-0.00356,0.01812,2.8,2.81
-0.14921,-0.4547,0.0,-0.00308,1.62,1.62
-0.15536,-0.28979,0.01505,-0.01691,2.36,2.325
-0.32627,-0.52252,0.03175,-0.02528,1.57,1.5498
-0.16935,-0.16935,-0.00485,0.0,2.05,2.06
-0.22826,-0.29877,0.01449,-0.02817,2.8,2.76
-0.24564,-0.46543,0.0,-0.00693,2.13,2.15
-0.11518,-0.58272,0.02221,-0.06225,1.5902,1.5848
-0.14895,-0.17872,0.00059,-0.01957,17.04,17.03
-0.17624,-0.41528,0.00765,-0.01286,14.64,14.58
-0.14908,-0.54645,-0.0027,0.0,1.85,1.855
-0.17405,-0.26891,0.01727,-0.00192,2.61,2.605
-0.60755,-0.93122,0.01887,0.01923,10.8,10.6
-0.31176,-0.95357,0.03346,0.01311,6.9,7.112
-0.18,-0.94577,0.03413,-0.03537,8.179,7.91
-0.33104,-0.96461,0.01908,0.0086,5.313,5.397
-0.39155,-0.95855,0.00016,-0.00447,6.2,6.239
-0.30918,-0.5051,0.03043,0.11004,3.212,3.45
-0.2673,-0.57312,0.04841,-0.03277,2.55,2.479
-0.24009,-0.66695,0.01602,0.04304,2.072,2.06
-0.05653,-0.75098,0.26596,-0.19651,0.9384,0.94
-0.18605,-0.18605,0.00287,-0.00286,3.5,3.49
-0.15443,-0.25112,0.04281,-0.02096,3.41,3.27
-0.32692,-0.54447,0.00938,-0.00457,2.1097,2.0904
-0.06355,-0.57139,0.01163,-0.12951,1.66,1.72
-0.16722,-0.34646,-0.00201,0.0,2.47,2.49
-0.2767,-0.312,0.01964,-0.02338,18.95,18.585
-0.29016,-0.40564,0.00211,-0.00365,16.35,16.38
-0.18104,-0.51249,-0.00183,0.037,10.59,10.93
-0.14495,-0.36828,0.83929,-0.00768,27.6,16.8
-0.30342,-0.30342,0.01266,-0.03067,15.9,15.8
-0.30573,-0.53419,0.0,0.09174,11.4,11.9
-0.374,-0.6656,-0.00012,0.06696,8.151,8.349
-0.28138,-0.74363,-0.00016,0.03217,5.9,6.192
-0.31562,-0.81893,-0.00119,-0.00425,4.214,4.219
-0.21071,-0.85769,0.02667,-0.00901,3.275,3.3
-0.26864,-0.89098,-0.02094,0.01098,2.525,2.579
-0.21091,-0.9215,0.03751,-0.10016,1.715,1.653
-0.20171,-0.9403,0.05007,0.01503,1.484,1.418
-0.15519,-0.93058,0.01112,-0.00614,0.8999,0.89
-0.50287,-0.50287,0.01402,-0.00836,0.85,0.8775
-0.23397,-0.45775,-0.02039,-0.00414,0.9205,0.9612
-0.10259,-0.52528,0.01745,-0.05077,0.8099,0.8021
-0.14639,-0.14639,-0.00813,-0.0117,5.87,6.15
-0.23709,-0.58065,-0.00896,0.03077,3.32,3.35
-0.64729,-0.76516,0.13426,0.18681,2.4,2.16
-0.23184,-0.23184,0.0,0.0,5.5,5.5
-0.16884,-0.16884,0.0,-0.08639,18.665,18.665
-0.24333,-0.51257,0.00777,0.03239,18.15,18.01
-0.23649,-0.56971,0.07922,-0.03734,15.9986,14.825
-0.21282,-0.67393,-0.00165,0.04027,12.12,12.14
-0.23756,-0.73456,0.00103,0.02632,9.76,9.75
-0.13382,-0.73233,-0.00213,-0.01775,9.05,9.41
-0.22379,-0.75384,-0.00694,-0.01816,8.59,8.65
-0.21138,-0.81028,0.0,-0.02946,6.59,6.59
-0.1616,-0.82571,0.0,-0.01566,6.14,6.14
-0.17808,-0.7918,0.0,0.01458,4.87,4.87
-0.25721,-0.25721,0.00337,0.00169,5.95,5.93
-0.18942,-0.26978,0.00068,-0.0359,7.39,7.385
-0.22375,-0.40801,0.00077,0.0475,6.51,6.505
-0.20891,-0.50906,0.00377,0.03107,5.33,5.31
-0.21065,-0.68923,0.00146,0.05061,3.43,3.425
-0.16546,-0.20411,0.00298,0.0049,18.53,18.475
-0.16838,-0.16838,0.03202,-0.00039,8.025,7.776
-0.14035,-0.64539,0.07724,-0.0872,15.16,14.76
-0.16182,-0.67741,0.05025,-0.03943,14.84,14.13
-0.43762,-0.66678,0.00378,-0.06247,6.372,6.348
-0.1691,-0.77293,0.01414,0.0117,4.734,4.668
-0.16822,-0.75616,-0.00549,0.0236,4.53,4.555
-0.26669,-0.26669,0.00873,0.07324,5.1901,5.155
-0.37276,-0.56333,0.02647,-0.0158,2.8895,2.815
-0.2642,-0.58494,0.04651,-0.00386,13.1,12.9
-0.2642,-0.54078,0.01992,-0.03089,12.8,12.55
-0.37969,-0.42269,0.00042,-0.00798,11.82,11.815
-0.43067,-0.97723,0.0624,0.0096,8.605,8.622
-0.28457,-0.98355,0.01247,0.00097,6.093,6.173
-0.33455,-0.98463,0.0115,-0.00646,2.023,2.0
-0.21579,-0.98688,0.01003,0.00336,1.51,1.495
-0.22784,-0.99058,0.0101,0.02569,0.9901,0.99
-0.64167,-0.66537,0.0,-0.17442,17.0,17.75
-0.27489,-0.54525,0.71546,-0.03483,4.9994,4.85
-0.30722,-0.69593,-0.00625,-0.04762,2.96,3.2
-0.18391,-0.74299,0.04947,-0.00352,2.89,2.83
-0.20683,-0.80045,0.08247,-0.12018,2.03,1.94
-0.22979,-0.81445,0.05587,-0.01105,1.89,1.79
-0.35196,-0.87302,0.30709,0.09483,1.1,1.27
-0.18548,-0.88944,0.06081,-0.05733,1.01,0.9521
-0.07598,-0.69553,0.02732,-0.34203,1.16,1.83
-0.37705,-0.87521,0.0,0.04386,1.17,1.19
-0.14974,-0.86183,-0.01299,-0.00181,0.9801,0.993
-0.25064,-0.49312,0.0,0.03226,3.04,3.04
-0.15725,-0.44677,0.05325,-0.01458,1.75,1.69
-0.14767,-0.42981,-0.0061,-0.00304,1.63,1.64
-0.24874,-0.47544,0.00671,-0.00334,1.5,1.49
-0.32281,-0.49608,-0.00495,0.04663,1.99,2.02
-0.34269,-0.37595,-0.00391,-0.01151,2.55,2.56
-0.23333,-0.23333,0.01758,-0.02484,1.5458,1.57
-0.26512,-0.26512,0.01099,-0.04008,4.5,4.55
-0.16667,-0.65891,0.00457,-0.00455,2.2,2.19
-0.24873,-0.24873,0.0,-0.03041,2.86,2.87
-0.33184,-0.33184,-0.00397,0.01071,3.75,3.775
-0.4075,-0.52024,0.01351,-0.00084,1.12,1.184
-0.31675,-0.66806,0.06714,-0.01183,0.80603,0.8102
-0.08451,-0.45607,0.03361,-0.08462,1.21,1.19
-0.59093,-0.61128,0.00695,0.0442,15.0,15.83
-0.3168,-0.49517,0.05698,0.00703,5.394,5.16
-0.18281,-0.43182,0.00746,-0.00741,6.75,6.7
-0.16008,-0.22445,0.0,0.00235,2.0801,2.13
-0.24048,-0.33079,0.0186,-0.0205,2.19,2.15
-0.22893,-0.36103,0.00346,-0.0023,8.7,8.67
-0.20761,-0.31973,0.00195,0.024,5.0458,5.12
-0.18605,-0.64646,0.00917,0.0381,10.7,10.9
-0.34651,-0.52837,0.0086,-0.02548,5.957,5.929
-0.24613,-0.57795,0.00822,0.03238,4.503,4.623
-0.28745,-0.34495,0.02424,-0.02431,3.042,2.97
-0.2842,-0.67345,0.07792,0.01483,1.6,1.54
-0.19149,-0.75468,0.00088,-0.00088,1.14,1.139
-0.22099,-0.69658,-0.00719,-0.01418,1.36,1.39
-0.18086,-0.75284,0.104,-0.00558,0.6186,0.5702
-0.19236,-0.63099,0.02547,0.01367,0.88,0.8678
-0.20295,-0.40331,0.01395,-0.00463,2.15,2.15
-0.26255,-0.51649,0.0145,-0.01468,2.0202,2.02
-0.22754,-0.3156,0.00758,-0.00068,1.33,1.32
-0.15661,-0.1925,0.0101,-0.0218,1.49,1.485
-0.15891,-0.26181,0.00944,-0.00778,1.38,1.377
-0.16244,-0.20915,0.02017,-0.07107,17.17,16.86
-0.21816,-0.25776,0.0,0.01596,9.23,9.23
-0.15917,-0.39697,0.0016,0.00053,18.61,18.71
-0.20662,-0.80361,0.00855,-0.02337,17.7,17.55
-0.23752,-0.77126,0.01575,-0.08982,18.45,19.05
-0.17739,-0.69222,0.00096,-0.00573,10.24,10.42
-0.50061,-0.71877,0.50128,-0.05421,15.15,11.69
-0.22284,-0.82733,0.048,-0.01173,7.86,7.5
-0.27147,-0.71878,0.0368,-0.01768,7.5,7.5
-0.16144,-0.44429,0.04171,-0.00029,0.3646,0.35
-0.19737,-0.19737,0.01285,-0.00249,0.5537,0.5602
-0.18301,-0.21384,0.02024,-0.012,2.52,2.47
-0.28341,-0.51101,0.01316,-0.02251,1.5198,1.52
-0.36269,-0.53493,0.02136,0.06117,0.746,0.7304
-0.23038,-0.62034,0.01388,0.06442,0.6064,0.5981
-0.37582,-0.38696,0.07389,-0.01447,1.05,1.015
-0.28297,-0.66262,-0.00667,0.00334,11.84,12.0
-0.16101,-0.79333,-0.01439,-0.01383,5.44,5.56
-0.15584,-0.66193,0.00704,0.00727,5.48,5.68
-0.11518,-0.70294,0.0,-0.0555,4.6,4.68
-0.17805,-0.58852,0.03245,0.00593,13.6,13.56
-0.17012,-0.65751,0.02909,-0.01961,10.8,11.0
-0.32655,-0.55538,0.03005,0.00605,8.57,8.32
-0.26542,-0.78727,0.01838,-0.0073,2.77,2.72
-0.18496,-0.82788,0.01786,0.01042,2.28,2.24
-0.14554,-0.56872,0.0,-0.00549,1.81,1.81
-0.23656,-0.23656,0.0438,-0.03521,1.37,1.37
-0.18955,-0.79565,0.001,0.0513,0.4,0.3996
-0.16354,-0.72503,0.00246,-0.00928,7.862,8.118
-0.28699,-0.65718,0.02109,0.00235,2.554,2.56
-0.29167,-0.58302,0.03774,-0.04072,1.0611,1.06
-0.132,-0.41033,0.02857,-0.03226,1.08,1.05
-0.01359,-0.43681,0.01781,-0.01539,0.536,0.5502
-0.132,-0.132,-0.00726,-0.04839,4.1,4.13
-0.81203,-0.8256,1.04918,-0.16788,3.18,1.83
-0.38525,-0.90385,0.06157,0.0048,1.17,1.1304
-0.247,-0.93564,0.05689,-0.01726,0.7821,0.74
-0.16228,-0.94344,-0.00078,-0.03203,0.64,0.6406
-0.16618,-0.94575,0.00016,-0.02017,0.6033,0.6219
-0.18233,-0.94787,0.01724,-0.04902,0.5531,0.58
-0.23417,-0.23417,0.018,-0.0175,0.5499,0.5501
-0.16513,-0.54679,0.00775,0.01655,13.0,12.9
-0.23125,-0.23125,0.00221,0.01042,13.6,13.57
-0.19328,-0.43618,0.0131,0.00711,10.03,9.92
-0.17452,-0.32551,0.00898,-0.00624,5.61,5.57
-0.34141,-0.93357,0.04573,-0.00756,20.2,19.68
-0.4549,-0.93923,0.00812,-0.0027,10.28,11.09
-0.14286,-0.9625,0.02268,-0.02,6.66,6.615
-0.2025,-0.95962,0.0254,-0.01254,4.755,4.725
-0.26407,-0.68519,0.01176,0.0,1.57,1.7
-0.14217,-0.36991,0.01429,-0.01685,10.49,10.5
-0.15877,-0.60404,0.00168,-0.0149,2.98,2.975
-0.2649,-0.54113,-0.01349,0.0015,3.29,3.335
-0.16635,-0.16635,0.00694,-0.02041,8.61,8.64
-0.17444,-0.17444,-0.0104,-0.00285,19.03,19.23
-0.18564,-0.29919,-0.0062,-0.01907,17.64,17.75
-0.17676,-0.28839,0.00012,-0.01751,0.8251,0.825
-0.20149,-0.36056,0.01863,0.00312,1.6303,1.61
-0.93068,-0.94048,0.10193,0.05156,17.43,18.15
-0.7006,-0.98103,0.05482,-0.03818,5.11,5.29
-0.30855,-0.98717,0.04737,0.02151,3.72,3.8
-0.24407,-0.99231,0.04128,-0.02242,2.24,2.18
-0.29817,-0.99472,0.00633,0.03268,1.54,1.58
-0.17577,-0.17577,0.0052,-0.00518,4.8,4.805
-0.15317,-0.39342,0.00529,-0.02326,3.8,3.78
-0.26079,-0.53139,-0.01211,0.01851,7.34,7.43
-0.19172,-0.61458,0.02234,-0.03,5.95,5.82
-0.26665,-0.6939,-0.01136,0.02564,4.35,4.4
-0.161,-0.16182,0.00555,-0.01547,10.88,10.82
-0.27559,-0.3212,0.00329,0.03489,12.2,12.16
-0.26484,-0.56051,0.01889,0.03006,8.96,8.91
-0.2047,-0.45813,0.01905,-0.01547,10.7,10.5
-0.20675,-0.67178,-0.00418,-0.07508,5.95,5.975
-0.26554,-0.60878,-0.00068,-0.0513,7.29,7.305
-0.11067,-0.67077,0.01987,-0.0679,6.0,6.04
-0.28333,-0.79245,0.00236,0.03794,4.25,4.24
-0.16875,-0.79728,0.01511,-0.00501,3.99,3.97
-0.17528,-0.81354,0.01114,-0.0218,3.62,3.59
-0.16185,-0.77899,0.00671,-0.0069,4.33,4.32
-0.24322,-0.39906,0.02109,0.00896,4.51,4.505
-0.15106,-0.42963,0.0049,-0.03203,4.08,4.08
-0.19923,-0.57848,0.00486,-0.00963,3.1,3.085
-0.15417,-0.15477,0.00279,-0.02717,11.63,11.635
-0.15024,-0.15024,0.17951,-0.0552,13.93,11.81
-0.85788,-0.85788,0.09541,0.41323,4.8,5.66
-0.25795,-0.85096,0.01952,-0.01681,4.0,4.1294
-0.14727,-0.8726,-0.02786,0.0,3.49,3.59
-0.16123,-0.91785,0.02586,0.00216,2.38,2.32
-0.28571,-0.85983,-0.03226,0.02025,3.9,4.03
-0.16224,-0.45339,0.00303,-0.01029,3.31,3.3
-0.24046,-0.26296,-0.01878,0.07035,2.09,2.13
-0.30392,-0.66509,-0.0091,-0.02465,0.6862,0.6925
-0.39055,-0.63203,-0.03104,0.07358,0.8115,0.8375
-0.11688,-0.66667,0.02572,-0.03941,0.6507,0.6532
-0.18668,-0.62797,0.00022,-0.05502,0.4501,0.45
-0.21063,-0.63227,0.02157,0.02422,0.476,0.4821
-0.16477,-0.2214,0.01351,0.0068,14.6,14.8
-0.65541,-0.71023,0.08384,-0.13235,4.622,4.425
-0.25941,-0.62642,0.01259,0.03924,6.511,6.833
-0.22482,-0.81898,-0.01577,0.03515,3.2,3.298
-0.15609,-0.20175,0.00222,-0.01399,4.52,4.51
-0.30617,-0.30617,0.00496,-0.00371,7.97,8.06
-0.17782,-0.66295,0.01772,0.00509,3.99,3.95
-0.25149,-0.25149,0.01736,-0.00926,3.81,3.745
-0.15169,-0.16111,0.00813,-0.02252,3.72,3.69
-0.21549,-0.48222,0.01209,-0.04163,2.26,2.233
-0.17312,-0.6178,0.00571,0.0175,1.76,1.75
-0.11932,-0.65556,0.04054,-0.04516,1.54,1.48
-0.3,-0.79778,-0.01873,0.09736,0.9799,0.9986
-0.14389,-0.81358,-0.01818,-0.06246,0.7722,0.7865
-0.20603,-0.8755,0.0,0.00641,0.43,0.4398
-0.40985,-0.77638,0.0,0.01924,0.7615,0.8
-0.13462,-0.74359,0.01044,0.00011,0.8799,0.9001
-0.1913,-0.73504,0.01888,0.00226,0.9497,0.9321
-0.20698,-0.67678,0.00868,-0.00352,0.67,0.6796
-0.1599,-0.1599,-0.02994,0.00906,1.62,1.67
-0.36667,-0.5072,0.02941,-0.00585,1.75,1.7
-0.24118,-0.62824,0.00833,-0.06977,1.21,1.2
-0.21726,-0.7451,0.0444,0.02872,0.93,0.9099
-0.26263,-0.83,0.00016,0.05153,0.6204,0.6203
-0.23469,-0.86317,0.04188,0.01074,0.49,0.4799
-0.40755,-0.42007,0.04026,-0.00777,0.8491,0.8171
-0.18878,-0.44936,0.05451,-0.05293,0.7699,0.7301
-0.17291,-0.56779,0.01819,-0.00992,0.5973,0.5991
-0.79481,-0.96934,0.02996,0.00094,4.152,4.272
-0.1976,-0.96149,0.02623,-0.03284,5.204,5.184
-0.18839,-0.97262,0.18275,-0.0308,3.624,3.524
-0.25095,-0.97741,0.01681,0.00168,2.416,2.38
-0.25256,-0.97588,0.00235,-0.02968,2.03,2.125
-0.17718,-0.9807,0.0,0.03275,1.76,1.81
-0.17895,-0.55301,-0.0346,-0.07372,2.79,2.89
-0.2654,-0.70192,0.11429,-0.09677,1.56,1.4
-0.16667,-0.22619,0.03416,-0.00923,3.1943,3.22
-0.22724,-0.47931,-0.00615,-0.03379,2.1,2.113
-0.29282,-0.69524,-0.01538,0.01562,1.28,1.3
-0.22418,-0.61601,0.0984,0.0413,0.8354,0.7917
-0.32407,-0.32407,0.0,0.0137,1.82,1.85
-0.12162,-0.39815,-0.025,-0.01538,1.56,1.6
-0.15087,-0.25204,0.00034,-0.00306,14.65,14.645
-0.55392,-0.55392,0.00362,0.01016,11.076,11.04
-0.3341,-0.38862,0.00223,0.06499,10.7315,10.815
-0.52143,-0.75757,0.06539,-0.00916,6.011,5.842
-0.15979,-0.38977,0.02678,-0.01091,7.3307,7.255
-0.15018,-0.39975,0.0133,-0.0097,7.2002,7.145
-0.16873,-0.16873,0.00149,-0.0052,13.36,13.38
-0.1575,-0.1776,0.0065,-0.00806,12.33,12.31
-0.49781,-0.89182,0.01596,0.03198,10.52,10.65
-0.39662,-0.93264,0.00388,-0.03828,6.201,6.18
-0.2687,-0.92066,0.02314,0.0107,7.8,7.65
-0.32363,-0.84906,0.02529,0.01597,14.48,14.63
-0.26195,-0.30262,-0.00131,-0.01036,7.62,7.64
-0.27826,-0.52299,0.02461,0.07398,2.74,2.6742
-0.14946,-0.55158,-0.00641,-0.00319,1.53,1.56
-0.14238,-0.14238,0.0,-0.02317,2.53,2.53
-0.15327,-0.2248,0.00531,-0.00703,2.84,2.825
-0.15762,-0.24579,0.00247,0.00372,4.06,4.05
-0.40726,-0.48312,0.01928,-0.01224,1.83,1.815
-0.20921,-0.4514,0.0012,-0.00951,16.68,16.66
-0.18813,-0.55864,0.00103,0.00309,9.75,9.74
-0.25092,-0.43137,0.01205,-0.00217,2.0,2.0256
-0.17986,-0.2549,0.01062,0.03289,2.3405,2.355
-0.13978,-0.32773,0.04127,-0.01563,1.6,1.575
-0.13312,-0.54669,0.04651,-0.03371,2.7,2.58
-0.21224,-0.21224,0.00771,0.00777,3.92,3.89
-0.20386,-0.40066,0.01955,-0.04428,7.3,7.16
-0.12635,-0.3528,0.0982,-0.1063,7.27,7.23
-0.1853,-0.5832,-0.00385,-0.00192,5.18,5.2
-0.14766,-0.6652,0.0,-0.00358,4.17,4.17
-0.18959,-0.18959,0.05407,0.00134,6.85,6.565
-0.14922,-0.38515,0.00023,-0.00478,4.37,4.369
-0.15667,-0.15667,0.00409,-0.00095,3.68,3.665
-0.1807,-0.36721,0.01109,-0.03426,2.28,2.255
-0.15767,-0.22382,0.0,0.0,2.95,2.965
-0.24383,-0.24383,-0.01639,-0.00408,1.2,1.22
-0.2182,-0.41123,0.01095,-0.00398,0.9604,0.95
-0.15157,-0.22698,0.00035,-0.02806,14.2,14.2
-0.18163,-0.35802,0.00053,-0.00066,19.0,18.99
-0.23231,-0.38457,0.00919,0.01452,9.7,9.79
-0.15962,-0.33479,0.01825,-0.00387,12.93,12.875
-0.22273,-0.33889,0.00085,-0.01176,11.6,11.76
-0.76328,-0.86227,0.01218,0.00297,8.928,9.117
-0.1845,-0.35408,0.04483,-0.0275,9.09,8.7
-0.31927,-0.65054,0.01848,0.0062,4.96,4.87
-0.16694,-0.16694,-0.00581,0.00389,5.13,5.16
-0.15714,-0.52188,-0.00347,-0.02373,2.87,2.88
-0.09313,-0.09313,0.00426,-0.078,16.5,16.43
-0.15463,-0.43997,-0.02066,-0.02024,6.4,6.535
-0.24205,-0.24205,0.00681,-0.02096,10.16,10.2701
-0.20501,-0.51806,0.02124,-0.01199,6.58,6.59
-0.29399,-0.54191,0.00395,-0.00079,6.32,6.335
-0.172,-0.59292,-0.02392,0.00966,4.08,4.18
-0.15182,-0.48707,0.0021,0.00126,11.82,11.915
-0.17416,-0.45793,0.03269,-0.02134,8.35,8.26
-0.31447,-0.40795,0.03168,-0.01862,0.5275,0.5113
-0.20377,-0.43883,0.00474,0.0,2.12,2.11
-0.72093,-0.96659,0.00848,0.09555,15.65,16.51
-0.22407,-0.96998,0.00704,0.04874,14.3,14.2
-0.24841,-0.979,0.02263,-0.02006,9.4,9.28
-0.26759,-0.98556,0.00901,-0.00162,5.5,5.55
-0.19215,-0.25524,0.00767,0.0,3.94,3.91
-0.2103,-0.29905,0.01944,-0.02174,3.67,3.6
-0.32491,-0.32491,0.0,0.05348,1.88,1.97
-0.14352,-0.34629,-0.00606,-0.10811,1.64,1.65
-0.25155,-0.5742,0.0,-0.01245,1.19,1.19
-0.26765,-0.63056,0.06838,-0.06024,9.84,9.36
-0.20985,-0.24053,0.0,-0.02678,4.76,4.76
-0.48596,-0.50417,0.03198,-0.01471,2.3903,2.345
-0.15762,-0.18348,0.01914,-0.01791,5.5,5.485
-0.23214,-0.55897,0.05357,-0.02326,1.77,1.68
-0.65803,-0.74288,0.02247,0.03482,1.8198,1.78
-0.31593,-0.50791,0.02857,-0.01606,1.25,1.225
-0.32698,-0.32698,0.01518,0.00436,2.29,2.305
-0.2462,-0.34864,0.00142,0.01295,7.05,7.04
-0.24363,-0.37582,0.0042,0.00211,4.78,4.76
-0.17788,-0.20419,-0.00562,-0.01248,3.54,3.56
-0.20296,-0.34547,0.0,-0.01855,2.91,2.91
-0.15808,-0.45916,0.00407,0.00408,2.47,2.46
-0.43472,-0.47888,0.02158,0.00621,2.35,2.3491
-0.17717,-0.17717,0.02389,-0.01866,2.09,2.051
-0.11878,-0.11878,-0.00098,-0.03981,3.06,3.063
-0.25759,-0.39788,0.0149,0.01369,3.7044,3.65
-0.43582,-0.53017,0.03811,0.01101,2.8403,2.755
-0.13736,-0.49099,0.03765,-0.06016,6.89,6.64
-0.17755,-0.48271,-0.00139,0.00418,7.2,7.21
-0.16428,-0.27815,0.0,-0.06396,6.0,6.0
-0.21954,-0.21954,0.01102,0.03252,6.39,6.35
-0.14141,-0.30266,-0.02347,0.00819,5.33,5.54
-0.25694,-0.45685,-0.01043,0.00818,4.27,4.315
-0.14251,-0.54949,0.00573,-0.0169,3.51,3.49
-0.14288,-0.61821,-0.00134,-0.00814,2.98,2.984
-0.22987,-0.70876,0.07763,-0.04575,2.36,2.19
-0.21264,-0.65228,-0.00722,0.01095,2.75,2.77
-0.19144,-0.39358,0.00565,-0.01393,1.7712,1.77
-0.14356,-0.33462,0.0,-0.02601,1.685,1.685
-0.12102,-0.21591,-0.05837,-0.06884,1.21,1.285
-0.23517,-0.63534,0.11047,-0.01478,0.77,0.6934
-0.21154,-0.57513,0.02526,-0.03915,0.771,0.7879
-0.28872,-0.54585,0.0371,-0.05042,8.843,8.625
-0.23359,-0.55378,0.05457,0.0381,8.793,8.338
-0.1956,-0.46978,0.03959,-0.02492,3.285,3.208
-0.18203,-0.75139,0.10099,-0.02902,0.6463,0.6357
-0.18217,-0.32209,0.14046,-0.07107,0.79,0.6927
-0.30347,-0.54409,0.02313,0.0,0.5131,0.5015
-0.13068,-0.186,-0.00013,-0.11336,0.7938,0.7939
-0.13351,-0.18069,0.02099,-0.02115,1.6,1.62
-0.36646,-0.49505,-0.00493,-0.0049,1.0,1.015
-0.10807,-0.70787,0.08242,-0.10761,0.5499,0.5266
-0.201,-0.79495,0.0769,-0.03621,0.4299,0.3992
-0.3221,-0.66441,0.03324,-0.0149,0.6598,0.6678
-0.18764,-0.71366,0.03275,-0.00225,0.596,0.5771
-0.29399,-0.59878,0.00898,0.0152,3.15,3.34
-0.5355,-0.77965,0.02484,0.02548,19.44,19.32
-0.16176,-0.84,0.0,0.02632,13.8,14.04
-0.55333,-0.78791,0.00265,0.0251,7.533,7.555
-0.22843,-0.40535,0.0656,-0.19666,18.75,18.75
-0.23381,-0.65936,0.03774,-0.00898,13.75,13.25
-0.17127,-0.73248,0.03269,-0.00952,10.65,10.4
-0.1881,-0.7828,0.0351,-0.03425,8.5,8.233
-0.33571,-0.86513,0.032,-0.0121,5.05,5.063
-0.2775,-0.33602,0.0,0.08788,14.26,14.36
-0.17806,-0.17806,0.0118,-0.00761,16.75,16.95
-0.40809,-0.61361,0.00137,0.04817,7.265,7.29
-0.15201,-0.60778,0.02839,0.00352,6.448,6.27
-0.22647,-0.72697,0.0396,-0.02651,4.127,4.04
0.01074,-0.50196,-0.08333,-0.12702,0.55,0.6
-0.13913,-0.24765,-0.0085,-0.0143,1.75,1.765
-0.18696,-0.23984,0.01754,0.01604,2.81,2.85
-0.26993,-0.26993,0.0757,-0.05459,2.0492,1.905
-0.15931,-0.37862,0.04651,0.00292,1.75,1.72
-0.34591,-0.5912,0.00429,0.03253,1.15,1.165
-0.21574,-0.21574,-0.01379,0.07807,2.86,2.9
-0.19326,-0.19326,-0.0032,0.00482,6.0399,6.25
-0.16861,-0.34114,0.01176,0.00398,5.0999,5.1
-0.22013,-0.51751,-0.00238,0.07513,3.99,3.9995
-0.18886,-0.61284,0.0118,-0.0067,2.98,2.965
-0.18886,-0.62126,0.00344,-0.00346,2.91,2.91
-0.18383,-0.29553,0.00381,0.0193,3.95,3.935
-0.16399,-0.49678,0.00211,0.00853,2.37,2.365
-0.15635,-0.27333,0.00188,-0.02202,2.67,2.665
-0.15633,-0.49868,-0.00465,-0.00775,0.5991,0.6019
-0.14937,-0.19494,0.00565,-0.01848,2.67,2.655
-0.12603,-0.37054,0.00244,-0.0331,2.0399,2.045
-0.48964,-0.77692,0.05961,-0.04229,0.672,0.6794
-0.2746,-0.83131,0.02362,0.01054,0.5151,0.508
-0.23868,-0.51948,0.0,0.03243,1.89,1.91
-0.16155,-0.41844,0.00248,-0.01463,4.05,4.04
-0.1784,-0.61395,0.02048,-0.00594,5.98,5.86
-0.29756,-0.45871,0.04925,0.015,0.9175,0.934
-0.41352,-0.45147,0.07527,-0.00268,0.939,0.93
-0.1655,-0.53716,0.00615,-0.00586,0.3924,0.39
-0.17341,-0.35665,0.06441,-0.02622,0.5652,0.531
-0.3692,-0.3692,-0.00124,-0.01346,2.02,2.0225
-0.62038,-0.70085,0.02266,0.00024,6.5417,6.55
-0.20461,-0.31744,0.0131,-0.0247,5.8,5.725
-0.36013,-0.36013,0.05012,0.02529,13.2,12.57
-0.55265,-0.55265,0.01596,0.00059,16.78,16.92
-0.13252,-0.765,0.00554,-0.08511,7.872,8.127
-0.19721,-0.85397,0.05151,-0.00815,5.58,5.475
-0.55853,-0.93016,-0.00616,-0.07765,2.36,2.435
-0.08951,-0.71191,0.04124,-0.08519,2.81,2.6987
-0.26087,-0.42284,0.00264,0.01337,1.88,1.895
-0.19632,-0.59568,0.00781,-0.0229,1.29,1.28
-0.17673,-0.17673,-0.02216,0.02267,7.15,7.67
-0.22252,-0.22252,0.03045,-0.03736,8.63,8.375
-0.28253,-0.45308,0.00799,0.02614,6.3302,6.28
-0.19051,-0.55004,-0.01172,0.03899,5.122,5.2313
-0.25,-0.86327,0.05036,-0.0915,1.4387,1.39
-0.15912,-0.73148,0.00788,-0.00741,0.959,0.9515
-0.18576,-0.21423,0.001,0.03259,9.99,9.98
-0.13555,-0.45034,0.0032,-0.027,4.7,4.685
-0.19115,-0.48768,-0.00082,0.01658,12.25,12.26
-0.24394,-0.81173,0.01957,-0.02936,5.73,5.62
-0.15416,-0.7885,0.02153,0.0,4.91,5.11
-0.15429,-0.22392,-0.00125,-0.00496,8.0,8.01
-0.16202,-0.58074,-0.0013,-0.05978,3.88,3.9301
-0.178,-0.20356,0.0051,-0.03162,4.91,4.9
-0.1837,-0.38379,0.0144,-0.00951,6.34,6.25
-0.15479,-0.18008,0.01074,-0.00378,8.0,7.915
-0.31312,-0.71828,0.04303,-0.05169,15.83,15.685
-0.1472,-0.71032,0.01202,-0.01328,14.2798,14.12
-0.25289,-0.81153,0.0055,-0.01914,5.66,5.7086
-0.16042,-0.78899,0.03107,-0.00097,4.75,5.15
-0.18697,-0.58049,0.00196,-0.00969,7.6405,7.665
-0.11768,-0.32176,0.01984,-0.03545,8.74,8.57
-0.15008,-0.21808,0.00123,-0.00855,8.06,8.14
-0.16174,-0.58087,0.00752,-0.06118,3.9161,3.99
-0.1799,-0.2064,0.00299,-0.02586,5.01,5.025
-0.19318,-0.5812,-0.00432,-0.01239,9.21,9.25
-0.15325,-0.226,-0.00404,0.00101,9.8,9.9
-0.15519,-0.57542,-0.00825,-0.06999,4.81,4.85
-0.17735,-0.20152,0.00164,-0.02937,6.07,6.115
-0.13261,-0.13261,0.00913,-0.04363,2.15,2.19
-0.19318,-0.46212,0.00358,-0.01761,1.4,1.395
-0.14634,-0.60227,0.0,-0.00952,1.04,1.04
-0.31758,-0.40181,0.00886,0.0353,11.38,11.29
-0.1829,-0.53855,0.03619,0.00445,7.86,7.875
-0.14905,-0.56151,0.00421,-0.00628,7.15,7.12
-0.16511,-0.16511,0.00337,-0.01318,14.8397,14.83
-0.28118,-0.68893,0.00299,-0.01765,3.331,3.34
-0.15404,-0.67189,-0.03519,0.01791,3.29,3.41
-0.10538,-0.10538,0.03846,-0.0625,16.2,15.6
-0.94903,-0.9578,0.0,-0.01422,1.04,1.04
-0.14143,-0.36546,0.04115,-0.02199,0.2401,0.2357
-0.21216,-0.25652,0.00037,-0.00269,3.82,3.8186
-0.14762,-0.2878,0.0,-0.00931,2.65,2.66
-0.2808,-0.2808,0.00683,-0.00117,7.37,7.32
-0.18815,-0.27241,0.07295,0.00047,2.265,2.111
-0.15896,-0.27207,-0.03302,0.00426,2.05,2.12
-0.22385,-0.30414,0.05108,-0.01041,2.097,1.997
-0.37387,-0.52865,0.00705,0.02086,1.419,1.419
-0.20779,-0.51242,0.25556,0.00536,1.05,0.9
-0.07258,-0.07258,-0.03704,-0.06087,1.04,1.08
-0.04091,-0.14919,0.01961,-0.03318,1.02,1.02
-0.79646,-0.79646,0.05,0.09177,1.77,1.8
-0.14438,-0.80458,0.0,0.00449,1.53,1.59
-0.16441,-0.8432,0.00752,0.01567,1.28,1.29
-0.15169,-0.15169,-0.00556,-0.00773,4.46,4.495
-0.19152,-0.23929,0.01423,-0.04466,4.99,4.92
-0.13246,-0.21053,0.0,-0.06452,4.35,4.35
-0.15776,-0.43803,-0.00602,0.00302,3.3,3.32
-0.15303,-0.45501,-0.00465,0.00467,3.21,3.225
-0.17576,-0.27264,0.0,-0.02781,3.67,3.67
-0.17967,-0.22631,-0.00119,-0.03487,6.69,6.698
-0.33224,-0.95522,0.00671,0.02155,9.24,10.43
-0.23402,-0.97067,0.00623,0.03215,6.825,6.902
-0.21005,-0.77371,0.01662,-0.04335,3.365,3.31
-0.22669,-0.41254,0.04606,-0.01318,15.26,14.98
-0.1589,-0.37774,-0.00601,0.00605,3.97,3.994
-0.28543,-0.33144,0.01096,0.03399,3.64,3.65
-0.19626,-0.19626,-0.00116,0.00116,4.3,4.305
-0.17252,-0.20751,0.00873,-0.01901,9.03,9.0104
-0.15229,-0.3803,0.05636,-0.01272,6.56,6.21
-0.2865,-0.39411,0.00247,0.03751,12.2,12.17
-0.3022,-0.34815,0.01202,-0.00189,7.99,7.905
-0.1411,-0.20732,0.00687,-0.02747,8.9108,8.85
-0.17384,-0.17384,0.02345,0.01735,2.34,2.345
-0.46872,-0.65739,0.00016,0.02438,0.6017,0.6177
-0.18483,-0.78005,0.02778,0.04651,18.4,18.0
-0.1478,-0.7811,0.00741,-0.00369,13.6,13.5
-0.16239,-0.80709,0.02062,-0.0102,9.68,9.7
-0.21105,-0.65418,0.00578,0.00176,19.78,19.885
-0.23473,-0.73362,0.0039,0.00719,15.33,15.4
-0.33421,-0.80354,0.00698,-0.02439,8.61,8.6
-0.1269,-0.82059,0.00133,-0.02857,7.78,7.82
-0.14,-0.25751,0.0,-0.0118,14.38,14.66
-0.19045,-0.29047,0.00706,-0.04904,13.14,13.38
-0.26528,-0.26528,0.00326,0.02163,3.08,3.07
-0.16168,-0.16168,0.00446,-0.00111,4.5,4.48
-0.18243,-0.29651,0.00166,-0.00331,3.0,3.015
-0.28728,-0.46987,0.00604,0.05337,2.49,2.485
-0.33163,-0.38785,0.02508,0.01272,2.03,1.99
-0.1675,-0.48131,0.00308,-0.02402,1.6299,1.625
-0.21842,-0.26485,0.04721,-0.0101,1.5269,1.47
-0.33481,-0.55082,-0.00079,0.02134,0.878,0.89
-0.2,-0.2987,0.01395,-0.00463,1.08,1.075
-0.78879,-0.79835,0.03947,0.03401,18.6,18.24
-0.19128,-0.83471,0.01667,-0.00415,14.4,14.4
-0.31938,-0.41554,0.02985,0.01224,2.76,2.68
-0.29322,-0.38767,-0.03202,-0.02638,3.93,4.06
-0.15598,-0.5154,-0.00312,-0.0273,3.2,3.21
-0.15702,-0.26969,-0.00667,-0.01961,2.98,3.0
-0.24324,-0.4878,0.0,-0.07143,1.56,1.56
-0.15877,-0.43817,0.00108,-0.01648,9.26,9.25
-0.14795,-0.52867,0.0,-0.00887,7.82,7.82
-0.16,-0.48466,0.00413,0.00774,16.88,16.93
-0.38771,-0.69569,0.02849,-0.03937,3.926,4.002
-0.16801,-0.36552,0.00166,-0.0297,8.4,8.428
-0.19071,-0.50095,0.14286,0.02459,8.0,7.0
-0.36817,-0.79608,0.01499,0.00973,2.36,2.335
-0.21861,-0.84083,0.04819,-0.08033,1.74,1.66
-0.1665,-0.20446,0.0,0.0,17.12,17.12
-0.20894,-0.24503,0.0,-0.02047,10.05,10.05
-0.29341,-0.405,0.01093,-0.03811,7.3137,7.32
-0.16452,-0.24524,0.0016,-0.0015,12.5,12.48
-0.33483,-0.41634,0.00933,0.00942,7.52,7.5
-0.1633,-0.46092,0.02175,-0.01301,5.3354,5.31
-0.32339,-0.32339,0.04263,-0.02542,5.92,5.75
-0.16525,-0.56061,0.00269,-0.0291,3.73,3.72
-0.29209,-0.69719,0.00529,0.05283,2.7947,2.78
-0.17843,-0.75975,0.0,0.02625,2.13,2.15
-0.16594,-0.78096,0.00516,0.00524,1.9299,1.92
-0.15365,-0.81365,0.00803,-0.01102,1.62,1.6071
-0.19188,-0.27723,0.05023,0.0,2.28,2.19
-0.15025,-0.24009,0.0,-0.01449,3.39,3.4
-0.15603,-0.44862,0.00183,-0.01723,16.2,16.2402
-0.1507,-0.6333,0.0064,-0.00546,10.88,10.93
-0.1823,-0.32347,0.00247,0.01541,14.03,14.165
-0.18287,-0.48365,0.00797,0.00167,10.74,10.665
-0.16264,-0.2008,0.00925,-0.01941,11.86,11.865
-0.18997,-0.18997,0.03681,-0.12834,3.17,3.26
-0.35929,-0.35929,0.0033,0.01129,12.15,12.11
-0.16598,-0.4596,0.00199,-0.00396,10.08,10.06
-0.1996,-0.56661,0.00252,-0.01975,7.96,7.94
-0.14843,-0.66693,-0.00488,-0.01205,6.11,6.15
-0.25841,-0.7405,-0.00511,0.00928,4.87,4.895
-0.1958,-0.4577,0.00263,-0.00783,15.24,15.2
-0.41277,-0.62115,0.02041,-0.04948,6.86,6.86
-0.14486,-0.56626,0.0,-0.01516,6.51,6.51
-0.17665,-0.61605,0.00381,-0.02052,5.27,5.25
-0.53985,-0.82629,-0.00412,-0.01864,2.22,2.3798
-0.25558,-0.85655,0.00966,0.03371,2.09,2.07
-0.32058,-0.81554,0.00971,0.0,2.5799,2.575
-0.15522,-0.76291,0.01974,-0.01138,3.1,3.04
-0.11629,-0.80523,-0.00418,-0.04434,2.38,2.39
-0.40165,-0.6527,0.0,-0.00664,1.48,1.48
-0.18563,-0.68298,0.04176,0.00368,1.42,1.365
-0.20588,-0.74825,0.03286,-0.01389,1.1,1.065
-0.2109,-0.29533,0.00753,-0.06704,8.16,8.238
-0.18529,-0.31927,0.025,-0.01524,8.61,8.4
-0.31507,-0.31507,0.00735,-0.048,9.515,9.52
-0.16578,-0.27123,-0.00463,0.01504,10.5,10.8
-0.14445,-0.47842,0.00268,-0.02035,7.48,7.46
-0.25068,-0.62329,-0.01736,0.04727,5.66,5.76
-0.11725,-0.88318,0.0073,-0.08054,1.38,1.37
-0.22165,-0.69719,0.02212,-0.00221,2.31,2.26
-0.14928,-0.50618,0.02083,-0.01874,2.8299,2.88
-0.20122,-0.61134,0.02165,0.0,2.36,2.31
-0.17132,-0.22101,0.00064,-0.00191,15.6699,15.69
-0.31122,-0.42664,0.02353,0.0303,7.82,7.65
-0.19792,-0.29745,0.04,-0.02597,3.9,3.75
-0.1648,-0.40343,0.00068,-0.01472,7.37,7.365
-0.17452,-0.17936,0.01609,-0.00969,5.6,5.5507
-0.21157,-0.21157,0.00126,-0.00147,15.86,15.84
-0.24196,-0.27062,0.02824,0.00118,17.48,17.0
-0.78439,-0.84631,0.01861,-0.02271,2.19,2.1598
-0.25122,-0.25122,0.00815,0.00935,10.7311,10.8
-0.18301,-0.38768,0.00016,0.01127,8.85,8.8486
-0.15317,-0.19524,-0.00399,-0.0187,11.24,11.285
-0.21972,-0.50221,0.0,-0.00222,2.25,2.25
-0.13164,-0.13164,0.01044,-0.0242,3.83,3.83
-0.44735,-0.57279,-0.00634,0.15815,4.6,4.73
-0.19381,-0.69171,0.01571,0.0483,19.2,19.1
-0.19352,-0.7714,0.01084,-0.04366,15.21,15.225
-0.13109,-0.83343,0.02056,-0.07759,10.79,10.7
-0.13743,-0.53182,0.00757,-0.01753,18.64,18.5
-0.16475,-0.56811,0.0293,-0.02449,19.67,19.1101
-0.15967,-0.494,0.01963,0.00278,19.87,19.87
-0.21752,-0.60317,0.01077,0.025,15.95,15.9285
-0.15432,-0.38956,0.00052,0.00262,19.13,19.12
-0.33793,-0.7833,0.00804,-0.02865,3.76,3.73
-0.24838,-0.698,-0.00093,0.00252,5.36,5.365
-0.19552,-0.75287,-0.00175,0.02477,3.3042,3.31
-0.17422,-0.77697,0.048,-0.14237,2.62,2.5
-0.14057,-0.19941,0.00287,-0.02289,6.97,6.97
-0.24818,-0.29737,-0.01033,0.0532,8.6,8.71
-0.24042,-0.44435,0.00307,-0.00306,6.54,6.52
-0.28107,-0.58709,0.0,0.03909,4.9105,5.05
-0.18314,-0.26082,0.0,-0.0024,10.39,10.39
-0.16531,-0.16531,0.02171,0.00225,13.5,13.36
-0.27538,-0.50534,0.00375,0.0082,13.53,13.53
-0.12925,-0.488,0.0082,-0.04688,1.23,1.22
-0.27642,-0.644,0.04494,0.0,0.89,0.89
-0.23596,-0.43838,0.01767,0.01746,19.58,19.24
-0.28835,-0.3541,0.00186,0.00988,10.73,10.73
-0.31387,-0.32016,0.00102,-0.02221,19.61,19.59
-0.42736,-0.75756,0.00221,0.02011,13.55,13.57
-0.4052,-0.52917,0.00946,-0.01576,13.87,13.74
-0.22187,-0.23659,0.0,0.00545,5.6788,5.68
-0.23087,-0.45616,-0.00167,0.00511,2.925,2.9299
-0.28641,-0.28641,0.03165,-0.00304,0.4386,0.4265
-0.22097,-0.22097,0.00752,-0.00741,2.0002,1.995
-0.10871,-0.49217,0.01245,-0.08029,1.22,1.205
-0.31731,-0.72481,0.02222,0.01423,0.7326,0.7201
-0.23032,-0.30202,0.02522,0.00261,0.6263,0.6145
-0.14841,-0.54657,0.0111,-0.02573,0.4556,0.4506
-0.17227,-0.212,0.02757,0.01269,2.05,1.995
-0.18831,-0.37291,0.01064,0.00267,1.89,1.88
-0.17111,-0.17111,0.01164,-0.02681,5.48,5.445
-0.18257,-0.34,0.03177,-0.01571,4.5,4.385
-0.14844,-0.311,-0.0037,-0.00917,2.69,2.7
-0.16045,-0.32315,-0.00075,0.0015,13.3,13.31
-0.62783,-0.9708,-0.008,0.1092,9.3,9.375
-0.33981,-0.97886,0.03448,-0.0049,6.105,6.09
-0.16667,-0.98342,0.0,0.03125,4.815,4.95
-0.22963,-0.98743,-0.01635,0.00824,3.58,3.67
-0.2125,-0.99021,0.02434,0.01584,2.93,2.8799
-0.11461,-0.48831,0.0,-0.04822,0.75,0.75
-0.15613,-0.59779,0.02797,-0.07653,0.588,0.572
-0.14358,-0.55844,0.09635,-0.07044,0.6793,0.6321
-0.23502,-0.3724,-0.00612,-0.01506,3.25,3.27
-0.33156,-0.64367,0.03571,0.03979,2.0296,1.96
-0.15722,-0.69093,0.11182,-0.04281,1.67,1.565
-0.20122,-0.35468,0.01931,-0.01145,1.32,1.295
-0.2295,-0.2295,-0.03658,0.09572,0.74,0.7681
-0.84263,-0.86499,0.01505,0.02791,12.725,12.561
-0.20635,-0.54955,0.015,0.0,2.03,2.0
-0.16724,-0.16724,0.00412,-0.0041,2.415,2.43
-0.39525,-0.58831,0.03343,-0.00604,5.092,4.935
-0.2125,-0.73051,0.03293,0.02769,3.278,3.34
-0.16247,-0.69652,-0.01067,0.02459,3.71,3.75
-0.18121,-0.72082,0.0,-0.01639,1.2,1.2
-0.24818,-0.37195,0.01096,0.02757,1.05,1.0584
-0.25548,-0.57456,0.00013,0.00723,0.7799,0.7799
-0.18317,-0.20796,0.02068,-0.0101,0.74,0.7544
-0.25828,-0.46009,0.07688,0.01655,0.5283,0.5281
-0.152,-0.152,0.00281,-0.03322,0.64,0.6402
-0.22353,-0.24869,-0.00899,-0.03341,0.562,0.5671
-0.21491,-0.71015,0.02822,0.00298,8.307,8.079
-0.14956,-0.14956,0.03149,-0.00325,19.0,18.42
-0.28165,-0.4947,0.00525,-0.03804,12.37,12.39
-0.88709,-0.88709,0.6,0.13061,12.64,9.6
-0.12654,-0.84947,0.07246,-0.02473,11.04,11.04
-0.25517,-0.40555,0.0,-0.01219,2.35,2.35
-0.27037,-0.27037,0.13953,-0.02022,3.69,3.44
-0.27273,-0.50125,0.00418,-0.00417,2.4,2.39
-0.36692,-0.36692,0.07619,-0.01394,5.1431,5.25
-0.20152,-0.50059,-0.00228,0.04286,4.36,4.38
-0.15572,-0.46492,0.00225,-0.01111,4.46,4.45
-0.42321,-0.74355,-0.01198,-0.01183,1.62,1.67
-0.26616,-0.26616,0.0,0.01036,1.95,1.95
-0.16244,-0.37262,-0.00308,-0.01515,1.62,1.625
-0.20927,-0.29083,0.05765,0.01616,2.51,2.515
-0.15775,-0.25063,0.01356,-0.01338,2.95,2.95
-0.15272,-0.25,0.01538,-0.00785,1.9302,2.0091
-0.27806,-0.27806,0.08803,0.00353,3.09,2.84
-0.22769,-0.44638,-0.00227,0.01604,2.19,2.205
-0.43931,-0.5051,0.0,0.04639,2.0207,2.03
-0.30358,-0.54342,0.01697,-0.00559,1.81,1.7798
-0.19475,-0.81633,-0.00541,0.01857,0.6401,0.6473
-0.20317,-0.85173,0.0,0.02183,0.5222,0.5242
-0.17311,-0.8578,0.07943,-0.00203,0.5299,0.491
-0.34729,-0.37204,-0.01449,0.04151,1.36,1.38
-0.34524,-0.34524,0.00844,-0.04242,2.16,2.37
-0.1495,-0.32275,-0.01167,0.00391,2.54,2.57
-0.18204,-0.55423,-0.00299,-0.00593,1.67,1.675
-0.2312,-0.3853,-0.01465,-0.01087,2.69,2.73
-0.24688,-0.25432,0.0,0.0,3.02,3.02
-0.2762,-0.2762,0.01541,0.03771,3.34,3.44
-0.25,-0.65137,0.02521,0.0,1.8299,1.785
-0.22722,-0.92686,0.01266,0.00224,13.6,13.43
-0.16602,-0.40777,-0.00411,-0.00176,8.49,8.525
-0.22403,-0.26687,0.0,0.00418,2.4,2.4
-0.1531,-0.58927,-0.00264,-0.01129,0.9437,0.9462
-0.13725,-0.31488,0.01931,-0.01894,3.96,3.885
-0.24391,-0.28247,0.0,0.00278,18.06,18.06
-0.20057,-0.20057,0.0007,0.01421,14.28,14.27
-0.32303,-0.41408,0.05081,-0.03005,8.09,8.07
-0.15744,-0.63493,-0.00412,-0.00205,2.4083,2.43
-0.32333,-0.62752,0.025,-0.01478,12.23,12.0
-0.14109,-0.4244,0.03968,-0.04618,12.79,12.6
-0.2219,-0.53557,0.02603,0.00042,7.122,7.146
-0.16258,-0.56647,-0.0039,0.00195,5.11,5.13
-0.46137,-0.76642,0.01225,0.00449,2.46,2.4401
-0.14925,-0.14925,0.00139,-0.01706,7.21,7.2
-0.27876,-0.27876,0.01558,-0.01063,9.45,9.305
-0.20608,-0.39633,-0.00253,0.00511,3.94,3.95
-0.24919,-0.56095,0.00441,-0.01518,2.2701,2.27
-0.25439,-0.67619,-0.00194,0.0,1.67,1.7
-0.14943,-0.7181,0.0,-0.00676,1.469,1.47
-0.16471,-0.72587,0.00702,-0.00704,1.39,1.41
-0.18794,-0.77896,0.00847,0.03057,1.18,1.18
-0.20883,-0.20883,0.02347,-0.01744,2.18,2.13
-0.46707,-0.66576,0.0,0.00813,6.19,6.2
-0.38111,-0.68091,0.0443,-0.01558,4.87,4.74
-0.17168,-0.43987,0.00164,0.00743,6.11,6.1
-0.23627,-0.44133,-0.00189,-0.00095,5.27,5.28
-0.6029,-0.61394,0.0127,0.00471,2.39,2.3699
-0.3365,-0.70623,0.0226,-0.0086,1.75,1.73
-0.16911,-0.16911,-0.00981,0.03118,5.25,5.3121
-0.25839,-0.36894,0.01463,0.00886,5.06,5.125
-0.24561,-0.43285,0.01265,0.00421,4.81,4.7499
-0.15616,-0.53167,-0.01064,0.00356,2.79,2.82
-0.27237,-0.53367,0.0,-0.01604,1.84,1.84
-0.2287,-0.2287,0.01557,0.00471,3.43,3.4562
-0.19395,-0.45962,0.00422,-0.01664,2.37,2.37
-0.13718,-0.73765,0.0,-0.02092,2.34,2.34
0.0,-0.2585,0.181,-0.26908,0.85,0.7967
-0.2101,-0.35705,-0.00012,-0.01121,0.8108,0.8201
-0.18467,-0.54163,-0.00683,0.01224,0.5651,0.5707
-0.19425,-0.56228,0.03422,-0.02303,0.5266,0.526
-0.15763,-0.41178,0.05057,-0.00672,14.75,14.04
-0.16015,-0.22758,0.06283,0.00979,15.9,14.96
-0.23187,-0.27862,0.0194,-0.02245,12.875,12.63
-0.14654,-0.3705,0.00055,-0.02214,9.06,9.055
-0.21182,-0.4695,0.06464,-0.01375,8.0,7.89
-0.17722,-0.28739,0.0876,0.00989,9.445,9.19
-0.38396,-0.57596,0.00088,0.0434,5.565,5.65
-0.17541,-0.64291,0.02892,-0.01425,4.625,4.495
-0.15294,-0.27794,0.0297,0.00198,7.8,7.575
-0.36987,-0.53061,0.0742,0.06449,7.89,7.345
-0.50171,-0.7517,0.0758,-0.06027,3.42,3.43
-0.33604,-0.83333,0.02575,-0.04898,2.39,2.33
-0.24686,-0.87755,0.02151,0.03333,1.9,1.86
-0.17164,-0.88673,-0.00592,0.01502,1.68,1.69
-0.31212,-0.95436,0.05676,0.00342,0.585,0.5867
-0.21319,-0.75547,0.00534,-0.00853,0.3388,0.337
-0.24894,-0.60407,0.07843,-0.17692,8.24,8.16
-0.35126,-0.72318,0.02287,0.05911,2.568,2.58
-0.41211,-0.41211,0.03434,-0.06154,7.05,7.106
-0.27759,-0.70823,0.0199,-0.02368,3.681,3.669
-0.15011,-0.41562,0.00071,-0.00461,14.18,14.17
-0.22523,-0.28214,0.03408,-0.01047,4.4,4.255
-0.26933,-0.34828,0.00173,0.02116,2.82,2.895
-0.54864,-0.983,0.02623,-0.04048,17.85,17.54
-0.3626,-0.9896,0.02825,-0.05009,10.82,10.62
-0.29669,-0.9917,0.00333,0.0084,8.97,9.0
-0.28667,-0.98489,0.00318,-0.02118,15.76,15.71
-0.37302,-0.99113,0.04022,0.00117,8.61,8.7001
-0.09065,-0.99176,0.03867,-0.07121,7.6756,7.5
-0.17524,-0.8229,0.0,0.00693,4.36,4.36
-0.22655,-0.55976,-0.00333,-0.01425,2.7508,2.76
-0.20769,-0.44143,0.0,0.00194,2.58,2.58
-0.71031,-0.85861,0.01734,-0.0181,0.6507,0.64
-0.17045,-0.8919,0.00027,-0.03057,0.3616,0.3647
-0.15776,-0.92391,-0.02496,0.0287,0.2656,0.2724
-0.16897,-0.30915,0.0269,0.00862,0.3092,0.316
-0.27227,-0.43404,0.0215,-0.00081,0.25,0.2465
-0.25411,-0.25411,0.02236,-0.02277,0.544,0.5321
-0.14273,-0.14273,0.05018,-0.04735,0.6425,0.6237
-0.19218,-0.20034,0.00983,-0.04101,2.29,2.2776
-0.19079,-0.37879,0.0163,-0.00271,1.85,1.84
-0.16393,-0.48485,0.01672,-0.02288,1.52,1.495
-0.20261,-0.58923,0.0,0.0082,1.21,1.23
-0.16667,-0.59596,0.01754,0.00733,1.21,1.2088
-0.16872,-0.65993,0.02956,-0.02871,0.9722,0.981
-0.14538,-0.62593,0.02262,-0.0054,1.12,1.105
-0.15571,-0.67901,0.00427,-0.00904,0.5175,0.5153
-0.13983,-0.22519,0.00949,-0.02424,0.98,0.9904
-0.42928,-0.57244,0.08192,-0.07588,0.4986,0.5176
-0.20697,-0.20697,0.03927,0.01307,3.44,3.31
-0.24559,-0.46712,0.0,0.0,4.7,4.7
-0.14188,-0.31985,0.008,-0.01244,18.8697,18.72
-0.14679,-0.79534,0.01608,-0.01645,15.3,15.55
-0.3672,-0.87188,0.04084,-0.04011,9.75,9.5
-0.18982,-0.85579,0.06383,-0.02962,11.07,10.81
-0.28224,-0.86007,0.12943,-0.01633,4.475,4.095
-0.10793,-0.36301,0.09833,-0.0558,4.06,3.824
-0.22572,-0.53602,-0.00324,0.04746,3.0724,3.09
-0.04934,-0.54545,0.0935,-0.14879,2.42,2.46
-0.16265,-0.78138,0.05616,-0.01367,1.448,1.371
-0.13846,-0.7882,0.07632,-0.0875,1.1,1.022
-0.31099,-0.8684,0.00347,-0.0056,0.6944,0.692
-0.33484,-0.88294,0.02055,0.00276,0.5562,0.545
-0.35415,-0.91111,0.12533,0.02472,0.4232,0.4229
-0.18403,-0.18403,0.07143,-0.01702,4.74,4.62
-0.17825,-0.33804,0.01076,-0.0742,3.51,3.53
-0.26321,-0.32205,0.04056,-0.08451,3.62,3.575
-0.15828,-0.23727,0.0006,-0.01757,8.39,8.385
-0.18559,-0.18559,0.00559,-0.01106,8.99,8.94
-0.14111,-0.16441,0.02817,-0.04665,2.4162,2.35
-0.22552,-0.32263,0.00207,-0.01806,2.1795,2.175
-0.30102,-0.58104,0.04869,-0.02555,1.4,1.335
-0.31482,-0.6105,0.01087,-0.01992,0.91,0.92
-0.28491,-0.53266,0.00128,0.0209,15.65,15.63
-0.30633,-0.41116,0.00351,-0.001,10.0,9.965
-0.24839,-0.51719,0.02014,-0.01943,7.09,6.95
-0.15997,-0.39129,0.03448,-0.00747,3.36,3.335
-0.23835,-0.35994,0.00278,0.0,2.13,2.125
-0.145,-0.48494,0.00592,-0.0117,1.6985,1.69
-0.27511,-0.57146,0.07812,0.0125,0.69,0.64
-0.56765,-0.89839,0.00393,0.0102,17.01,17.82
-0.2047,-0.90645,0.02388,0.00141,14.54,14.24
-0.22702,-0.92697,0.02513,0.03964,11.24,11.54
-0.26198,-0.7825,-0.00385,-0.12442,12.88,12.9499
-0.18215,-0.73985,0.01591,-0.09412,16.19,16.025
-0.16389,-0.76974,0.09728,-0.05804,10.91,10.845
-0.19747,-0.8098,0.01279,-0.01367,9.5,9.38
-0.2459,-0.9034,0.01033,0.00207,4.85,4.84
-0.25277,-0.9332,0.01381,0.0838,3.67,3.62
-0.23718,-0.49831,0.00168,0.00336,2.99,2.985
-0.22118,-0.31486,0.01149,0.04819,3.04,3.045
-0.14125,-0.38226,0.04852,-0.0226,2.59,2.56
-0.20101,-0.22119,0.00071,-0.01128,7.02,7.015
-0.18448,-0.18448,0.01483,-0.00078,6.5,6.405
-0.22577,-0.45804,0.0,0.01812,3.09,3.09
-0.38841,-0.74554,0.0,-0.01754,1.4,1.4
-0.28742,-0.28742,0.07304,-0.06107,0.498,0.4751
-0.5,-0.8503,0.02238,-0.03167,11.44,11.62
-0.22222,-0.84314,-0.0009,-0.00268,11.11,11.17
-0.18494,-0.88447,0.00769,-0.00094,6.222,6.371
-0.33453,-0.79761,0.07692,0.01583,10.92,10.14
-0.21272,-0.21272,-0.02705,-0.02121,7.054,7.3899
-0.22063,-0.59041,0.00268,-0.05041,3.74,3.73
-0.16883,-0.58005,-0.00955,-0.01875,3.11,3.14
-0.24595,-0.68126,-0.00431,-0.00429,2.31,2.32
-0.26527,-0.93816,0.04003,-0.04319,12.21,11.74
-0.19727,-0.9525,0.01686,0.00679,9.296,9.488
-0.1874,-0.96048,0.01437,-0.00612,7.648,7.792
-0.41058,-0.98167,0.00557,-0.00734,3.6301,3.61
-0.16497,-0.24545,0.00066,0.01194,15.22,15.21
-0.17493,-0.44001,0.01471,-0.02465,10.88,10.88
-0.17411,-0.7342,-0.02273,-0.04865,3.22,3.52
-0.13699,-0.60625,-0.00346,-0.08254,2.88,2.89
-0.05556,-0.48907,0.01705,-0.05882,1.79,1.76
-0.16762,-0.61883,-0.00018,-0.0047,0.55,0.5501
-0.1682,-0.56053,0.00874,0.02534,0.5939,0.5948
-0.13774,-0.76782,0.01911,-0.01644,0.256,0.2512
-0.1875,-0.53178,0.01993,-0.02842,2.19,2.1472
-0.27447,-0.60636,0.00268,0.00805,1.87,1.865
-0.21658,-0.47112,0.01381,0.00321,1.49,1.4697
-0.17371,-0.53439,0.0,0.00568,1.77,1.77
-0.20411,-0.22444,0.07335,-0.03766,8.78,8.18
-0.1731,-0.37983,0.02358,-0.0177,2.17,2.12
-0.14483,-0.54412,0.0,-0.00806,1.23,1.23
-0.12842,-0.51294,0.01167,-0.03004,1.2968,1.285
-0.01889,-0.42973,-0.00494,-0.08032,0.5508,0.5874
-0.12086,-0.5525,0.03733,-0.03791,0.4875,0.4822
-0.14286,-0.14286,-0.00138,-0.0082,7.25,7.26
-0.13546,-0.14581,-0.0013,-0.01911,7.69,7.7
-0.28258,-0.47084,0.0,-0.02449,4.78,4.78
-0.29132,-0.29132,0.04841,0.01142,0.7429,0.7086
-0.13478,-0.24675,0.01941,-0.035,3.893,3.915
-0.28379,-0.30667,0.00981,0.03646,7.721,7.646
-0.24358,-0.46297,0.06743,-0.01628,5.679,5.621
-0.20241,-0.20241,0.014,-0.00168,18.11,17.86
-0.14457,-0.60187,0.0016,-0.0087,16.8,16.7732
-0.19428,-0.52965,0.03125,-0.02351,20.13,19.52
-0.22016,-0.50061,0.04931,-0.0047,16.45,15.6865
-0.16164,-0.54192,0.00224,0.006,6.6475,6.705
-0.2525,-0.64489,0.01836,0.00167,3.0486,2.995
-0.24472,-0.83406,0.00395,-0.00437,2.205,2.28
-0.21909,-0.81645,0.00479,0.06212,2.053,2.086
-0.19808,-0.34874,0.02346,-0.02878,4.115,4.05
-0.37924,-0.60327,0.00745,0.07143,2.536,2.55
-0.28571,-0.28571,0.0106,0.04815,14.0,14.15
-0.14615,-0.4127,0.06364,-0.00901,11.4,11.0
-0.3264,-0.3264,0.02622,0.00603,13.7,13.35
-0.17817,-0.54528,0.03258,-0.00636,9.191,8.901
-0.36262,-0.77025,0.02082,-0.02364,4.5,4.419
-0.18273,-0.82132,0.0214,-0.00426,3.58,3.505
-0.19881,-0.82919,0.00545,0.01932,3.4487,3.43
-0.1875,-0.76147,-0.00922,0.00542,2.57,2.6141
-0.20274,-0.46483,0.01754,-0.02062,2.32,2.28
-0.14873,-0.58356,-0.0056,-0.01463,0.71,0.714
-0.23529,-0.25714,0.0197,0.01538,0.1346,0.132
-0.27792,-0.27792,0.01104,-0.00692,0.174,0.1721
-0.09954,-0.34417,0.02319,-0.06861,0.15,0.1466
-0.179,-0.84121,0.0218,-0.02717,14.13,14.68
-0.22467,-0.87762,0.02568,0.0043,11.86,11.68
-0.21995,-0.90371,0.02063,-0.00951,9.063,9.063
-0.29586,-0.92941,0.0081,0.0123,6.175,6.175
-0.19619,-0.94374,-0.0093,0.01896,4.18,4.3
-0.30137,-0.92835,0.03212,0.01743,4.7,4.67
-0.14894,-0.93319,0.00128,-0.02625,3.85,3.895
-0.4607,-0.8692,0.01622,-0.00135,11.211,11.1
-0.13973,-0.52573,0.06596,-0.06944,0.14,0.1501
-0.30503,-0.5205,-0.0328,0.03752,0.115,0.1189
-0.21372,-0.73894,-0.01087,-0.00505,13.65,13.8
-0.20264,-0.2507,0.0075,0.00301,13.05,13.34
-0.16797,-0.68225,0.01512,-0.00189,5.36,5.29
-0.18257,-0.18257,0.02564,-0.06526,9.6,9.36
-0.39419,-0.61673,0.02947,-0.04153,4.6326,4.5
-0.24242,-0.24242,-0.00435,0.00068,3.9627,3.98
-0.13636,-0.34857,0.0,-0.05848,3.22,3.22
-0.28626,-0.64381,0.01622,-0.0107,1.88,1.85
-0.31229,-0.58182,-0.00913,0.05797,2.17,2.19
-0.23333,-0.52479,0.02079,-0.0587,2.19,2.165
-0.9125,-0.98578,0.39583,0.05495,5.8,4.8
-0.28904,-0.98619,0.03125,-0.02804,4.22,4.16
-0.08899,-0.98144,0.03306,-0.06684,3.72,3.63
-0.16667,-0.98333,0.02389,-0.02333,2.94,2.93
-0.16333,-0.98499,0.02,-0.00398,2.5,2.5
-0.21651,-0.97955,0.03049,0.00572,3.24,3.2701
-0.24316,-0.98434,0.04912,0.0106,2.55,2.5164
-0.19277,-0.3991,-0.00228,-0.02015,1.31,1.313
-0.20089,-0.89584,0.01667,-0.02489,19.52,19.2
-0.17857,-0.90753,0.01852,-0.01144,17.44,17.28
-0.1934,-0.92763,0.01163,0.00585,13.6,13.76
-0.1763,-0.9397,0.00694,0.01053,11.6,11.52
-0.17277,-0.94889,0.02092,-0.01056,9.758,9.56
-0.1906,-0.95138,0.00863,0.00603,6.801,6.84
-0.22249,-0.96228,0.04175,-0.01043,4.881,4.838
-0.19918,-0.94421,0.05847,-0.01291,5.503,5.199
-0.23317,-0.69318,0.00383,-0.03333,2.62,2.61
-0.24297,-0.78863,0.01667,-0.00514,1.81,1.8
-0.2,-0.85882,0.02,-0.01031,0.9401,0.9501
-0.2069,-0.76434,-0.00429,0.01304,1.16,1.165
-0.12222,-0.12707,0.0,-0.03165,1.53,1.53
-0.18639,-0.62432,0.00364,0.0,1.3701,1.375
0.01345,-0.69126,-0.03229,-0.15858,0.92,0.9508
-0.11979,-0.14125,0.04384,-0.02824,2.5,2.395
-0.16844,-0.36104,0.0,-0.01919,2.29,2.3
-0.18692,-0.58506,0.03543,-0.02682,2.58,2.54
-0.20318,-0.30401,0.02022,-0.0133,2.2139,2.225
-0.18048,-0.27541,0.00248,-0.01387,6.0401,6.045
-0.34451,-0.41892,0.00189,0.0,3.2311,3.225
-0.16801,-0.26074,0.0211,-0.00745,2.4,2.37
-0.11408,-0.4526,-0.01149,-0.05644,0.616,0.6353
-0.18324,-0.30387,0.0,-0.01565,2.83,2.83
-0.08837,-0.40244,-0.02151,-0.05102,1.82,1.86
-0.12653,-0.3496,-0.00493,-0.03964,2.02,2.03
-0.26666,-0.50749,-0.001,-0.00184,19.16,19.91
-0.15019,-0.35229,0.0,-0.01862,12.91,12.91
-0.24031,-0.91552,0.06061,0.0102,16.48,15.84
-0.26316,-0.26316,0.01398,-0.04196,10.23,10.73
-0.34912,-0.34912,0.01463,0.02193,10.26,10.25
-0.21033,-0.51201,0.01483,-0.00492,7.472,7.483
-0.4,-0.7,0.50955,0.02614,2.22,1.57
-0.21019,-0.75686,0.00781,0.03226,1.25,1.28
-0.36673,-0.62412,0.00992,-0.02239,1.323,1.31
-0.19475,-0.47816,0.00178,0.03926,2.811,2.806
-0.18481,-0.38529,-0.00583,-0.00179,2.215,2.228
-0.15448,-0.35191,0.00514,-0.01017,19.45,19.4501
-0.31268,-0.32495,0.00419,0.01051,9.59,9.55
-0.14286,-0.35135,0.04865,-0.03646,1.94,1.85
-0.30671,-0.4602,0.02273,0.01382,2.2494,2.2
-0.8378,-0.8378,0.02704,0.04514,5.55,5.696
-0.20549,-0.8664,0.03782,-0.03408,4.305,4.336
-0.10653,-0.89292,0.03608,-0.08338,3.417,3.298
-0.16111,-0.40766,0.52439,-0.0182,5.95,4.1
-0.22236,-0.22236,0.08547,0.04483,5.857,5.85
-0.09365,-0.62444,-0.07205,-0.00819,2.022,2.179
-0.06393,-0.31579,0.19048,-0.08727,2.529,2.646
-0.64061,-0.64061,0.01048,0.02066,3.869,4.2
-0.31597,-0.74306,-0.00881,0.04113,2.974,3.063
-0.18276,-0.18276,0.00093,0.0251,5.375,5.37
-0.39252,-0.39252,0.07692,0.11791,4.6,4.55
-0.18061,-0.40075,0.00536,-0.02391,3.9,3.919
-0.19903,-0.36538,0.0,0.04242,2.53,2.58
-0.38895,-0.38895,-0.00187,-0.02557,10.3,10.67
-0.42493,-0.67097,0.00261,-0.01286,15.39,15.35
-0.22575,-0.40446,-0.00113,0.03279,8.81,8.82
-0.16613,-0.3296,0.00146,0.01314,6.87,6.86
-0.16259,-0.16259,0.0022,-0.00365,13.68,13.65
-0.21018,-0.44703,0.00168,0.00224,8.96,8.945
-0.30382,-0.36823,0.00223,-0.00368,6.7,6.735
-0.17223,-0.17223,0.00725,0.00081,12.5,12.41
-0.20232,-0.22644,0.02419,0.01379,13.55,13.23
-0.21851,-0.35894,0.01124,-0.0021,7.11,7.12
-0.15919,-0.45599,0.0099,-0.00584,6.0,5.96
-0.22055,-0.63592,0.0031,-0.0341,3.27,3.2599
-0.17331,-0.70928,0.01284,0.01113,2.75,2.725
-0.23215,-0.33407,0.00167,0.00223,17.97,18.0
-0.29986,-0.45589,0.60066,-0.41118,18.05,18.23
-0.41871,-0.43991,0.10233,-0.01627,17.99,16.32
-0.21951,-0.56786,-0.00078,-0.00312,12.69,12.76
-0.24742,-0.67605,-0.00624,0.00152,9.55,9.61
-0.33779,-0.64631,-0.00774,-0.01396,10.25,10.33
-0.19687,-0.2622,0.01559,0.00679,12.05,11.87
-0.3963,-0.87175,0.0,0.01227,1.56,1.65
-0.1358,-0.88985,0.02576,-0.03214,1.34,1.355
-0.226,-0.54119,0.04179,0.01618,0.9423,0.9045
-0.16144,-0.36076,0.00122,-0.01445,8.19,8.19
-0.15303,-0.355,-0.00596,0.0006,8.34,8.39
-0.16027,-0.49616,-0.00304,0.00307,6.55,6.57
-0.17785,-0.6977,0.0225,0.01784,3.9111,4.0
-0.26724,-0.39502,0.00265,-0.00265,1.7,1.6955
-0.54972,-0.56276,0.00139,-0.00759,7.15,7.19
-0.20095,-0.30453,0.04594,-0.02367,3.4516,3.3
-0.14754,-0.41573,-0.00387,-0.00577,2.575,2.585
-0.34261,-0.46,0.00258,0.02381,1.94,1.935
-0.35175,-0.35175,0.00806,0.03119,2.43,2.48
-0.23269,-0.23269,0.02531,-0.01588,5.56,5.452
-0.17504,-0.29666,0.01538,0.00773,9.75,9.7599
-0.15998,-0.26584,0.00124,0.00137,8.06,8.05
-0.15564,-0.29837,0.01385,-0.00363,6.96,6.865
-0.20883,-0.49001,0.0101,-0.0116,4.95,4.95
-0.8108,-0.8283,0.0,0.0629,18.0,18.25
-0.42506,-0.94388,0.07782,0.0827,5.595,5.59
-0.2298,-0.96095,-0.00083,0.00139,3.55,3.598
-0.21067,-0.96913,-0.00177,-0.00423,2.805,2.828
-0.15128,-0.95652,0.00883,-0.00875,3.9,3.965
-0.17572,-0.96568,0.0,-0.00222,3.13,3.15
-0.17241,-0.97391,0.01255,-0.00417,2.42,2.39
-0.13362,-0.77691,-0.08245,-0.04478,3.5234,3.84
-0.19557,-0.53319,0.0,0.03211,2.25,2.25
-0.21555,-0.31061,0.0226,-0.02747,1.8,1.77
-0.15952,-0.15952,-0.00451,-0.01904,8.618,8.657
-0.12633,-0.69061,-0.01286,-0.0153,1.842,1.866
-0.28389,-0.32514,-0.00297,0.0275,1.68,1.685
-0.23097,-0.23097,-0.0157,0.02647,4.39,4.46
-0.18496,-0.39558,0.00146,0.00293,3.42,3.425
-0.12676,-0.13889,0.11864,-0.04839,11.8,11.8
-0.17658,-0.3934,0.02776,-0.01603,4.38,4.359
-0.21519,-0.65428,0.01529,0.00538,1.86,1.87
-0.16789,-0.30732,0.0,0.00667,2.5212,2.58
-0.18149,-0.32749,0.02458,-0.02174,2.3053,2.25
-0.31606,-0.57962,0.00369,0.02652,1.36,1.355
-0.30223,-0.32183,0.00743,0.00518,11.6,11.65
-0.18234,-0.33114,0.00276,0.01543,3.63,3.62
-0.26583,-0.33186,0.00094,0.01327,10.03,10.69
-0.26467,-0.44036,0.04887,-0.02773,14.81,14.12
-0.1775,-0.38428,0.00103,-0.01418,9.74,9.73
-0.18432,-0.28389,0.002,-0.00892,9.96,10.0
-0.0607,-0.20513,0.10634,-0.09602,0.93,0.8407
-0.27168,-0.27168,0.01575,0.00794,1.23,1.27
-0.3164,-0.3164,-0.01053,-0.00021,0.94,0.95
-0.29893,-0.54108,0.01164,0.05032,0.6398,0.67
-0.45903,-0.45903,0.02105,-0.02439,3.6,3.8
-0.1671,-0.45656,0.01582,-0.0094,3.1601,3.16
-0.20398,-0.20398,0.04994,-0.06146,4.51,4.505
-0.25405,-0.25405,0.08155,0.01085,9.97,9.32
-0.35252,-0.35252,0.00212,-0.05794,9.33,9.43
-0.18956,-0.50833,0.00654,0.03729,3.08,3.06
-0.15534,-0.35793,0.07101,-0.02874,3.62,3.38
-0.33657,-0.38438,0.02381,0.02439,2.15,2.1
-0.22173,-0.46682,0.00529,-0.02078,1.9,1.89
-0.17972,-0.20713,0.00282,-0.00562,3.55,3.54
-0.17529,-0.3608,0.0,0.01394,2.8312,2.91
-0.19178,-0.48696,-0.00426,-0.00424,1.15,1.175
-0.16754,-0.65849,-0.00014,-0.007,0.6951,0.6952
-0.21436,-0.30982,0.0,0.00013,0.78,0.78
-0.2541,-0.2541,0.03835,0.00011,0.89,0.9101
-0.17175,-0.43041,0.00846,-0.03065,0.662,0.6736
-0.22378,-0.74658,0.0,-0.00901,17.6,17.6
-0.22464,-0.75571,0.01869,0.0,17.28,17.12
-0.18056,-0.79795,0.01252,0.01554,14.53,14.38
-0.17204,-0.5353,-0.00645,0.00649,1.54,1.55
-0.3215,-0.3215,0.00553,0.04067,3.5997,3.5799
-0.14815,-0.54635,-0.00435,0.0,2.29,2.3
-0.21891,-0.30556,0.0132,0.00013,0.74,0.7501
-0.20961,-0.3993,0.02989,-0.03096,0.5995,0.5821
-0.17246,-0.24107,-0.0044,0.00188,5.9,5.9612
-0.17362,-0.21482,0.00128,0.02175,11.76,11.745
-0.37161,-0.40811,0.00036,0.01758,13.8499,13.895
-0.20042,-0.20042,0.0,-0.0139,2.05,2.05
-0.02782,-0.30107,0.0293,-0.12279,0.65,0.6315
-0.14262,-0.59612,0.04331,-0.05649,0.3999,0.3925
-0.20742,-0.54064,0.02829,-0.00766,0.3558,0.35
-0.18412,-0.26474,0.01053,0.0214,1.9101,1.9
-0.14763,-0.14763,0.0054,-0.00376,2.1403,2.1484
-0.20279,-0.24708,0.03578,0.03107,2.7,2.655
-0.16667,-0.38596,0.03211,-0.04038,2.05,2.0152
-0.12188,-0.58918,0.00366,-0.02847,1.31,1.365
-0.19615,-0.69444,0.00526,0.01856,1.06,1.0644
-0.19479,-0.84807,0.00717,-0.00635,0.518,0.5163
-0.15714,-0.65497,0.01311,-0.01712,1.165,1.1598
-0.24254,-0.39406,0.0146,-0.00284,0.5661,0.5618
-0.26783,-0.53592,0.01525,0.0364,0.2834,0.2819
-0.25136,-0.47978,0.00608,0.02314,0.2937,0.2962
-0.25303,-0.50037,0.01469,0.00542,0.2048,0.2042
-0.17806,-0.61198,0.00994,-0.01129,0.1569,0.15595
-0.17931,-0.17931,0.03896,-0.02941,2.4,2.31
-0.132,-0.31159,0.38021,-0.03827,2.2399,1.92
-0.4048,-0.41573,0.00339,0.03042,2.96,2.95
-0.20439,-0.51939,0.01261,0.01062,2.41,2.38
-0.20923,-0.47551,0.02326,0.00389,2.64,2.58
-0.20665,-0.4398,0.00725,0.00546,2.78,2.76
-0.4148,-0.4148,0.01812,-0.00228,4.4002,4.4199
-0.30921,-0.58388,0.00314,0.01111,3.195,3.185
-0.18864,-0.18864,-0.01161,0.01647,3.63,3.703
-0.18721,-0.2996,0.11607,-0.03863,3.31,3.36
-0.3771,-0.62926,0.0,0.0,1.85,1.85
-0.17563,-0.28649,-0.00083,-0.02618,12.03,12.09
-0.19413,-0.50259,0.00343,0.01098,8.7,8.75
-0.15792,-0.57557,0.0394,-0.00339,7.65,7.36
-0.27477,-0.55402,0.01444,-0.01804,7.7,7.62
-0.20697,-0.6477,0.02341,-0.02449,6.12,5.98
-0.17226,-0.76595,0.00496,-0.01044,4.05,4.03
-0.23932,-0.37972,0.00415,-0.01761,4.82,4.82
-0.20661,-0.51454,0.01571,-0.00521,3.88,3.82
-0.68966,-0.68966,0.09677,-0.13889,8.0,7.75
-0.27514,-0.42586,0.00605,-0.00721,16.5,16.53
-0.24103,-0.80597,0.06869,-0.02027,6.1497,5.8
-0.14022,-0.75483,-0.04672,-0.01131,7.02,7.3955
-0.32358,-0.32358,0.01331,0.00584,4.24,4.1843
-0.0159,-0.42112,0.1634,-0.22264,1.78,1.53
-0.16689,-0.46867,0.0,-0.03275,1.66,1.66
-0.1462,-0.54375,0.00685,0.0,1.47,1.46
-0.21186,-0.65809,-0.02128,0.01075,0.91,0.94
-0.18776,-0.607,0.018,0.00059,0.5112,0.5112
-0.19714,-0.19714,0.02143,-0.00356,1.3605,1.4
-0.18165,-0.35,0.00855,0.02857,1.18,1.17
-0.30275,-0.56571,-0.0091,0.02645,0.773,0.7801
-0.20382,-0.68817,0.00151,-0.02657,0.525,0.5312
-0.34943,-0.68977,0.10497,0.00018,0.5999,0.543
-0.15543,-0.66217,0.00511,-0.04076,0.57,0.5671
-0.15273,-0.74291,-0.00022,-0.00422,0.445,0.448
-0.26903,-0.63234,0.0,0.01212,0.61,0.6512
-0.16064,-0.66857,0.01577,0.01672,0.5729,0.5897
-0.23724,-0.23724,0.07895,-0.04194,1.23,1.14
-0.57287,-0.64715,0.68269,-0.08872,24.5,16.64
-0.58538,-0.86957,0.21222,0.07156,7.975,7.233
-0.19562,-0.89353,0.02776,-0.00635,5.378,5.475
-0.2206,-0.91855,0.01538,0.01827,4.273,4.292
-0.31812,-0.89782,0.0146,-0.05446,5.068,5.0
-0.19311,-0.94251,0.0209,0.01345,2.99,3.015
-0.15582,-0.9599,0.00582,-0.00578,2.063,2.063
-0.2602,-0.92676,0.00987,0.01636,3.78,3.852
-0.37783,-0.86715,0.02476,-0.05425,6.515,6.502
-0.35758,-0.91807,0.01914,-0.01415,4.26,4.18
-0.35833,-0.72127,0.02174,0.07088,3.23,3.2983
-0.26329,-0.53788,0.01923,0.02295,3.07,3.12
-0.20588,-0.59091,-0.00717,0.03333,2.7594,2.79
-0.14145,-0.47273,-0.01277,-0.09962,2.32,2.35
-0.17599,-0.17599,0.00803,-0.00599,2.38,2.49
-0.19198,-0.27305,-0.00355,-0.00184,0.7012,0.7037
-0.17467,-0.41048,-0.00565,0.02123,0.88,0.885
-0.31236,-0.55226,0.00253,-0.00126,15.87,15.83
-0.13609,-0.33507,0.0005,-0.02006,10.02,10.015
-0.21708,-0.26793,-0.00092,0.00462,10.86,10.87
-0.16081,-0.23302,0.01194,-0.01127,18.63,18.42
-0.15185,-0.49336,0.00877,-0.00437,11.5,11.4
-0.1554,-0.66582,-0.001,-0.01118,6.008,6.014
-0.18801,-0.30272,-0.00147,-0.0152,13.59,13.61
-0.44423,-0.51582,0.04723,-0.02867,8.8182,8.47
-0.17489,-0.59134,0.06021,-0.01834,7.27,7.225
-0.17986,-0.4704,0.00086,-0.01863,5.8,5.795
-0.15426,-0.34503,0.00065,-0.01594,7.71,7.715
-0.16266,-0.18614,0.00143,0.00239,10.49,10.475
-0.27342,-0.41978,0.00123,0.0093,8.1381,8.14
-0.31499,-0.43736,0.01887,0.02614,5.35,5.3
-0.17499,-0.1902,0.01429,0.00999,18.41,18.19
-0.16588,-0.16588,0.02909,-0.02576,19.26,18.91
-0.21157,-0.38505,0.00071,-0.01398,13.944,14.11
-0.19852,-0.19852,0.0,0.00366,10.94,10.94
-0.26846,-0.50903,0.01488,-0.01052,9.55,9.41
-0.24605,-0.73493,0.00193,0.00888,5.19,5.18
-0.28742,-0.38118,0.00407,-0.00974,4.91,4.8901
-0.14918,-0.34976,0.02069,-0.03046,6.66,6.525
-0.15505,-0.25385,-0.00206,0.0,2.42,2.425
-0.3031,-0.51538,-0.02208,0.00635,1.48,1.585
-0.19,-0.62615,0.04418,0.02469,1.26,1.245
-0.12398,-0.70889,-0.01634,-0.01702,0.9148,0.93
-0.30048,-0.35333,0.01386,-0.00351,1.4603,1.4499
-0.15728,-0.32008,0.0028,-0.00557,1.77,1.785
-0.21472,-0.39048,0.0,0.07031,1.37,1.37
-0.27968,-0.91678,0.02621,-0.00238,12.4,12.59
-0.23574,-0.88811,-0.01317,0.03221,5.693,5.769
-0.27171,-0.92342,-0.00228,0.03425,3.947,3.956
-0.17759,-0.90361,0.01881,0.00326,4.05,4.307
-0.18112,-0.91957,0.01458,-0.0027,3.48,3.43
-0.13918,-0.89295,0.00924,-0.03194,2.42,2.425
-0.17105,-0.89806,0.00319,0.01058,1.87,1.91
-0.39596,-0.39596,0.10222,-0.09699,0.1488,0.135
-0.79884,-0.86204,0.01458,0.04046,14.08,14.4
-0.21492,-0.88567,0.02334,0.00872,11.68,11.57
-0.1151,-0.1151,0.05,-0.05827,16.8,16.0
-0.31539,-0.38385,0.02481,-0.01183,11.98,11.69
0.14781,-0.67401,0.44031,-0.34686,3.808,4.088
-0.14793,-0.80864,-0.00351,-0.01042,2.52,2.85
-0.21748,-0.3316,0.02159,0.04242,6.15,6.02
-0.23545,-0.61569,0.00346,0.0,1.45,1.445
-0.34684,-0.34684,0.0216,-0.01651,2.08,2.0556
-0.14521,-0.20028,0.00178,-0.01401,2.8137,2.815
-0.19176,-0.43614,0.01483,-0.01472,17.658,17.4
-0.14692,-0.61538,0.03509,-0.05,1.77,1.71
-0.16938,-0.16938,0.01115,-0.00352,2.72,2.69
-0.12357,-0.19965,0.02791,-0.06725,2.11,2.15
-0.11494,-0.46528,0.00678,-0.03253,1.5,1.4899
-0.13112,-0.1471,0.02571,-0.00407,3.67,3.695
-0.28812,-0.49166,-0.01961,-0.01184,9.0,9.18
-0.19484,-0.57263,-0.00313,0.02367,7.97,7.995
-0.26516,-0.71491,-0.00546,0.05374,5.22,5.49
-0.16346,-0.50411,0.01277,-0.02289,4.5166,4.7
-0.21328,-0.21328,-0.01342,0.05219,1.47,1.49
-0.16735,-0.19685,0.0297,-0.0098,8.32,8.08
-0.23276,-0.65333,0.00806,-0.04615,1.922,1.984
-0.30616,-0.66992,0.02605,-0.0644,1.08,1.075
-0.23019,-0.52403,0.00402,-0.03301,0.9468,0.996
-0.26167,-0.51841,0.08023,0.0,0.912,0.8476
-0.21192,-0.60386,0.0,-0.01159,0.604,0.6484
-0.17339,-0.75242,0.00944,0.03317,0.4272,0.4236
-0.18727,-0.7136,0.00679,-0.00078,0.3824,0.3829
-0.41331,-0.41331,0.0473,0.01718,11.87,11.84
-0.24527,-0.5496,0.0367,-0.02417,8.8,8.72
-0.09787,-0.09787,-0.00709,-0.07407,6.87,7.05
-0.26654,-0.26654,-0.03462,-0.03222,7.25,7.51
-0.26959,-0.48015,0.03763,0.01455,5.79,5.58
-0.13969,-0.52919,0.03178,-0.05244,4.5,4.72
-0.11864,-0.23529,-0.01478,-0.02404,2.0,2.03
-0.2265,-0.2265,0.12178,0.04594,5.34,5.2506
-0.12702,-0.26826,0.03707,-0.04569,4.55,4.532
-0.50148,-0.62172,0.01025,-0.03151,19.5587,19.52
-0.23191,-0.32817,0.00175,0.09615,5.71,5.7
-0.18501,-0.28531,-0.00195,0.00587,5.13,5.14
-0.26054,-0.27776,0.03634,0.01649,11.7625,11.35
-0.19128,-0.23435,0.00086,0.01478,5.84,5.835
-0.21033,-0.21653,0.00767,-0.00118,17.08,16.95
-0.17764,-0.28735,-0.01456,-0.01118,6.09,6.18
-0.17429,-0.34094,0.03894,-0.02249,5.87,5.65
-0.48111,-0.48111,-0.00178,-0.00355,5.51,5.61
-0.14531,-0.49585,-0.03592,-0.03291,5.1,5.29
-0.33922,-0.6894,0.20874,-0.38872,2.3,2.06
-0.15865,-0.17712,0.00191,-0.0019,2.52,2.62
-0.21297,-0.43017,0.02022,-0.02626,6.81,6.675
-0.61927,-0.7505,0.03174,-0.00351,19.36,19.85
-0.13462,-0.4375,-0.00291,-0.04472,6.381,6.878
-0.17395,-0.33457,-0.00118,-0.05367,2.528,2.539
-0.35301,-0.49218,0.01847,0.01348,1.93,1.895
-0.17724,-0.17724,0.01699,0.01729,3.86,3.825
-0.35013,-0.44967,0.0,0.07753,2.63,2.71
-0.54682,-0.73523,0.02265,0.09091,1.3303,1.32
-0.19925,-0.53392,-0.00238,-0.01174,1.99,2.105
-0.2214,-0.53829,0.00379,-0.01185,2.05,2.085
-0.36464,-0.74836,0.06612,0.05217,1.2815,1.21
-0.17626,-0.75063,0.2201,0.00577,0.7361,0.6797
-0.22059,-0.33513,-0.00809,0.0,3.68,3.71
-0.23077,-0.32743,0.01039,0.01316,3.89,3.85
-0.2963,-0.73819,0.00765,-0.00752,1.3301,1.32
-0.12372,-0.45293,0.03082,-0.04969,0.97,0.941
-0.37024,-0.9529,0.00546,0.00549,18.4,18.3
-0.32542,-0.70839,0.00895,-0.00179,5.515,5.589
-0.14921,-0.27192,0.0,-0.0206,1.854,1.854
-0.1872,-0.1872,0.0,0.02526,1.25,1.25
-0.15711,-0.15711,-0.00262,0.00448,1.9,1.905
-0.32764,-0.32764,0.03376,0.00424,4.79,4.74
-0.50212,-0.66595,0.09957,-0.01493,2.4,2.31
-0.28139,-0.76353,0.03385,-0.02108,1.6496,1.625
-0.20433,-0.76425,0.01807,0.00302,1.65,1.66
-0.19922,-0.85399,0.03415,0.0,1.05,1.025
-0.21948,-0.3133,0.00182,0.02235,2.7,2.745
-0.51224,-0.54133,0.0,0.0301,2.06,2.06
-0.27421,-0.42017,0.00741,-0.011,12.23,12.14
-0.14608,-0.34027,0.0,-0.00795,19.31,19.34
-0.84016,-0.84217,0.01982,0.00181,2.8294,2.775
-0.24831,-0.87322,0.00225,0.0,2.23,2.225
-0.31683,-0.36697,-0.00908,-0.01087,1.3526,1.365
-0.22785,-0.58923,0.00813,0.0082,1.24,1.23
-0.14062,-0.51754,0.06044,-0.17273,0.9251,0.91
-0.2295,-0.23587,0.0,0.02726,0.9497,0.9498
-0.47271,-0.95928,0.01258,0.00596,13.13,13.51
-0.18423,-0.95892,0.00147,0.00517,13.59,13.62
-0.41438,-0.98553,0.01724,0.00498,4.671,4.64
-0.20284,-0.98021,0.01523,-0.01325,4.928,4.991
-0.17857,-0.4751,-0.00802,-0.01383,4.95,4.99
-0.13889,-0.34211,-0.00528,-0.02194,7.54,7.58
-0.7266,-0.7266,0.01464,0.00246,4.09,4.07
-0.33578,-0.81751,0.01825,0.01107,2.75,2.74
-0.18641,-0.74195,0.01567,-0.00052,3.89,3.83
-0.37798,-0.7847,0.01209,0.01964,3.29,3.26
-0.05615,-0.79057,0.05206,-0.1045,2.93,2.785
-0.21011,-0.39634,0.02041,-0.0101,1.5,1.47
-0.18507,-0.50811,0.0,-0.00183,0.545,0.545
-0.183,-0.19101,-0.00054,0.01541,9.22,9.225
-0.19473,-0.22757,0.01885,0.00845,9.55,9.55
-0.21552,-0.4062,0.01922,0.00687,7.4695,7.33
-0.24476,-0.66158,0.00179,-0.0288,6.8953,6.9975
-0.15727,-0.61367,-0.0103,0.00365,8.17,8.255
-0.16063,-0.63556,0.00274,-0.01617,3.66,3.65
-0.16391,-0.6994,0.02365,-0.03271,3.02,2.96
-0.1549,-0.61723,0.01392,0.0,2.18,2.155
-0.56486,-0.62954,0.0407,-0.03314,4.05,3.8916
-0.41875,-0.72807,0.00549,-0.02151,14.56,14.56
-0.16,-0.81579,-0.01562,0.01587,10.08,10.24
-0.21981,-0.21981,-0.00523,0.02017,17.0,17.2
-0.19333,-0.66404,0.00696,-0.01102,7.2,7.18
-0.27111,-0.4977,0.00154,-0.00762,3.26,3.255
-0.12673,-0.37716,0.00427,-0.07388,7.05,7.02
-0.79887,-0.83239,0.03488,-0.03371,1.71,1.72
-0.70978,-0.72071,0.03883,0.1573,2.72,3.09
-0.15793,-0.72782,0.0586,0.01653,2.73,2.645
-0.24984,-0.7489,-0.00413,0.00812,2.21,2.42
-0.21992,-0.80335,0.01149,-0.07447,1.76,1.74
-0.21348,-0.79926,0.00525,0.063,2.0507,2.04
-0.62602,-0.62602,0.02149,-0.13457,4.04,3.955
-0.53535,-0.84943,0.02747,-0.01087,1.74,1.82
-0.26678,-0.892,0.01653,-0.08319,1.21,1.21
-0.19209,-0.88298,-0.02841,0.03643,1.44,1.4821
-0.1381,-0.92594,0.06511,-0.02751,0.9374,0.8801
-0.22788,-0.22788,0.04608,-0.0706,7.93,8.03
-0.32474,-0.41466,-0.01216,0.12977,7.31,7.4
-0.20657,-0.48168,0.0,0.0069,5.84,5.84
-0.24242,-0.64254,0.00235,0.0625,4.26,4.25
-0.42918,-0.72658,0.02703,-0.03255,2.962,2.96
-0.14387,-0.73146,0.08333,-0.0416,3.1191,2.88
-0.288,-0.68881,0.01279,0.09831,1.94,1.955
-0.27473,-0.27473,0.03865,-0.05909,19.2,18.63
-0.15068,-0.63529,-0.00835,-0.03427,4.75,4.79
-0.48357,-0.83012,0.07511,0.02268,2.34,2.2499
-0.17045,-0.94364,0.00475,0.00863,0.4227,0.4207
-0.16449,-0.32816,0.00875,-0.02494,19.52,19.43
-0.27409,-0.27409,0.04669,0.02539,5.844,6.018
-0.15005,-0.36735,0.078,-0.07507,5.1,4.731
-0.27155,-0.40886,0.0,0.02286,6.62,6.621
-0.15179,-0.77053,-0.00529,-0.00526,1.87,1.89
-0.19171,-0.77778,0.02685,-0.02826,0.459,0.447
-0.28865,-0.79106,0.02535,-0.00578,0.4352,0.43
-0.1555,-0.48899,-0.00752,-0.01116,0.3052,0.319
-0.17474,-0.18119,0.00721,0.0021,0.4305,0.4302
-0.18287,-0.45692,0.0,-0.0085,7.0,7.0
-0.20877,-0.20877,0.08612,-0.00292,11.7001,11.96
-0.20918,-0.20918,0.00308,0.04839,3.2298,3.25
-0.31985,-0.5708,-0.00051,0.04017,7.616,7.768
-0.21045,-0.67874,-0.00524,0.02504,5.7,5.73
-0.16575,-0.65287,-0.00658,0.00662,6.04,6.08
-0.49177,-0.51389,0.01476,0.03238,5.5,5.42
-0.19842,-0.65586,0.0,-0.01828,3.49,3.49
-0.22979,-0.59188,0.01377,0.00276,1.82,1.815
-0.25,-0.27256,0.00765,0.01292,3.86,3.92
-0.197,-0.31084,0.0,-0.0066,9.01,9.03
-0.18221,-0.58352,0.00695,0.00136,3.6001,3.595
-0.17665,-0.5054,0.02239,-0.02545,10.9,10.72
-0.21513,-0.21513,0.09537,0.00342,15.2,14.68
-0.33872,-0.41388,0.03621,0.02743,3.681,3.783
-0.30022,-0.39111,0.00488,0.02148,6.39,6.3689
-0.21986,-0.38547,0.04,0.02273,1.17,1.125
-0.19775,-0.54285,0.01291,-0.03434,0.8004,0.7902
-0.16994,-0.66983,0.0,0.00338,0.593,0.593
-0.13768,-0.13768,0.00433,-0.02941,1.15,1.155
-0.15315,-0.31884,0.0306,-0.00904,0.96,0.9315
-0.14991,-0.21161,0.0619,-0.0581,0.48,0.4604
-0.15378,-0.15378,0.01818,0.01316,0.5364,0.5391
-0.18975,-0.18975,0.02072,-0.01292,0.5025,0.5117
-0.25,-0.34314,-0.00474,0.04975,1.01,1.055
-0.17961,-0.45307,0.01805,0.00657,0.8473,0.8423
-0.23436,-0.35443,0.01106,-0.01741,4.54,4.5101
-0.15371,-0.15371,0.01846,-0.00227,15.5,15.435
-0.37915,-0.62074,0.00074,-0.02245,6.63,6.755
-0.12092,-0.67481,0.00877,-0.03965,5.67,5.6901
0.15778,-0.16505,0.08333,-0.30233,14.5,15.0
-0.5002,-0.91094,0.03132,-0.13215,11.0,10.6659
-0.3743,-0.95149,0.0,0.05302,7.0,7.05
-0.4375,-0.97652,0.0149,0.03398,3.32,3.3501
-0.17062,-0.97957,0.01439,-0.01415,2.57,2.78
-0.19925,-0.98369,-0.0087,0.02218,2.28,2.3
-0.18421,-0.98652,0.02105,0.02151,1.89,1.9
-0.25131,-0.98964,0.05,-0.02098,1.47,1.4
-0.13603,-0.98297,0.05169,-0.05319,2.24,2.225
-0.125,-0.92032,-0.00158,-0.04103,3.15,3.155
-0.37195,-0.47179,0.0074,0.08903,1.116,1.1217
-0.16615,-0.35697,0.0,0.0139,5.47,5.47
-0.38406,-0.38406,0.03585,0.01082,0.8879,0.8592
-0.33997,-0.47025,0.06018,-0.07995,0.4874,0.4603
-0.16598,-0.56904,0.00371,-0.00762,0.39,0.4039
-0.20775,-0.20775,-0.00086,0.03111,0.5675,0.58
-0.12102,-0.14286,0.00769,-0.05797,1.31,1.3
-0.14286,-0.14286,-0.00457,-0.01351,2.18,2.19
-0.13991,-0.27606,0.02439,-0.016,1.89,1.845
-0.49138,-0.56653,0.0096,0.01591,9.969,9.895
-0.19733,-0.24486,0.01701,-0.02326,14.88,14.7
-0.18617,-0.27273,0.00082,0.0,12.25,12.24
-0.14948,-0.1894,-0.00069,-0.01226,14.49,14.5
-0.3322,-0.33713,0.02972,-0.03112,10.74,10.43
-0.18691,-0.41872,0.00106,-0.00212,9.43,9.42
-0.45294,-0.77725,0.01161,0.0,9.408,9.3
-0.18451,-0.18451,0.03996,-0.02677,10.01,9.635
-0.10592,-0.57887,0.0037,-0.05749,5.38,5.41
-0.16943,-0.66911,-0.01089,0.01774,4.45,4.59
-0.15672,-0.4576,0.00885,0.0,10.21,10.17
-0.2459,-0.2459,0.04803,-0.00435,2.33,2.29
-0.18327,-0.32787,-0.00238,0.02683,2.1,2.105
-0.11454,-0.34098,0.0027,-0.07711,1.86,1.855
-0.18317,-0.6197,0.0084,0.02595,1.2,1.19
-0.16112,-0.48385,-0.01332,-0.00689,0.526,0.5331
-0.18777,-0.40638,0.0259,-0.01389,11.29,11.005
-0.15707,-0.2179,0.0,-0.01378,8.23,8.23
-0.31683,-0.38938,0.09677,-0.10145,3.2,3.1
-0.27673,-0.56537,0.00476,-0.01534,2.322,2.311
-0.1802,-0.70093,-0.02439,0.01548,1.6,1.64
-0.2188,-0.63833,-0.02585,0.06964,1.961,2.089
-0.15449,-0.21204,-0.04207,0.02658,1.48,1.545
-0.27551,-0.27551,-0.00704,0.0,1.39,1.42
-0.11774,-0.11774,0.04589,-0.04388,5.07,5.23
-0.22893,-0.45403,0.02059,0.00443,3.4,3.4
-0.23864,-0.29101,0.0,0.02985,1.37,1.38
-0.3238,-0.50984,0.02222,-0.0285,0.8979,0.9
-0.16765,-0.33592,-0.01598,-0.03494,0.7883,0.8011
-0.14231,-0.14231,0.00234,-0.0426,2.14,2.135
-0.20093,-0.34231,0.0,-0.03509,1.5845,1.65
-0.45833,-0.63503,0.07353,-0.00366,1.4,1.36
-0.16473,-0.31804,0.02108,-0.00928,2.18,2.135
-0.1558,-0.33046,0.05727,-0.02575,1.1498,1.135
-0.15427,-0.43618,-0.00076,-0.00408,0.92,0.9265
-0.20294,-0.46281,0.03052,-0.01692,13.17,12.78
-0.24155,-0.68724,0.01835,-0.04191,4.44,4.36
-0.17789,-0.73967,0.00296,-0.05918,3.39,3.38
-0.28909,-0.81948,0.00407,0.02075,2.4695,2.46
-0.17554,-0.17554,0.02641,-0.00873,5.83,5.68
-0.32708,-0.41326,-0.01301,0.07121,6.83,6.92
-0.16539,-0.505,0.00184,-0.00367,5.44,5.43
-0.16348,-0.56312,-0.00634,-0.01663,4.7,4.73
-0.15625,-0.3427,0.00568,0.00285,1.74,1.76
-0.22821,-0.33012,0.00054,0.02159,9.15,9.225
-0.19931,-0.2359,0.0,0.00754,9.35,9.35
-0.16266,-0.24701,0.0,-0.00396,10.05,10.05
-0.16756,-0.32795,0.0,0.01815,19.07,19.07
-0.23891,-0.40613,0.0068,-0.01121,4.42,4.41
-0.05882,-0.23323,0.08411,-0.10833,2.18,2.14
-0.19265,-0.19265,0.00355,0.00296,1.8,1.83
-0.15028,-0.31947,-0.00654,-0.0052,1.5,1.53
-0.26108,-0.47763,0.00427,0.00214,4.65,4.68
-0.44892,-0.50092,0.01561,-0.01551,13.49,13.33
-0.13683,-0.13683,0.04857,-0.02633,9.5,9.06
-0.14865,-0.1862,0.0,-0.00674,9.53,9.53
-0.16417,-0.498,0.0091,-0.01396,4.96,4.945
-0.13734,-0.22375,0.00649,-0.0385,4.65,4.62
-0.38537,-0.43498,0.01826,-0.02183,2.51,2.465
-0.10913,-0.11035,0.01092,-0.06099,18.44,18.32
-0.14919,-0.16005,0.00333,-0.02063,18.1,18.04
-0.37649,-0.45201,0.00997,-0.0414,15.2,15.05
-0.17355,-0.57069,0.00185,0.00093,10.84,10.82
-0.16822,-0.1982,0.06473,0.00674,4.77,4.48
-0.15756,-0.1941,0.0015,-0.00135,3.345,3.34
-0.21485,-0.21485,0.0,0.01135,8.02,8.02
-0.18827,-0.18827,-0.00159,-0.00332,12.52,12.54
-0.43427,-0.66129,0.01308,0.01905,5.3206,5.35
-0.29496,-0.30595,0.02062,-0.0102,4.939,4.85
-0.15247,-0.15247,0.00223,-0.02431,6.0102,6.02
-0.18182,-0.56886,0.01736,0.0,2.93,2.88
-0.34559,-0.68327,0.00188,0.0182,0.9001,0.9062
-0.22404,-0.47985,0.00064,-0.00704,15.52,15.51
-0.14028,-0.61122,0.03086,-0.01456,11.77,11.505
-0.20588,-0.38168,0.00847,-0.02881,2.3,2.36
-0.2575,-0.45196,-0.00325,0.0353,0.9501,0.9532
-0.16869,-0.22521,0.00608,-0.00091,10.97,10.93
-0.12484,-0.12484,-0.00377,-0.02574,6.6,6.625
-0.10984,-0.31837,-0.00158,-0.04466,6.3,6.31
-0.15327,-0.21182,0.01999,0.0,18.37,18.01
-0.17672,-0.48966,-0.00299,-0.04317,3.33,3.34
-0.18803,-0.72222,0.00511,-0.03158,1.8494,1.84
-0.16089,-0.75219,0.01258,-0.06195,1.61,1.59
-0.1445,-0.49971,0.0093,-0.02572,3.365,3.334
-0.16667,-0.58647,-0.05436,0.0,0.5201,0.55
-0.22182,-0.43946,-0.00089,0.03928,16.92,16.935
-0.13583,-0.43829,0.05303,-0.02084,6.95,6.6
-0.68305,-0.68497,0.01008,0.03979,4.84,4.861
-0.55875,-0.96284,0.05242,-0.07224,9.045,9.825
-0.2025,-0.98321,0.03448,0.0,4.83,4.785
-0.21495,-0.98674,0.02692,0.03175,3.78,3.9
-0.29963,-0.99016,0.02778,-0.03743,2.64,2.7
-0.23889,-0.99279,0.04478,-0.0219,2.025,2.01
-0.13913,-0.50746,-0.00199,-0.03343,0.955,0.9569
-0.12844,-0.29104,-0.01055,-0.03189,0.9073,0.9197
-0.29891,-0.7999,0.00102,0.02127,7.464,7.876
-0.09921,-0.71447,0.01722,-0.0793,8.36,8.36
-0.15052,-0.69212,0.02086,-0.00574,8.808,9.012
-0.17713,-0.69098,0.05938,-0.00047,8.992,8.488
-0.24581,-0.62592,0.0,-0.02395,4.564,4.564
-0.16667,-0.696,0.03627,0.01579,4.0,3.86
-0.18868,-0.69321,0.00452,0.02791,2.17,2.21
-0.12363,-0.1716,0.0141,-0.05,10.56,10.64
-0.14392,-0.28328,0.02061,0.03326,10.24,10.19
-0.2526,-0.2526,-0.00307,0.03729,6.5,6.52
-0.17433,-0.3805,-0.00382,0.00576,5.22,5.24
-0.17917,-0.58263,0.01408,-0.03892,2.88,2.84
-0.23686,-0.28573,0.0454,-0.01262,4.49,4.295
-0.18507,-0.55172,0.00372,-0.01465,2.6809,2.69
-0.20738,-0.20738,0.0,-0.0069,17.16,17.27
-0.32189,-0.71194,0.00986,-0.05991,5.7548,5.9414
-0.28467,-0.67869,0.08171,-0.16327,0.8499,0.82
-0.19792,-0.19792,0.0,-0.01385,4.441,4.556
-0.18485,-0.5552,0.01081,-0.00766,1.964,1.943
-0.17778,-0.25,0.0,-0.04505,1.06,1.06
-0.77311,-0.81297,0.0,-0.00253,0.27,0.2761
-0.21053,-0.87331,0.03234,0.00587,0.1899,0.1886
-0.19813,-0.89554,0.00195,-0.00517,0.154,0.1538
-0.21757,-0.91155,0.0,0.0,0.128,0.1309
-0.22686,-0.93115,0.033,-0.01865,0.1018,0.1
-0.18321,-0.90985,-0.00241,0.01713,0.1244,0.1247
-0.15853,-0.31678,0.00441,-0.00821,2.28,2.27
-0.17393,-0.4348,0.01711,-0.01417,0.9691,0.9528
-0.10669,-0.68945,-0.01126,-0.04309,2.02,2.043
-0.249,-0.33106,0.0,-0.07435,1.86,1.87
-0.15554,-0.26855,0.01554,-0.01911,1.96,1.93
-0.19231,-0.23492,0.03135,-0.00493,6.2,6.06
-0.18605,-0.18605,0.00014,0.0,6.8,7.0
-0.24275,-0.24275,-0.03505,-0.09091,9.159,9.5
-0.37147,-0.64493,0.21679,0.00633,4.86,4.931
-0.30252,-0.3557,0.00379,-0.00667,2.55,2.56
-0.13333,-0.22831,0.02883,-0.02515,3.37,3.295
-0.18159,-0.39683,0.00595,0.02183,18.53,18.49
-0.24853,-0.5889,0.01472,0.01057,5.238,5.164
-0.31,-0.55703,-0.00857,-0.00996,5.32,5.368
-0.1556,-0.48851,0.03687,-0.02472,4.5,4.34
-0.38708,-0.72299,0.07749,-0.05805,2.34,2.2701
-0.42763,-0.85,0.40677,0.00766,1.75,1.315
-0.16405,-0.16405,0.0,0.01172,17.27,17.27
-0.23125,-0.37428,-0.00896,0.02881,13.27,13.39
-0.21854,-0.50144,0.0126,0.07136,11.25,11.11
-0.2,-0.66923,0.03397,-0.01599,7.0,6.77
-0.18955,-0.73894,-0.00368,0.0,5.41,5.43
-0.14573,-0.75481,0.00198,-0.01176,5.05,5.04
-0.1537,-0.78029,-0.00438,0.0,4.55,4.57
-0.1361,-0.62922,0.0,-0.01873,6.68,6.68
-0.16947,-0.45232,0.0,-0.01244,10.72,10.72
-0.13311,-0.60898,-0.00266,-0.03097,7.49,7.51
-0.14265,-0.21848,0.00509,-0.00975,8.88,8.838
-0.15071,-0.34273,0.0052,-0.0008,7.524,7.5
-0.18679,-0.19583,0.00958,0.02187,17.84,17.75
-0.16822,-0.32525,0.00462,-0.02753,17.36,17.31
-0.16481,-0.60386,0.0035,0.00944,14.3439,14.3996
-0.77312,-0.91069,0.02222,0.0237,10.8,10.8
-0.39191,-0.94466,0.09794,0.04497,7.155,6.831
-0.17178,-0.94037,0.03136,-0.00852,7.08,6.984
-0.26305,-0.95518,0.00857,-0.0085,5.283,5.25
-0.18187,-0.96477,0.02806,0.00652,4.14,4.17
-0.24805,-0.97087,0.02233,-0.02647,3.021,3.09
-0.18139,-0.97572,0.03525,-0.01276,2.592,2.553
-0.18176,-0.98778,0.05303,0.0146,1.39,1.32
-0.3209,-0.98291,-0.00565,-0.02747,1.7106,1.77
-0.17164,-0.98958,-0.02283,-0.01351,1.07,1.095
-0.34146,-0.58,0.01583,0.00265,15.16,15.16
-0.16268,-0.87513,-0.00515,0.01674,2.9,2.915
-0.14347,-0.7709,0.0137,-0.03151,2.96,2.92
-0.14691,-0.24914,-0.00182,-0.05568,8.21,8.225
-0.38643,-0.56574,0.01662,0.0154,5.2,5.115
-0.64647,-0.69477,0.0274,-0.02829,5.64,5.84
-0.20625,-0.26439,-0.00437,0.02973,13.41,13.4689
-0.16589,-0.16589,0.03831,-0.02521,5.2496,5.22
-0.2105,-0.25876,0.00163,0.011,9.21,9.195
-0.23195,-0.325,-0.00143,-0.00427,3.49,3.495
-0.31597,-0.56145,0.00089,0.03807,2.26,2.258
-0.07314,-0.11097,0.01929,-0.1076,3.11,3.11
-0.18416,-0.31219,-0.0026,-0.06796,3.83,3.84
-0.23967,-0.69282,0.00529,0.02717,1.9,1.89
-0.155,-0.36546,0.00013,-0.02367,0.7426,0.7425
-0.30097,-0.63377,0.0018,0.08111,7.6,7.784
-0.2075,-0.38875,0.0278,0.00253,11.84,11.87
-0.21289,-0.44971,-0.00582,-0.00395,7.52,7.564
-0.15633,-0.65453,0.0,-0.02236,3.06,3.06
-0.20336,-0.33982,0.0,0.01432,6.02,6.02
-0.18227,-0.20827,-0.001,0.00502,4.92,5.005
-0.15083,-0.1747,-0.00367,-0.00608,4.07,4.085
-0.14998,-0.73926,0.01096,-0.03693,16.61,16.43
-0.28495,-0.81706,0.00084,-0.00752,11.87,11.88
-0.38615,-0.89905,0.02774,-0.01591,6.6,6.4999
-0.24345,-0.92496,0.00391,0.04277,5.14,5.12
-0.19054,-0.92211,0.02438,0.01685,4.9448,4.881
-0.11966,-0.93172,0.01896,-0.04005,4.0,3.955
-0.27759,-0.31123,0.04155,-0.11933,5.5,5.535
-0.2192,-0.40952,0.00322,0.00323,3.0214,3.11
-0.17557,-0.18662,0.01242,-0.00617,3.26,3.22
-0.25136,-0.25136,0.0073,-0.00725,4.1,4.11
-0.16758,-0.49584,0.0,-0.0198,2.9,2.97
-0.14198,-0.56698,-0.00218,-0.01223,1.37,1.373
-0.17742,-0.64211,-0.01436,-0.0098,0.9955,1.01
-0.20645,-0.20645,-0.00424,-0.04065,1.17,1.18
-0.18402,-0.41039,0.02655,0.01795,0.91,0.9303
-0.39783,-0.4222,0.05941,0.0104,1.0682,1.01
-0.15668,-0.4488,-0.0028,-0.02459,8.9,8.925
-0.22886,-0.23807,0.00467,0.00548,6.45,6.42
-0.28216,-0.31319,0.00787,0.02502,6.34,6.35
-0.29814,-0.29814,0.00522,-0.03587,7.7,7.66
-0.2554,-0.3909,0.0176,-0.02513,6.5,6.7217
-0.28238,-0.95071,-0.02002,0.01335,9.3,9.49
-0.21355,-0.97129,0.04239,-0.02809,5.41,5.19
-0.1639,-0.38995,0.02564,-0.00284,3.6,3.51
-0.15826,-0.57496,0.04437,-0.02496,2.94,2.93
-0.30452,-0.71276,0.00985,-0.00039,2.02,2.03
-0.23327,-0.36149,0.01934,-0.04497,1.83,1.805
-0.23577,-0.36486,0.00529,0.00532,1.8655,1.89
-0.31844,-0.34848,-0.0094,0.01163,4.74,4.785
-0.12256,-0.19281,0.02947,-0.03846,4.63,4.75
-0.19196,-0.73193,0.00198,-0.0072,15.18,15.17
-0.18624,-0.63019,0.00837,-0.00918,12.472,12.425
-0.18013,-0.42082,0.0081,0.00611,19.85,19.76
-0.2946,-0.30296,0.01089,0.01488,4.827,4.775
-0.17115,-0.26,0.0,-0.01189,4.57,4.57
-0.15009,-0.3605,0.00512,-0.01065,3.93,3.91
-0.15736,-0.33969,0.00147,0.00224,3.4,3.395
-0.19631,-0.30153,0.0,-0.00698,4.89,4.98
-0.16533,-0.20022,0.0,-0.00825,7.2,7.21
-0.03727,-0.35417,-0.02091,-0.07419,2.81,2.87
-0.38553,-0.38553,0.00761,0.03005,7.84,7.88
-0.16498,-0.46948,0.02362,-0.03861,6.4004,6.35
-0.1936,-0.84,0.00211,0.00581,5.08,5.0693
-0.15005,-0.71048,0.05222,-0.01316,9.2,9.0
-0.11481,-0.25078,0.02986,-0.06206,6.9,6.725
-0.22814,-0.67152,0.00488,0.00985,2.05,2.05
-0.3375,-0.75688,0.03755,0.00381,2.69,2.6601
-0.14948,-0.2779,0.03077,-0.01515,3.26,3.25
-0.13448,-0.52642,0.00094,-0.01554,0.742,0.7413
-0.08804,-0.73616,-0.00025,-0.05697,0.3955,0.3956
-0.24514,-0.51636,0.114,-0.10491,0.2785,0.25
-0.37924,-0.46353,0.00653,-0.0039,15.41,15.31
-0.16081,-0.20711,0.00182,-0.02594,16.55,16.52
-0.16134,-0.25453,0.00139,-0.02306,3.61,3.605
-0.83889,-0.86743,0.00815,0.00677,4.25,4.295
-0.34464,-0.39238,0.0,0.03542,1.9,1.9
-0.24386,-0.53556,0.0023,0.00696,2.1696,2.17
-0.12447,-0.3116,0.02441,-0.00521,0.8906,0.8971
-0.18516,-0.18516,0.00365,-0.00777,19.0498,19.0
-0.46136,-0.70043,0.00786,-0.00639,6.9,6.995
-0.20295,-0.28648,0.00543,0.01167,7.31,7.37
-0.15174,-0.25218,0.0157,-0.00307,16.39,16.245
-0.3515,-0.41669,0.03038,0.00664,19.2998,18.925
-0.14972,-0.6372,0.00523,-0.00585,7.6856,7.65
-0.13317,-0.36347,0.00422,-0.02441,1.68,1.6829
-0.18591,-0.50857,0.0,-0.00738,1.6,1.6
-0.13423,-0.13423,0.04021,-0.03618,3.88,3.73
-0.18367,-0.18367,0.00136,-0.00904,5.15,5.153
-0.23203,-0.35887,-0.0039,0.0204,4.34,4.357
-0.36885,-0.65315,0.0148,0.02381,2.4,2.365
-0.15301,-0.66171,0.01802,-0.01465,2.26,2.22
-0.14545,-0.71772,-0.0134,-0.00798,1.84,1.865
-0.16304,-0.76877,0.0,-0.01299,1.52,1.52
-0.15651,-0.37482,0.00971,-0.03086,1.0388,1.03
-0.26817,-0.4642,-0.00083,-0.00117,0.5989,0.5994
-0.18625,-0.36488,0.02732,-0.01613,0.49,0.5124
-0.16103,-0.42684,0.0,0.01152,5.27,5.27
-0.1494,-0.4582,-0.00103,-0.01218,4.657,4.865
-0.19815,-0.3437,0.02188,-0.00512,3.91,3.885
-0.11298,-0.11298,-0.01259,-0.03117,3.53,3.575
-0.3966,-0.48798,0.21561,0.14319,2.96,2.435
-0.13109,-0.40471,-0.00125,-0.02964,2.4,2.403
-0.13889,-0.4632,0.00743,-0.02339,1.22,1.211
-0.13934,-0.54545,0.02463,-0.03333,1.01,1.015
-0.20621,-0.65121,-0.00875,0.00683,0.8041,0.8112
-0.15353,-0.6077,0.0077,0.00275,19.5005,19.48
-0.87113,-0.87113,0.28431,0.02,23.4,20.4
-0.2,-0.89691,0.0375,0.0,16.2,16.0
-0.35514,-0.91108,0.03072,-0.26884,9.486,10.09
-0.33122,-0.50654,-0.00926,0.02177,10.04,10.7899
-0.17988,-0.59032,0.00569,-0.01781,8.66,8.611
-0.15015,-0.60327,-0.01077,-0.01531,8.27,8.36
-0.11601,-0.75871,0.13855,-0.12861,3.7,3.32
-0.19653,-0.82394,0.04,-0.01079,2.65,2.75
-0.37868,-0.52961,0.00407,0.00776,11.07,11.045
-0.09025,-0.23636,-0.02,-0.00794,2.42,2.5
-0.20466,-0.43358,-0.01852,0.05537,3.18,3.24
-0.31083,-0.46335,0.02078,-0.00773,3.91,3.85
-0.45334,-0.60986,0.00548,-0.02205,15.55,15.525
-0.19276,-0.19276,0.00037,-0.00365,13.67,13.665
-0.24545,-0.98293,0.05556,0.022,4.482,4.32
-0.17627,-0.21597,-0.0209,-0.05221,7.2,7.37
-0.12095,-0.41442,0.14351,0.00768,4.499,4.592
-0.83189,-0.91412,0.10879,-0.09658,0.4281,0.5276
-0.33238,-0.94854,0.0197,-0.02801,0.314,0.3401
-0.17729,-0.32385,0.00179,0.00413,1.66,1.677
-0.14382,-0.22596,0.00964,-0.0108,4.19,4.15
-0.16867,-0.36347,0.02388,-0.02899,3.43,3.35
-0.45995,-0.54996,0.00855,0.08323,1.11,1.17
-0.17275,-0.35558,0.01638,0.01188,3.0288,2.98
-0.21819,-0.60008,0.08131,-0.02013,0.5,0.4624
-0.19333,-0.79645,0.00419,-0.01331,0.2151,0.2149
-0.10086,-0.70589,0.07266,-0.08167,0.2956,0.289
-0.17222,-0.71998,-0.02126,-0.04384,0.2348,0.2399
-0.38719,-0.69889,0.01501,-0.0984,0.2032,0.2199
-0.13407,-0.68497,0.00413,-0.02614,0.145,0.1453
-0.1637,-0.43266,0.009,-0.01639,0.2241,0.2221
-0.18741,-0.61724,0.00539,0.0036,5.6,5.57
-0.15707,-0.74622,0.00143,-0.00997,3.51,3.505
-0.36749,-0.55821,0.00204,0.06048,2.41,2.455
-0.62761,-0.62761,0.01831,-0.00857,3.93,3.932
-0.39808,-0.39808,0.0793,-0.04313,12.6,11.98
-0.18637,-0.53216,0.06684,-0.0483,9.88,9.261
-0.27726,-0.37212,0.0099,0.00536,13.13,13.13
-0.25335,-0.60328,0.00553,-0.01632,4.183,4.16
-0.09375,-0.33588,0.02092,-0.08429,2.41,2.39
-0.16362,-0.27821,-0.00557,0.00178,19.63,19.74
-0.1623,-0.44056,0.01258,-0.00625,1.61,1.59
-0.15741,-0.34177,0.00571,-0.03846,1.76,1.75
-0.02477,-0.18571,0.09945,-0.20614,1.99,1.81
-0.19639,-0.23822,-0.00105,-0.01547,4.75,4.755
-0.31979,-0.66156,0.02979,0.01379,15.89,15.44
-0.23903,-0.734,0.0222,-0.02172,11.97,11.71
-0.19338,-0.78867,-0.06042,0.00946,9.02,9.6
-0.25987,-0.60012,-0.04335,0.00815,6.05,6.805
-0.1716,-0.51724,0.01968,-0.00179,2.85,2.795
-0.36246,-0.40212,-0.00256,-0.00761,3.9,3.91
-0.13889,-0.45885,-0.00926,-0.00461,1.07,1.08
-0.26533,-0.26533,-0.00376,-0.03448,2.58,2.66
-0.24499,-0.45371,0.0,-0.01267,16.37,16.37
-0.21354,-0.37244,0.0393,-0.06673,4.76,4.58
-0.25125,-0.25125,0.0348,-0.04222,4.46,4.31
-0.18412,-0.34345,0.00266,-0.03587,3.77,3.76
-0.34101,-0.4982,0.0,-0.00359,3.01,3.05
-0.30301,-0.42498,0.09779,-0.01556,3.48,3.17
-0.13127,-0.13127,0.28741,-0.06444,4.85,4.21
-0.16585,-0.65056,0.02762,-6e-05,1.86,1.81
-0.39367,-0.88568,0.01875,0.04458,0.588,0.6186
-0.1966,-0.90226,0.01744,-0.02627,0.48,0.493
-0.17061,-0.92154,0.02564,-0.04035,0.39,0.39
-0.1705,-0.94844,-0.0152,-0.01498,0.2551,0.2631
-0.20244,-0.46649,0.01545,0.0072,17.7441,17.48
-0.35311,-0.69674,0.00596,0.01977,10.0,10.06
-0.17863,-0.54368,0.0,0.00372,5.38,5.4
-0.13596,-0.38789,0.00902,-0.02236,5.68,5.685
-0.17328,-0.62773,-0.00403,0.01018,12.32,12.41
-0.1405,-0.6562,0.01386,-0.02368,8.77,8.66
-0.17986,-0.79973,0.0,0.03737,5.36,5.36
-0.18909,-0.60107,0.02791,-0.03587,2.21,2.15
-0.20945,-0.34188,0.00267,-0.03634,3.72,3.7101
-0.14244,-0.14244,0.00263,-0.02397,5.715,5.7
-0.18385,-0.46987,0.00663,0.02059,7.3199,7.2717
-0.23214,-0.54832,0.00943,-0.01395,3.12,3.18
-0.25455,-0.62037,0.06311,0.00488,2.06,2.06
-0.24468,-0.48364,0.03571,-0.01408,1.42,1.4
-0.20056,-0.58382,0.05556,-0.10954,1.16,1.26
-0.17339,-0.69853,-0.01923,0.01463,1.02,1.04
-0.10775,-0.73232,0.02506,-0.03527,0.9,0.878
-0.14181,-0.57353,0.0211,-0.05876,17.23,17.06
-0.15728,-0.3028,0.00044,0.00535,11.28,11.285
-0.20606,-0.29497,0.0037,-0.00313,7.96,7.97
-0.37947,-0.41522,0.01489,-0.00562,19.57,19.48
-0.16943,-0.16943,-0.00093,-0.01732,5.39,5.395
-0.27107,-0.5676,0.00093,-0.00093,5.405,5.4
-0.22294,-0.664,-0.00335,-0.00619,4.16,4.174
-0.33107,-0.65553,0.01165,0.00136,3.5,3.4597
-0.12188,-0.51801,0.00746,-0.04626,2.7,2.68
-0.19115,-0.86343,-0.00758,-0.01001,2.748,2.769
-0.21472,-0.91346,-0.01504,0.03906,1.31,1.33
-0.36511,-0.56888,0.02618,0.12254,5.7502,5.73
-0.16271,-0.61106,0.00222,-0.02282,4.48,4.5
-0.20354,-0.25824,0.02512,-0.03654,7.7,7.804
-0.34731,-0.34731,-0.00085,0.02084,11.37,11.71
-0.19119,-0.19119,0.00386,0.007,1.3,1.295
-0.18125,-0.3081,0.0101,0.00763,1.97,1.98
-0.16779,-0.56338,0.0082,-0.01613,1.23,1.22
-0.19211,-0.59029,0.0166,0.02894,0.6,0.5902
-0.1508,-0.23841,-0.0213,0.0223,0.9601,0.981
-0.16015,-0.38479,0.04566,0.00519,0.7695,0.7359
-0.30353,-0.75825,0.00397,-0.02748,0.2268,0.2265
-0.25199,-0.56342,0.00435,-0.00241,10.38,10.335
-0.17752,-0.71631,0.00192,-0.01979,5.21,5.2
-0.16911,-0.67265,0.00193,0.0137,5.19,5.18
-0.14631,-0.36576,0.0026,-0.00943,11.59,11.56
-0.15242,-0.42379,0.00767,-0.00855,10.4842,10.4201
-0.1379,-0.20226,0.01145,-0.02176,9.07,8.99
0.00392,-0.2426,0.08962,-0.17188,2.0,2.12
-0.05111,-0.36834,0.0774,-0.24356,1.65,1.615
-0.21396,-0.4137,0.0,0.00234,8.58,8.58
-0.51168,-0.62183,0.00297,-0.00137,3.1382,3.1307
-0.16747,-0.3741,0.00321,0.00897,15.8006,15.75
-0.16814,-0.53,0.0,-0.04255,1.8,1.8
-0.18889,-0.18889,0.00474,-0.03653,2.09,2.11
-0.2188,-0.35864,0.03415,-0.01347,1.02,1.025
-0.15971,-0.46574,0.00338,-0.00971,0.86,0.8571
-0.21287,-0.70669,0.00884,0.04435,0.41,0.4074
-0.13664,-0.30805,-0.00528,-0.01814,15.07,15.15
-0.29624,-0.29624,0.01216,0.03351,9.99,9.87
-0.54678,-0.76421,0.0,-0.01553,3.13,3.15
-0.08811,-0.12952,-0.00772,-0.12367,9.0,9.07
-0.51487,-0.51487,0.04241,-0.04415,9.56,9.2001
-0.20276,-0.23951,0.00054,-0.00379,9.08,9.205
-0.27059,-0.28529,0.00774,0.04234,5.21,5.17
-0.24893,-0.73077,-0.00571,0.0,10.44,10.5
-0.15067,-0.60021,0.00069,-0.00674,7.26,7.255
-0.28544,-0.57475,0.00033,0.00843,14.95,14.945
-0.15462,-0.69799,0.00095,-0.00333,10.5,10.49
-0.15926,-0.38703,0.00109,-0.00863,18.07,18.37
-0.23113,-0.45749,0.01418,-0.01098,16.45,16.22
-0.15368,-0.2915,0.01568,-0.02794,15.55,15.31
-0.19194,-0.32516,0.00244,-0.01637,12.28,12.32
-0.15364,-0.68911,0.03333,-0.04459,14.7,15.0
-0.2525,-0.72818,-0.01091,0.02146,7.05,7.33
-0.26229,-0.4537,0.03001,0.01648,14.9848,14.66
-0.08543,-0.4901,0.01346,-0.09181,9.79,9.66
-0.15385,-0.22353,0.0,-0.0303,2.56,2.56
-0.33132,-0.51875,0.00878,-0.03188,1.2408,1.23
-0.5231,-0.68207,0.00971,0.07989,1.01,1.03
-0.18092,-0.29661,-0.00408,-0.01606,1.22,1.225
-0.20061,-0.20061,0.00415,-0.08365,2.42,2.41
-0.20019,-0.27694,0.00067,0.04703,4.5,4.497
-0.30227,-0.33978,-0.00905,0.02839,4.38,4.42
-0.30952,-0.30952,0.01558,0.00627,12.96,12.84
-0.15,-0.58788,0.00893,-0.00053,7.68,7.612
-0.14049,-0.49038,-0.01233,-0.02574,2.241,2.271
-0.16995,-0.35953,-0.00224,0.00224,3.121,3.128
-0.13619,-0.23973,0.00461,-0.02252,2.18,2.17
-0.38025,-0.39952,0.02895,-0.10558,2.23,2.245
-0.2729,-0.40839,-0.0051,0.02887,1.95,1.96
-0.20442,-0.28494,0.00112,0.00084,17.84,17.82
-0.14856,-0.15665,0.00949,-0.01126,2.64,2.635
-0.21591,-0.21591,0.02239,-0.02899,1.37,1.34
-0.16788,-0.35227,0.02727,-0.03509,1.13,1.1
-0.17476,-0.17476,0.00287,0.02353,0.8725,0.87
-0.43214,-0.80084,0.10805,0.25512,7.681,8.339
-0.15152,-0.62573,-0.06692,-0.03083,3.96,4.244
-0.32967,-0.32967,0.065,0.04672,3.85,3.831
-0.16527,-0.41447,0.00912,-0.00563,3.081,3.179
-0.33085,-0.50659,0.00139,0.07053,2.821,2.884
-0.45243,-0.74176,0.10222,-0.0078,1.41,1.399
-0.49645,-0.86996,0.01389,0.01408,0.71,0.72
-0.69186,-0.76896,0.03422,-0.00755,2.6,2.63
-0.17867,-0.46295,0.02309,-0.00034,6.3001,6.1579
-0.30841,-0.66295,-0.01567,-0.00931,3.77,3.83
-0.33333,-0.83086,-0.01596,-0.03093,1.8104,1.88
-0.26269,-0.50983,0.00011,0.00285,0.8771,0.8799
-0.18094,-0.57419,0.04667,-0.01381,0.785,0.75
-0.12566,-0.17849,-0.02139,-0.03616,0.613,0.6264
-0.24552,-0.34509,0.02136,-0.02413,0.5049,0.5056
-0.15282,-0.56783,0.00108,-0.01252,18.55,18.53
-0.33818,-0.83538,-0.04139,0.20472,9.825,11.84
-0.16021,-0.81474,0.03911,-0.02893,10.8,10.74
-0.20732,-0.57639,0.01104,0.03726,5.762,6.068
-0.34128,-0.40256,0.0521,-0.09355,6.99,6.986
-0.23071,-0.78762,-0.00391,0.03026,2.5109,2.56
-0.30229,-0.84615,0.02766,0.00828,1.8569,1.815
-0.16268,-0.35662,0.00288,-0.00857,1.74,1.735
-0.38636,-0.38636,0.03817,-0.02963,1.36,1.31
-0.15714,-0.44638,0.0172,-0.01453,2.07,2.035
-0.73935,-0.99543,0.16151,0.06204,6.8,7.275
-0.20285,-0.99626,0.03704,-0.03571,5.45,5.4
-0.1784,-0.99708,0.0226,0.01143,4.325,4.425
-0.37037,-0.99773,0.00735,0.0,3.3,3.4
-0.19328,-0.9984,0.04348,0.00625,2.45,2.415
-0.17269,-0.99862,0.00883,0.00049,2.0112,2.061
-0.19008,-0.99869,0.05528,0.01531,2.09,1.99
-0.38956,-0.95175,0.0311,0.01974,1.54,1.55
-0.51069,-0.9574,0.02174,0.69388,13.4,13.8
-0.18275,-0.90304,0.0,-0.06082,10.14,10.5
-0.28333,-0.9243,0.019,0.02822,6.552,6.632
-0.11538,-0.11538,-0.09744,0.05978,1.7,1.95
-0.16069,-0.17206,0.0,-0.00864,10.9,10.9
-0.15957,-0.27574,0.00398,-0.0224,5.04,5.02
-0.21313,-0.32643,0.01888,0.01127,3.4601,3.4535
-0.17755,-0.30517,0.01707,-0.01434,2.02,1.9861
-0.16603,-0.18781,0.05033,0.00408,19.69,19.67
-0.22598,-0.3454,0.00187,0.00201,2.25,2.2957
-0.13784,-0.40706,-0.00756,-0.02082,1.55,1.5618
-0.23361,-0.65242,0.01204,0.00396,0.95,0.9387
-0.31553,-0.31553,0.03461,0.04971,2.84,2.745
-0.35282,-0.35282,-0.00974,-0.00645,3.05,3.08
-0.20365,-0.45303,0.0583,-0.14885,2.34,2.23
-0.18966,-0.34722,0.0,0.0266,1.9,1.93
-0.21186,-0.21186,-0.00847,0.01505,2.32,2.36
-0.14113,-0.23381,-0.01422,-0.00939,1.04,1.055
-0.21036,-0.45475,0.03053,0.00724,0.459,0.4454
-0.37908,-0.37908,0.04146,0.01053,0.9399,0.96
-0.12212,-0.40327,0.02,-0.0253,0.862,0.8899
-0.12748,-0.50346,0.01791,-0.03712,0.7303,0.7315
-0.24278,-0.55458,0.0564,-0.06075,0.6411,0.6401
-0.16479,-0.5675,0.00568,0.00107,14.0501,14.08
-0.15401,-0.48939,0.05184,-0.00582,6.08,5.98
-0.15,-0.16153,0.0,-0.04375,13.005,13.005
-0.2002,-0.2002,0.00377,-0.00987,16.08,16.1391
-0.27869,-0.45822,0.00243,0.00406,6.18,6.185
-0.16667,-0.33649,0.04988,0.00238,4.42,4.21
-0.17629,-0.33623,-0.00724,0.01071,3.43,3.455
-0.352,-0.73997,-0.00578,0.0679,1.72,1.73
-0.27772,-0.79132,-0.01471,0.04607,1.34,1.36
-0.19173,-0.6549,-0.00515,-0.09767,1.93,1.94
-0.23077,-0.82343,0.0,0.04545,1.15,1.15
-0.38875,-0.57627,0.0,0.0,2.5,2.5
-0.25134,-0.76271,0.00746,-0.04286,1.35,1.34
-0.31818,-0.87288,-0.02703,-0.01333,0.7002,0.74
-0.17181,-0.17302,0.00446,-0.00532,11.27,11.22
-0.17552,-0.22433,0.0,0.01471,14.49,14.49
-0.17504,-0.34143,0.00132,0.00935,18.6,18.885
-0.25869,-0.54911,0.0,-0.00038,12.805,12.805
-0.40844,-0.66684,0.03335,-0.01004,9.67,9.37
-0.18284,-0.5662,-0.00044,-0.0354,9.82,9.8293
-0.31435,-0.61031,0.0276,-0.01231,1.62,1.605
-0.17305,-0.49207,0.00429,0.00216,18.7,18.6201
-0.15258,-0.51061,0.00633,-0.01869,1.59,1.58
-0.21453,-0.2408,0.0147,-0.06225,2.12,2.1287
-0.24343,-0.41803,0.01994,0.00856,1.78,1.755
-0.22442,-0.32182,0.01643,0.04282,0.4505,0.4505
-0.18957,-0.2229,0.00243,-0.01022,8.18,8.23
-0.16933,-0.16933,-0.01168,-0.02625,11.0,11.13
-0.15682,-0.32594,0.01087,-0.00809,8.9326,9.2
-0.14988,-0.49092,0.01974,-0.005,7.1076,6.97
-0.20725,-0.27488,0.03247,0.00654,1.59,1.54
-0.13164,-0.48573,-0.00265,-0.07495,0.4887,0.49
-0.22566,-0.2528,0.00933,0.00593,15.15,15.01
-0.22325,-0.25827,0.00543,0.01163,15.73,15.645
-0.26344,-0.26344,0.00714,0.0219,14.1,14.0
-0.3693,-0.49928,0.02703,-0.0068,2.7,2.775
-0.26512,-0.62993,0.0,0.00242,2.058,2.07
-0.23861,-0.78441,0.01743,0.00166,1.162,1.205
-0.20646,-0.87181,-0.00987,0.04851,0.7426,0.75
-0.30374,-0.91201,0.03041,0.00468,0.461,0.4933
-0.31414,-0.93873,0.07277,0.00877,0.3504,0.3449
-0.32213,-0.76063,-0.02257,0.06822,0.5038,0.5449
-0.24119,-0.79026,-0.00532,0.05672,0.4299,0.4322
-0.14805,-0.66924,0.00423,-0.02475,0.5645,0.5674
-0.25737,-0.77379,0.08749,0.06283,0.4599,0.4229
-0.50757,-0.50757,0.04709,0.00919,5.29,5.054
-0.17826,-0.48869,-0.02778,-0.03077,4.9,5.04
-0.22295,-0.65331,0.01266,0.0,2.4,2.37
-0.1725,-0.1725,0.0,0.00604,3.33,3.33
-0.11628,-0.2864,-0.0102,0.02999,2.75,2.94
-0.25667,-0.36051,0.02247,0.02334,1.82,1.78
-0.32682,-0.69401,-0.02247,0.06374,0.7681,0.7877
-0.25899,-0.25899,0.0,0.02913,2.9536,3.18
-0.10961,-0.10961,-0.00404,-0.04523,3.7,3.715
-0.24459,-0.36041,-0.00722,-0.00894,2.75,2.77
-0.2191,-0.52288,-0.02404,-0.0024,2.03,2.08
-0.29022,-0.48513,0.06857,0.05778,2.5432,2.38
-0.23592,-0.23592,0.02759,-0.03134,2.1506,2.102
-0.22312,-0.55334,0.00179,0.06161,5.58,5.6
-0.15984,-0.25799,0.01274,-0.01127,1.59,1.57
-0.63973,-0.70278,0.00893,0.04673,11.2,11.2
-0.19555,-0.35667,0.0276,-0.03541,6.887,6.702
-0.20321,-0.20321,0.01357,0.04009,5.305,5.526
-0.20791,-0.41437,0.02353,-0.00948,3.821,3.868
-0.38373,-0.65718,-0.00649,0.06944,7.65,7.7
-0.25969,-0.43718,0.01271,0.03878,7.0,7.08
-0.18757,-0.72127,-0.00958,-0.08746,3.1,3.13
-0.23698,-0.72208,0.01543,-0.05263,3.29,3.24
-0.22053,-0.29278,-0.01047,-0.03718,7.53,7.64
-0.36538,-0.36538,0.04127,-0.00364,8.5,8.22
-0.22315,-0.32713,0.01772,-0.00026,8.9,8.745
-0.1875,-0.52,0.00635,0.00962,6.34,6.3
-0.21796,-0.52115,-0.00813,-0.01205,6.1,6.15
-0.15574,-0.60385,0.01662,-0.0068,5.2,5.115
-0.14569,-0.51962,0.03365,-0.0008,6.45,6.24
-0.40018,-0.75038,0.01374,0.00924,3.31,3.275
-0.42786,-0.65046,0.03581,-0.02617,1.14,1.1199
-0.18863,-0.18863,0.00447,-0.00556,4.32,4.47
-0.15461,-0.32857,0.01745,0.00142,3.75,3.725
-0.18677,-0.4554,0.00334,-0.00898,2.995,2.99
-0.44768,-0.7156,0.00033,-0.21281,0.3001,0.3
-0.15315,-0.38961,-0.01075,-0.01064,0.92,0.93
-0.14403,-0.34625,0.0,-0.04398,5.0,5.0
-0.22739,-0.61562,0.02832,-0.01463,3.09,3.03
-0.16391,-0.35529,-0.00191,0.00255,15.67,15.7
-0.17705,-0.19529,0.02763,-0.00344,5.95,5.79
-0.28704,-0.34161,-0.0003,0.02195,16.19,16.525
-0.16828,-0.24137,0.00052,-0.01872,19.41,19.4
-0.19809,-0.64953,0.00184,0.02006,16.0,16.27
-0.24675,-0.78334,0.00707,0.00406,9.9585,9.9
-0.15244,-0.66403,0.00347,-0.00654,15.2188,15.19
-0.27447,-0.74269,0.00768,0.00085,11.81,11.72
-0.49156,-0.87667,0.02825,-0.10966,18.1,17.7
-0.22652,-0.91315,0.0,0.02857,14.1,14.4
-0.29622,-0.48608,0.02669,-0.05239,6.5,6.331
-0.21406,-0.62662,0.0,-0.00813,2.4,2.44
-0.12398,-0.50743,-0.01762,0.05336,2.23,2.27
-0.24519,-0.35656,0.02098,-0.08917,1.42,1.43
-0.1825,-0.32992,0.0,0.02752,1.68,1.68
-0.15947,-0.50612,0.01367,-0.00738,16.87,16.82
-0.20321,-0.95363,0.01679,-0.02312,12.96,13.1
-0.64968,-0.81301,0.29693,-0.02007,3.19,2.93
-0.28106,-0.87276,0.00459,0.07146,2.11,2.18
-0.24161,-0.91932,0.02222,0.04643,1.38,1.35
-0.03797,-0.90494,0.4,-0.21053,1.68,1.2
-0.1482,-0.1482,-0.00637,-0.02478,1.53,1.57
-0.12903,-0.28571,-0.02232,-0.00748,1.31,1.3399
-0.18341,-0.18341,-0.008,0.00267,1.86,1.875
-0.1497,-0.37991,0.01429,-0.01408,1.42,1.4
-0.04149,-0.14706,0.00056,-0.05592,0.8903,0.8898
-0.72299,-0.82632,0.00503,0.03343,13.56,13.91
-0.33591,-0.88381,0.01329,0.00278,9.0,9.03
-0.1896,-0.90348,-0.00066,0.01404,7.405,7.585
-0.18341,-0.93394,0.01073,0.00098,5.18,5.125
-0.22727,-0.94845,-0.00123,0.01752,3.96,4.065
-0.4532,-0.96194,0.0,0.01695,2.895,3.0
-0.21663,-0.95258,0.00724,-0.03492,3.35,3.455
-0.11597,-0.96335,0.0,-0.07481,2.56,2.56
-0.18556,-0.41729,-0.00186,-0.00739,16.09,16.12
-0.30018,-0.68174,0.00387,0.00129,3.82,3.875
-0.18364,-0.27925,0.00212,-0.01879,2.34,2.355
-0.31888,-0.35194,-0.00376,-0.00375,5.3,5.32
-0.17582,-0.5449,0.01146,-0.06933,3.53,3.49
-0.18687,-0.66547,0.00369,-0.01687,2.7181,2.71
-0.14357,-0.73813,0.0,-0.07407,4.696,4.75
-0.11967,-0.4381,0.05545,-0.08305,0.5688,0.541
-0.18634,-0.24285,0.05455,0.0089,1.12,1.1
-0.26556,-0.44944,0.09102,-0.02935,0.3349,0.3208
-0.20253,-0.2125,0.00317,0.0,3.16,3.15
-0.12658,-0.31,-0.00376,-0.03623,2.65,2.66
-0.44032,-0.44032,0.0122,-0.04337,3.26,3.3195
-0.11931,-0.5284,0.09244,-0.18602,2.55,2.38
-0.1453,-0.60938,-0.0135,-0.0001,0.9762,0.9999
-0.15425,-0.67913,-0.00027,0.0,0.7378,0.738
-0.15141,-0.19549,0.0,-0.01383,13.9,13.9
-0.29257,-0.476,0.01092,-0.01302,10.9905,10.99
-0.28271,-0.44644,0.00237,0.00476,6.35,6.335
-0.16821,-0.26343,-0.00939,-0.02633,2.11,2.13
-0.14734,-0.40572,-0.00568,-0.00283,1.75,1.76
-0.1491,-0.1491,0.00092,-0.0055,10.84,10.84
-0.20379,-0.263,-0.00166,-0.00984,12.05,12.07
-0.17504,-0.43004,0.01282,-0.01948,5.5201,5.46
-0.18722,-0.24163,0.00138,0.00276,3.64,3.635
-0.22466,-0.28671,-0.00094,0.04,10.65,10.66
-0.40074,-0.90434,0.0415,-0.05399,15.83,15.42
-0.11635,-0.66731,0.07372,-0.03917,11.79,11.53
-0.14328,-0.62616,0.06578,-0.03516,11.7,11.25
-0.45887,-0.64515,0.0305,0.03587,12.05,12.13
-0.25048,-0.4457,0.06678,0.00339,12.62,11.83
-0.3395,-0.75449,0.02864,-0.00504,3.883,3.945
-0.16667,-0.80654,0.0,-0.01379,2.86,2.86
-0.27706,-0.83896,0.00599,0.0,1.6798,1.67
-0.1172,-0.75294,0.00704,-0.04255,1.43,1.42
-0.24069,-0.27198,0.01087,0.04151,2.79,2.76
-0.15455,-0.61676,0.05185,-0.03226,1.42,1.35
-0.28526,-0.29045,0.00181,-0.00884,7.7,7.736
-0.60098,-0.72866,0.03125,0.07213,3.25,3.2
-0.47152,-0.84818,0.05528,0.19162,1.98,1.99
-0.16667,-0.16667,-0.00413,-0.01224,12.05,12.1
-0.16183,-0.31293,0.0,0.0,10.1,10.1
-0.28455,-0.55779,0.0117,-0.02841,1.69,1.71
-0.30391,-0.775,-0.00683,0.01863,0.9014,0.9076
-0.1488,-0.26104,0.0095,0.00171,1.36,1.3472
-0.176,-0.43407,-0.00483,0.00485,1.03,1.035
-0.30693,-0.7861,0.00599,-0.0131,0.3865,0.3842
-0.25344,-0.47818,0.01971,-0.00767,13.19,12.935
-0.17558,-0.28324,-0.00241,0.02175,12.25,12.45
-0.22965,-0.43808,-0.00076,0.03426,6.6,6.605
-0.16102,-0.45085,0.01111,-0.00673,0.8999,0.9
-0.15745,-0.3125,0.03291,-0.00253,2.04,1.975
-0.2199,-0.58505,0.00767,-0.01384,0.7751,0.7693
-0.1474,-0.1474,0.00687,-0.02366,1.45,1.4401
-0.1426,-0.1426,0.05036,-0.04072,1.43,1.39
-0.55457,-0.74684,0.04478,0.005,10.3,10.05
-0.13863,-0.77757,0.05895,-0.03267,8.65,8.499
-0.18894,-0.91013,0.08876,0.01239,3.67,3.594
-0.21839,-0.91428,0.01322,-0.01968,2.05,2.042
-0.2283,-0.40795,0.02057,0.03403,2.144,2.188
-0.11194,-0.2266,-0.00058,-0.02745,0.867,0.868
-0.21894,-0.29512,0.0014,0.01854,1.4,1.428
-0.27621,-0.53494,0.15158,0.00919,1.015,0.9335
-0.17133,-0.9003,0.00806,0.0005,0.2,0.1984
-0.2066,-0.2066,0.00222,-0.03682,18.09,18.05
-0.18203,-0.18203,0.02469,-0.03484,4.09,4.05
-0.18428,-0.35283,0.00301,0.0,3.33,3.32
-0.4877,-0.56959,0.00791,0.05978,2.31,2.34
-0.14125,-0.14125,0.00102,-0.05192,1.8,1.954
-0.16393,-0.3625,0.0297,-0.0098,1.516,1.515
-0.18483,-0.38899,0.00581,0.0,3.46,3.44
-0.3045,-0.52513,-0.00633,0.18197,3.02,3.16
-0.18831,-0.55595,0.0,-0.004,2.49,2.49
-0.57822,-0.77418,0.05248,0.0,14.62,14.29
-0.20775,-0.90044,0.02044,0.00175,6.314,6.311
-0.2103,-0.92989,0.0219,-0.02171,4.14,4.11
-0.18005,-0.94376,0.0,-0.01484,3.26,3.32
-0.11439,-0.96098,-0.00455,-0.05902,2.19,2.2
-0.19397,-0.28352,0.01596,0.00535,1.85,1.88
-0.30205,-0.30205,0.01508,-0.01,2.0,1.99
-0.32746,-0.49296,0.03358,-0.02005,9.71,9.53
-0.19071,-0.53633,0.01555,0.0,8.475,8.36
-0.14497,-0.51833,0.0,-0.01384,8.55,8.55
-0.45623,-0.70503,0.03571,-0.04545,5.14,5.04
-0.14921,-0.79889,0.04436,-0.03231,3.274,3.145
-0.147,-0.147,0.05404,-0.07249,11.25,11.195
-0.17838,-0.19107,0.02239,-0.01743,11.8862,11.835
-0.2987,-0.48567,0.0,-0.07407,0.5,0.5
-0.16078,-0.17578,0.0,0.00096,15.7,15.7
-0.3545,-0.3545,0.0,0.04098,12.6,12.7
-0.29255,-0.29255,0.05587,-0.05789,13.23,12.53
-0.16156,-0.63471,0.00664,0.0,3.03,3.01
-0.16292,-0.47535,0.02013,0.0,1.52,1.49
-0.15286,-0.23779,0.00345,-0.02192,2.89,2.9
-0.1875,-0.1875,0.00685,0.02098,1.47,1.46
-0.08,-0.12102,0.0,-0.1087,1.23,1.23
-0.16689,-0.16689,0.00305,-0.03348,18.0,18.045
-0.16351,-0.19136,0.01239,0.00161,19.78,19.7059
-0.26687,-0.49588,0.00155,-0.04772,11.6,11.68
-0.19933,-0.49024,0.01748,0.01433,12.79,12.5801
-0.18411,-0.18411,0.00601,0.02926,18.3997,18.29
-0.28831,-0.45202,0.00925,-0.00377,11.9,11.89
-0.36567,-0.36666,0.01677,0.09412,0.9456,0.93
-0.29674,-0.50451,0.0,0.02256,0.68,0.68
-0.34534,-0.70196,0.064,0.125,0.47,0.45
-0.18692,-0.50342,-0.01183,-0.02892,0.71,0.7185
-0.20909,-0.20909,-0.04202,0.02586,1.69,1.785
-0.14291,-0.30459,0.01457,-0.09805,1.4,1.3799
-0.16429,-0.46818,0.00442,-0.03419,1.13,1.13
-0.13636,-0.56818,-0.00503,-0.05842,0.89,0.8945
-0.20727,-0.72255,0.0,-0.01704,0.6,0.6
-0.16715,-0.30729,0.00931,-0.00636,8.61,8.59
-0.24767,-0.41141,0.01143,0.02172,5.17,5.25
-0.43599,-0.48226,0.05105,0.02681,2.49,2.3976
-0.15854,-0.27622,0.00483,0.0,1.04,1.035
-0.17194,-0.17194,0.03407,0.01117,10.99,10.86
-0.18126,-0.27911,0.00644,-0.00963,9.3,9.26
-0.15461,-0.27911,0.0121,-0.02781,9.1686,9.09
-0.29228,-0.38536,0.00928,-0.01332,5.93,5.925
-0.15707,-0.34313,0.01686,-0.00559,8.08,8.005
-0.14482,-0.2578,0.00126,-0.02101,3.965,3.96
-0.22321,-0.66331,0.01327,-0.00703,2.29,2.26
-0.13333,-0.60738,-0.05042,0.01709,1.13,1.19
-0.26667,-0.36538,0.0,-0.11111,0.88,0.88
-0.43033,-0.66187,0.20339,-0.03282,0.61,0.5069
-0.16667,-0.67276,0.0121,-0.04215,0.4496,0.4545
-0.09413,-0.63166,0.05485,-0.11253,0.48,0.474
-0.25725,-0.68519,0.32226,0.05506,0.518,0.4484
-0.18413,-0.6555,0.0048,-0.01536,0.25,0.25
-0.3815,-0.70041,0.05062,-0.0215,0.2199,0.2094
-0.22995,-0.41501,0.02829,-0.02778,0.356,0.35
-0.13361,-0.49318,-0.01956,0.0,0.293,0.3119
-0.18322,-0.55086,0.11193,-0.02388,0.2653,0.2698
-0.11316,-0.61667,0.06122,-0.06528,0.2218,0.2205
-0.19747,-0.60838,0.01043,-0.00498,0.2358,0.2398
-0.17349,-0.28978,0.01914,-0.01415,8.39,8.36
-0.30185,-0.64766,0.0,-0.00265,18.65,18.8
-0.21455,-0.43701,-0.00078,-0.01466,12.76,12.77
-0.23129,-0.30427,-0.00121,0.01565,9.069,9.08
-0.21951,-0.53285,0.00769,0.01562,1.31,1.3
-0.17972,-0.35036,-0.01705,-0.01124,1.72,1.76
-0.2317,-0.48043,0.04472,-0.02783,0.7179,0.7021
-0.14819,-0.17122,0.0,-0.02169,1.2,1.2
-0.15417,-0.31419,0.0001,-0.03645,0.9781,0.978
-0.21064,-0.283,0.00965,0.03603,0.9,0.8914
-0.35182,-0.41128,-0.0049,0.04215,4.05,4.08
-0.27307,-0.29262,0.0,0.01689,4.2698,4.28
-0.18807,-0.27581,-0.00226,-0.01336,4.42,4.43
-0.25,-0.44271,0.01875,-0.00312,19.08,19.2
-0.47282,-0.6577,0.01,0.01437,11.88,12.0
-0.68087,-0.75359,0.03389,-0.00628,7.073,6.964
-0.18863,-0.79975,0.00874,-0.0151,5.64,5.609
-0.17419,-0.50595,0.06425,0.00111,5.748,5.401
-0.42684,-0.96343,0.08926,-0.00151,13.72,13.22
-0.34286,-0.97331,0.03191,-0.02692,9.52,9.4
-0.20426,-0.97934,0.02186,-0.02139,7.24,7.32
-0.26431,-0.98707,0.00766,-0.00533,4.36,4.3467
-0.18258,-0.5101,0.00171,0.00515,2.93,2.925
-0.50853,-0.75758,0.02055,0.01389,1.45,1.46
-0.24832,-0.24832,2e-05,0.13614,5.0,5.0899
-0.26923,-0.26923,0.00112,0.01716,4.3071,4.445
-0.20225,-0.40635,0.36799,0.02958,4.37,3.655
-0.70063,-0.76171,0.01017,0.03509,1.3801,1.475
-0.2027,-0.80268,0.03604,-0.05932,1.1,1.11
-0.29429,-0.65313,0.01969,0.03553,17.81,17.78
-0.46056,-0.69172,0.00699,0.0179,10.03,10.01
-0.32251,-0.62727,0.00993,0.01598,12.0,12.08
-0.25656,-0.71567,0.01229,-0.01323,9.06,8.95
-0.17141,-0.58783,-0.0297,0.0472,2.45,2.525
-0.19034,-0.19034,0.0,-0.01053,1.3709,1.41
-0.12766,-0.30114,0.07143,-0.08943,1.15,1.12
-0.24063,-0.24063,0.0304,-0.03455,3.8,3.717
-0.2235,-0.46548,0.01989,0.0203,2.81,2.765
-0.18825,-0.46844,0.03502,-0.04638,2.66,2.57
-0.17349,-0.41639,0.00678,-0.00301,2.92,2.95
-0.2067,-0.57284,0.0463,-0.00263,2.26,2.16
-0.23394,-0.67061,0.0119,0.00599,1.68,1.68
-0.23188,-0.23188,0.0,-0.00943,2.07,2.1
-0.1525,-0.1525,0.02395,-0.01475,1.67,1.67
-0.14138,-0.3775,0.01653,-0.02811,1.2116,1.21
-0.2,-0.37714,0.08329,-0.04725,0.89,0.8308
-0.33627,-0.40264,-0.00012,-0.00741,0.8298,0.8301
-0.17823,-0.91566,0.0,0.00171,1.26,1.35
-0.15894,-0.92053,0.00395,-0.00394,1.25,1.265
-0.18476,-0.95549,0.00383,0.02826,0.7138,0.7314
-0.307,-0.35187,0.0,0.00705,8.57,8.57
-0.15697,-0.40094,0.0013,0.00391,7.72,7.71
-0.1943,-0.51482,-0.00156,0.03215,6.41,6.42
-0.2355,-0.30212,0.00754,0.00525,8.68,8.615
-0.15436,-0.37541,0.0,0.0013,7.68,7.68
-0.16236,-0.17987,0.02011,0.00067,7.6,7.46
-0.49639,-0.69341,0.0,0.03943,1.42,1.45
-0.25814,-0.25814,0.00617,0.01567,1.63,1.62
-0.21187,-0.31732,-0.00232,0.02373,0.9901,0.9924
-0.25145,-0.43871,0.00727,0.06695,0.746,0.7426
-0.67196,-0.99762,0.02979,0.00427,6.708,7.05
-0.26206,-0.9982,0.00188,0.00302,5.156,5.31
-0.19404,-0.99844,0.0,0.00131,4.51,4.6
-0.1554,-0.87796,-0.01031,0.01038,2.88,2.91
-0.14921,-0.22845,0.00731,-0.01381,16.53,16.42
-0.21692,-0.23658,0.00066,-0.01967,15.21,15.2
-0.09537,-0.59308,0.09657,-0.11993,3.25,2.972
-0.30245,-0.43668,0.04032,-0.03979,4.5,4.489
-0.18016,-0.18016,0.02257,0.00348,5.3,5.183
-0.18622,-0.29516,0.00116,-0.01487,4.31,4.305
-0.68224,-0.72735,0.03261,0.08235,3.77,3.68
-0.16667,-0.82358,0.09901,-0.03636,2.3299,2.12
-0.19337,-0.19337,-0.038,0.03708,6.43,6.684
-0.25149,-0.57045,0.0004,-0.00478,7.497,7.494
-0.34534,-0.34534,0.03454,-0.02612,7.068,7.383
-0.1194,-0.41917,0.0,-0.01873,6.363,6.6
-0.36429,-0.7082,0.12955,-0.07491,2.43,2.47
-0.20536,-0.79773,0.36133,0.07298,2.2,1.9099
-0.68221,-0.93301,0.01823,0.03291,0.5828,0.6089
-0.22358,-0.33217,-0.00176,-0.01047,2.83,2.835
-0.22905,-0.45238,0.0,-0.04348,1.32,1.32
-0.2316,-0.25732,0.0029,-0.02817,1.73,1.725
-0.58282,-0.58282,0.06423,0.05397,2.11,2.1501
-0.23636,-0.65644,-0.02424,-0.01786,1.61,1.65
-0.29167,-0.79141,-0.01887,0.03922,1.02,1.06
-0.26278,-0.34443,0.0,-0.00293,10.21,10.21
-0.15577,-0.27522,0.00082,-0.00082,12.14,12.13
-0.27492,-0.94116,0.01038,-0.01846,9.264,9.252
-0.1494,-0.97198,0.0579,-0.02595,4.39,4.1592
-0.15909,-0.98058,0.05918,-0.02321,2.95,2.8913
-0.25077,-0.55218,0.03057,-0.02036,1.14,1.145
-0.28324,-0.5249,0.03333,-0.03226,1.22,1.2
-0.20788,-0.6299,0.02371,-0.01219,0.7298,0.7129
-0.17531,-0.68365,0.02396,-0.0087,0.588,0.5927
-0.15186,-0.77124,0.00026,-0.07143,3.9,3.9
-0.13145,-0.48864,0.02205,-0.0492,4.681,4.58
-0.31347,-0.67437,0.01836,0.00263,3.083,3.05
-0.20798,-0.72391,0.01754,0.04268,2.538,2.565
-0.2412,-0.80348,0.05263,0.04332,1.8,1.71
-0.23868,-0.23868,0.09391,0.01944,6.06,6.24
-0.27099,-0.3391,-0.00427,0.02094,11.65,11.7
-0.18276,-0.58997,-0.02479,0.0211,7.08,7.26
0.0,-0.85467,0.0912,-0.14286,2.3,2.16
-0.17242,-0.60202,-0.00248,-0.05393,4.0,4.04
-0.2225,-0.71016,0.00333,-0.03537,3.01,3.0
-0.28607,-0.28607,0.03158,-0.04952,0.95,0.95
-0.26036,-0.26036,0.00794,0.008,1.27,1.26
-0.26293,-0.70127,-0.0026,-0.03676,0.115,0.1153
-0.22727,-0.29252,0.00339,0.00597,5.92,5.9
-0.22827,-0.36207,0.0,0.00601,6.7,6.7
-0.1919,-0.29814,0.00284,0.0,5.3,5.285
-0.10668,-0.10668,0.02836,-0.08332,7.46,7.37
-0.14171,-0.28667,0.06742,-0.0296,6.5496,6.23
-0.32005,-0.3341,0.01418,-0.02588,5.73,5.6499
-0.24772,-0.24772,0.0081,-0.00202,2.49,2.47
-0.13938,-0.19301,0.0025,-0.02128,5.19,5.197
-0.18618,-0.35562,0.0,-0.01651,4.17,4.17
-0.17179,-0.28169,0.00209,-0.01135,9.52,9.58
-0.15471,-0.30571,-0.00134,-0.00796,3.735,3.74
-0.15493,-0.40945,0.00333,0.0,3.01,3.0
-0.2384,-0.59529,-0.0028,-0.01108,1.78,1.785
-0.18642,-0.25879,-0.00361,0.00731,2.76,2.77
-0.18939,-0.18939,-0.01961,-0.0086,1.04,1.0608
-0.15986,-0.51674,0.00469,-0.00055,19.18,19.3294
-0.27939,-0.27939,0.00647,0.00217,9.34,9.28
-0.17439,-0.26998,0.00075,0.00415,7.16,7.1546
-0.21507,-0.84789,0.00202,-0.00251,19.6,19.84
-0.93686,-0.97801,0.00939,-0.03172,2.1298,2.1399
-0.29778,-0.88075,0.01554,0.01793,19.32,19.3
-0.39833,-0.93673,0.01946,0.02187,10.0,10.28
-0.20257,-0.93761,0.0,0.01613,9.84,10.08
-0.16119,-0.74742,0.01095,-0.02491,11.08,10.96
-0.37071,-0.6737,0.02403,-0.00795,8.95,8.74
-0.21779,-0.59588,0.0,-0.00392,2.52,2.54
-0.12795,-0.64897,0.00328,-0.03702,2.14,2.133
-0.82074,-0.82074,0.02273,-0.01294,1.3009,1.32
-0.16288,-0.85188,0.03167,0.0,1.14,1.105
-0.27809,-0.89355,0.01051,0.0301,0.8163,0.818
-0.15714,-0.90631,0.02129,-0.03234,0.68,0.6763
-0.18443,-0.90213,-0.00667,-0.01383,0.71,0.72
-0.27055,-0.43501,0.0514,0.00469,2.24,2.14
-0.15031,-0.63263,0.12453,-0.04332,1.49,1.325
-0.2013,-0.39409,0.00408,-0.00407,1.23,1.225
-0.20152,-0.20152,0.01449,-0.01429,2.1,2.07
-0.28305,-0.28305,0.0084,0.1253,2.3107,2.38
-0.14167,-0.30169,0.02956,-0.01456,2.03,2.03
-0.08857,-0.09375,0.02685,-0.06583,1.49,1.49
-0.97152,-0.99906,0.04659,0.1039,4.318,4.25
-0.16353,-0.54755,-0.0099,0.01467,1.0,1.01
-0.20155,-0.41808,0.00474,0.04369,1.08,1.075
-0.10556,-0.25116,0.0331,-0.05609,1.57,1.5197
-0.22041,-0.47423,0.00444,-0.00478,1.13,1.125
-0.19298,-0.2069,0.0922,0.02174,1.54,1.41
-0.31697,-0.54247,0.27616,-0.0015,0.351,0.3335
-0.39994,-0.5958,0.0,-0.0925,0.1686,0.1815
-0.19339,-0.70061,0.0125,0.03825,0.152,0.152
-0.16179,-0.28022,0.0121,-0.00872,4.56,4.545
-0.23583,-0.23583,0.0,-0.01987,11.07,11.1
-0.14299,-0.30438,0.00532,-0.01469,9.44,9.39
-0.17785,-0.22956,0.0,0.0,2.44,2.45
-0.17984,-0.26044,0.00336,-0.00997,2.99,2.98
-0.2849,-0.58181,0.11003,0.00154,0.755,0.7162
-0.46379,-0.56462,0.00509,0.0797,0.53,0.55
-0.20767,-0.62564,-0.01099,0.05913,0.4551,0.4639
-0.21686,-0.9102,0.01618,-0.02732,6.657,6.551
-0.20513,-0.83467,0.00787,0.02419,12.65,12.7
-0.17857,-0.862,0.04039,-0.01932,10.4,10.15
-0.23707,-0.89286,0.06814,0.00833,5.599,5.445
-0.15393,-0.89281,-0.00429,-0.01646,2.239,2.33
-0.3027,-0.76545,0.07812,-0.00775,1.2808,1.28
-0.14173,-0.80182,0.01869,-0.01835,1.06,1.07
-0.24031,-0.8408,0.02124,-0.0132,0.7202,0.725
-0.13129,-0.83836,0.02169,-0.03877,0.565,0.5578
-0.24195,-0.86603,0.01869,-0.01898,0.3002,0.3049
-0.20508,-0.65798,0.00943,0.0369,2.05,2.1101
-0.18444,-0.44076,0.00583,0.0308,3.42,3.43
-0.20893,-0.54131,0.01834,-0.00333,2.74,2.7201
-0.21656,-0.21656,-0.01186,0.02846,1.25,1.265
-0.28831,-0.30466,0.0,0.01172,9.49,9.49
-0.1452,-0.2669,-0.00173,-0.00659,17.31,17.34
-0.18473,-0.33122,0.02814,0.01357,3.8401,3.735
-0.27424,-0.41585,0.01721,-0.02718,2.37,2.3299
-0.81089,-0.81089,0.05556,0.008,10.16,10.08
-0.40463,-0.88561,0.02231,-0.01455,5.84,5.961
-0.19444,-0.89032,0.04065,-0.03293,5.837,5.609
-0.1118,-0.1118,0.08209,-0.06294,11.6,10.72
-0.30508,-0.32787,0.05,-0.02439,9.68,9.6
-0.48333,-0.48333,0.0,0.0,9.76,9.92
-0.17339,-0.57292,-0.00962,0.01463,8.08,8.32
-0.21159,-0.24386,-0.0131,0.01875,5.2,5.269
-0.28977,-0.6345,0.02554,0.018,2.5313,2.545
-0.28279,-0.74415,0.02809,0.01714,1.8,1.78
-0.26531,-0.86037,0.0378,0.04701,0.98,1.0
-0.27942,-0.87358,0.00022,0.06361,0.9199,0.9197
-0.16657,-0.89985,0.01436,-0.06453,0.65,0.6408
-0.29378,-0.94581,0.36484,-0.0609,0.311,0.256
-0.18408,-0.76837,-0.00248,0.01128,8.03,8.07
-0.27167,-0.49745,-0.00143,0.01306,6.95,6.98
-0.16166,-0.19768,-0.00817,-0.00296,13.35,13.46
-0.20872,-0.74872,0.01106,-0.03112,19.17,18.99
-0.1761,-0.79846,0.01562,-0.0229,15.56,15.36
-0.16527,-0.79538,0.00846,-0.03759,15.24,15.36
-0.2011,-0.84268,0.02114,0.00236,12.56,12.3
-0.14846,-0.81546,0.00406,-0.01242,12.37,12.32
-0.35481,-0.84887,0.01164,0.00149,6.6,6.72
-0.17083,-0.57548,-0.00607,-0.00767,0.18,0.1811
-0.15225,-0.64899,-0.00596,0.0,0.15,0.1509
-0.03704,-0.32538,0.0,-0.15154,0.1103,0.1103
-0.14237,-0.21536,0.0,-0.12831,0.1318,0.1318
-0.18224,-0.7912,0.00765,0.00727,19.3,19.39
-0.2752,-0.49442,-0.00118,0.01477,16.8,16.91
-0.68456,-0.90542,-0.00386,-0.00956,7.7,7.77
-0.27248,-0.49614,-0.00209,0.01267,18.81,19.18
-0.13854,-0.23955,0.02925,-0.02736,9.219,8.957
-0.20989,-0.20989,-0.00088,0.01431,11.33,11.34
-0.29259,-0.43357,0.00497,0.00437,8.09,8.05
-0.225,-0.56184,-0.00486,-0.00484,6.14,6.17
-0.18078,-0.64452,0.00815,-0.02386,4.95,4.91
-0.18632,-0.72686,0.0091,-0.00517,3.88,3.845
-0.21364,-0.21364,-0.00274,0.05491,3.5,3.65
-0.13128,-0.29318,0.06849,-0.06109,3.12,2.92
-0.1314,-0.46502,0.0085,-0.00586,2.36,2.3401
-0.18229,-0.42066,0.0,0.0,1.57,1.57
-0.29821,-0.29821,0.02956,0.01495,3.98,4.06
-0.1859,-0.43156,0.00906,0.02157,3.34,3.31
-0.15351,-0.24712,0.01442,-0.04317,0.37,0.3746
-0.14904,-0.14904,0.03158,-0.02072,2.92,2.85
-0.20225,-0.63683,0.03371,-0.05986,1.38,1.335
-0.21886,-0.21886,0.00452,0.00683,2.2,2.21
-0.20429,-0.40261,-0.00093,0.00093,0.215,0.2152
-0.22261,-0.22261,0.01333,0.02273,0.57,0.5625
-0.15044,-0.15044,0.00025,-0.0061,0.4076,0.4075
-0.40178,-0.70772,0.02552,0.00391,0.6401,0.6426
-0.13896,-0.64216,-0.00813,-0.00778,0.3415,0.3443
-0.28317,-0.4725,0.06312,-0.01505,0.3756,0.3533
-0.16006,-0.50313,0.0,0.01015,18.42,18.42
-0.1081,-0.68748,0.0,-0.08,0.46,0.46
-0.1814,-0.72498,0.03295,0.0,0.4545,0.44
-0.24433,-0.60576,0.06409,-0.00033,0.3001,0.2996
-0.14919,-0.43837,0.00731,-0.00328,13.72,13.67
-0.1853,-0.48795,0.0,0.01961,18.19,18.2
-0.32391,-0.73196,0.01159,0.00582,10.3969,10.35
-0.30978,-0.40094,0.01539,0.00787,1.28,1.28
-0.27717,-0.40359,0.03422,-0.01128,1.35,1.315
-0.20967,-0.27,-0.00355,0.00251,0.94,0.9587
-0.42565,-0.63733,0.02222,-0.05283,0.4527,0.45
-0.32335,-0.63681,0.02362,-0.00572,0.3321,0.3302
-0.16051,-0.23884,0.01541,-0.00933,7.5,7.435
-0.23568,-0.31121,0.0,0.00428,4.69,4.69
-0.2033,-0.2033,0.0,-0.00812,10.9005,11.0
-0.27749,-0.27749,-0.00469,0.02899,4.12,4.26
-0.20275,-0.38133,0.00212,0.01509,2.36,2.355
-0.27426,-0.9439,-0.00053,0.01678,16.51,18.78
-0.17421,-0.95292,0.03359,-0.00129,15.98,15.48
-0.38081,-0.96805,0.04171,0.00285,10.75,10.55
-0.20017,-0.20017,0.0766,-0.14093,17.84,16.58
-0.34045,-0.56486,0.00198,-0.03905,10.0,10.09
-0.20476,-0.66681,0.00776,-0.0373,7.65,7.74
-0.66111,-0.8475,0.0295,-0.19426,7.783,9.83
-0.193,-0.89912,-0.02367,0.04709,8.125,8.45
-0.20841,-0.42458,0.00119,-0.04972,8.42,8.41
-0.31793,-0.38191,0.0275,-0.06369,7.01,6.91
-0.78807,-0.78807,-0.00244,0.01358,7.77,8.21
-0.35727,-0.81031,0.01116,-0.01103,7.17,7.17
-0.42428,-0.91444,0.01299,-0.05813,3.12,3.08
-0.1587,-0.93066,0.08767,-0.01136,2.82,2.62
-0.31606,-0.89639,0.00759,-0.00253,3.98,3.95
-0.18018,-0.29457,0.01257,0.00549,18.53,18.3
-0.23183,-0.47788,-0.00179,-0.02844,3.342,3.348
-0.08645,-0.16274,0.06452,-0.20716,3.3,3.1
-0.57272,-0.68405,0.00732,0.00878,4.0,4.0
-0.32442,-0.66925,0.01656,0.02214,3.96,3.925
-0.2448,-0.59345,0.06835,0.00742,4.77,4.755
-0.23885,-0.23885,0.0,0.00418,2.4,2.4
-0.16787,-0.33237,0.01474,-0.00173,5.83,5.765
-0.38636,-0.60243,0.03791,-0.03498,3.02,2.9964
-0.12321,-0.55282,0.01493,-0.04481,2.35,2.345
-0.26667,-0.89524,0.01176,-0.03409,4.3,4.25
-0.23821,-0.9231,0.00935,-0.00619,3.19,3.21
-0.26791,-0.94405,0.11887,-0.02128,2.26,2.3
-0.18944,-0.9493,0.05541,0.00339,1.74,1.895
-0.17895,-0.95574,0.00676,-0.05128,1.46,1.48
-0.2953,-0.97021,0.05549,-0.05257,1.05,0.9948
-0.18172,-0.2014,0.00877,0.00125,7.98,7.98
-0.24935,-0.5228,0.00057,0.0167,8.835,8.83
-0.3819,-0.55519,0.02689,0.01489,2.066,2.045
-0.17984,-0.30369,0.0,0.01928,4.23,4.23
-0.15819,-0.21579,0.00861,0.00144,6.02,5.9686
-0.37422,-0.42696,-0.00182,0.07645,5.38,5.49
-0.17581,-0.58755,-0.01606,0.03642,4.9,4.98
-0.18471,-0.50388,-0.00952,-0.01563,3.12,3.15
-0.29538,-0.29538,0.00245,-0.0445,3.9108,4.08
-0.21318,-0.46896,0.00486,-0.04136,3.1,3.085
-0.16627,-0.16627,0.00857,-0.00285,3.48,3.5
-0.17013,-0.24109,-0.01923,-0.02347,2.99,3.12
0.03614,0.03614,0.07054,-0.19934,5.15,4.82
-0.30783,-0.63818,0.00744,0.01256,2.01,2.015
-0.30444,-0.37726,0.00571,0.01449,1.76,1.75
-0.33867,-0.39923,0.02128,0.00299,1.68,1.645
-0.15085,-0.27411,0.03683,-0.04977,0.88,0.8553
-0.21269,-0.29195,0.0,0.0237,1.06,1.08
-0.16204,-0.52799,0.00609,0.00341,0.71,0.7057
-0.14286,-0.61745,0.06779,-0.03474,0.5699,0.5502
-0.17306,-0.17306,0.00152,0.00304,13.19,13.18
-0.18061,-0.3776,0.01999,-0.01365,9.79,9.755
-0.17761,-0.22953,0.0127,0.01613,6.38,6.3
-0.25106,-0.56257,0.00287,-0.00852,3.5,3.49
-0.14924,-0.30645,0.02355,-0.01093,5.5005,5.52
-0.16227,-0.48677,0.0,0.00242,4.14,4.14
-0.13103,-0.62275,-0.00204,-0.02579,2.45,2.455
-0.06875,-0.26238,0.0015,-0.10738,3.33,3.325
-0.41667,-0.55747,0.01709,0.01299,1.1899,1.17
-0.14662,-0.45694,-0.00441,0.0,1.13,1.135
-0.13514,-0.28889,0.0,-0.0067,2.16,2.225
-0.26805,-0.36971,0.02655,0.03751,19.65,19.775
-0.1473,-0.61107,0.01831,-0.00434,11.52,11.47
-0.12171,-0.59633,0.01877,-0.06243,16.83,16.52
-0.15287,-0.69278,0.013,-0.02461,13.25,13.08
-0.17192,-0.72302,0.00041,0.01241,12.245,12.24
-0.19536,-0.73013,0.0,0.02292,12.0,12.05
-0.1722,-0.73021,0.0057,-0.0074,11.46,11.395
-0.15335,-0.60361,-0.00765,0.00559,14.27,14.38
-0.18392,-0.18392,0.01078,0.00135,3.75,3.71
-0.33949,-0.43293,0.02586,-0.00215,2.38,2.32
-0.07438,-0.34118,-0.00069,-0.09759,1.01,1.0107
-0.19598,-0.51759,-0.01176,0.03646,0.84,0.85
-0.32733,-0.68824,0.0203,0.00358,0.5319,0.5319
-0.29953,-0.46847,0.0186,-0.04814,0.815,0.8601
-0.20339,-0.53577,0.06289,0.00911,0.7419,0.698
-0.35227,-0.35227,-0.00083,0.05246,0.5492,0.5999
-0.19608,-0.4916,0.00554,-0.02168,3.63,3.61
-0.2679,-0.31183,0.00498,-0.05781,3.03,3.015
-0.17708,-0.26512,0.03406,0.02215,1.63,1.615
-0.15556,-0.29302,0.00341,-0.03618,1.47,1.465
-0.137,-0.137,0.0,-0.01606,0.5551,0.5758
-0.18405,-0.39569,0.0051,0.01355,1.97,1.96
-0.21493,-0.45781,0.00285,0.01153,1.71,1.755
-0.15625,-0.38325,0.06218,-0.02058,1.17,1.19
-0.17325,-0.24445,0.01923,-0.0121,1.59,1.56
-0.16757,-0.24259,0.00716,-0.00792,6.13,6.0864
-0.2018,-0.39889,0.0109,0.01561,4.9891,4.945
-0.26519,-0.28685,-3e-05,0.08426,3.35,3.41
-0.15931,-0.17262,0.0,0.00355,7.34,7.34
-0.69835,-0.82055,0.07466,-0.0078,8.424,8.144
-0.20889,-0.83507,0.03712,-0.02863,7.584,7.328
-0.1645,-0.84276,0.04588,-0.05451,6.8,6.8
-0.18425,-0.79169,0.00167,0.00756,9.6,9.6
-0.25732,-0.79606,0.01355,0.01286,9.352,9.448
-0.24186,-0.88596,0.03501,0.00767,5.44,5.256
-0.37719,-0.93289,0.00813,0.03944,2.92,2.952
-0.1676,-0.21017,0.00719,-7e-05,1.36,1.39
-0.16424,-0.30125,0.01502,-0.02343,3.37,3.33
-0.18101,-0.43443,0.08209,-0.02899,2.69,2.68
-0.32425,-0.32425,0.01242,0.02548,4.85,4.83
-0.16545,-0.16545,0.07527,-0.00816,8.0,7.905
-0.21156,-0.28432,0.01411,0.00159,11.4913,11.34
-0.17781,-0.18347,0.01011,-0.0138,12.98,12.86
-0.20139,-0.42392,0.01887,0.00815,9.45,9.275
-0.23665,-0.28397,0.00144,0.02171,11.7,11.6832
-0.15768,-0.71829,0.0,0.00711,4.25,4.25
-0.17184,-0.75067,-0.0027,-0.00669,3.6591,3.71
-0.20985,-0.20985,-0.00817,-0.00542,3.64,3.67
-0.32389,-0.33971,0.01786,-0.00806,1.09,1.12
-0.28906,-0.46784,0.00818,-0.00571,0.905,0.9048
-0.36591,-0.36591,0.01418,0.01075,1.41,1.41
-0.1983,-0.28715,0.00058,0.0159,8.63,8.625
-0.32261,-0.32261,0.0156,0.01079,13.72,13.5092
-0.1644,-0.43701,-0.00286,0.01482,17.41,17.46
-0.22374,-0.49731,0.0,0.01529,13.28,13.28
-0.23007,-0.26303,0.0017,-0.00758,11.81,11.79
-0.16118,-0.16499,0.02805,-0.03228,16.24,16.04
-0.19515,-0.34761,0.0193,-0.02046,12.9298,12.685
-0.19292,-0.67007,0.00252,0.02494,11.75,11.92
-0.37799,-0.75215,0.05538,-0.05856,4.506,4.55
-0.41501,-0.74627,0.04192,0.03246,3.48,3.34
-0.3559,-0.82117,-0.01739,0.00873,2.1901,2.3
-0.51626,-0.90442,0.06364,-0.07563,1.1,1.1
-0.13166,-0.48523,0.00775,-0.02264,3.25,3.225
-0.54729,-0.77223,0.01436,0.03986,1.42,1.5182
-0.19868,-0.81123,0.03766,-0.0124,1.19,1.195
-0.18106,-0.89168,0.00832,0.00446,0.7025,0.6974
-0.21281,-0.32206,0.0,0.01837,1.92,1.94
-0.20642,-0.43648,0.00578,0.0,1.74,1.73
-0.42753,-0.8246,0.01457,0.0,11.14,10.98
-0.3172,-0.88711,0.03128,0.01783,7.193,7.193
-0.18588,-0.90645,0.0073,0.00546,5.888,5.888
-0.26998,-0.87219,0.01724,0.02225,8.319,8.179
-0.23686,-0.9,0.02059,0.02396,6.408,6.41
-0.19788,-0.87904,0.01692,-0.01664,7.32,7.446
-0.44734,-0.60966,0.05943,-0.0561,10.78,10.6
-0.20965,-0.54843,0.02065,0.0133,9.108,9.298
-0.32004,-0.48865,0.00952,-0.00158,3.14,3.15
-0.17126,-0.46026,0.0278,-0.00713,2.1014,2.09
-0.17229,-0.17229,0.02836,-0.00418,9.77,9.52
-0.20585,-0.35368,0.0027,-0.00603,7.42,7.42
-0.32029,-0.45251,0.01276,-0.01918,11.91,11.76
-0.32173,-0.81315,0.06383,-0.00073,4.14,4.089
-0.14548,-0.82968,0.00552,-0.02949,3.64,3.62
-0.21978,-0.87032,0.04626,-0.01056,2.94,2.81
-0.12861,-0.69475,0.02368,-0.01558,5.4251,5.49
-0.24516,-0.35596,0.00935,-0.00926,6.97,6.955
-0.18803,-0.47706,0.01437,0.03772,5.98,5.915
-0.09091,-0.61749,0.12308,-0.07143,1.313,1.3
-0.21384,-0.21384,0.02571,0.01529,7.18,7.0
-0.65595,-0.65595,0.30383,0.05607,3.96,3.39
-0.22816,-0.65916,0.0,-0.00943,3.15,3.15
0.02312,-0.57039,-0.04667,-0.15254,1.2,1.5
-0.14541,-0.50149,0.0375,-0.04478,0.83,0.8
-0.08468,-0.54768,-0.0395,-0.03724,0.7027,0.7316
-0.1049,-0.13097,0.03515,-0.07184,0.86,0.8308
-0.19637,-0.48204,0.00168,-0.01926,17.84,17.82
-0.21785,-0.53535,0.03687,-0.0184,16.59,16.0
-0.30338,-0.40926,0.00357,-0.00071,14.07,14.02
-0.29952,-0.31884,0.0,-0.02055,15.56,15.725
-0.16617,-0.18933,0.00127,-0.00757,5.51,5.503
-0.17708,-0.48867,-0.0122,0.03797,1.62,1.64
-0.16239,-0.53991,0.03386,-0.10184,0.9002,0.8802
-0.2,-0.96245,0.02784,0.01522,18.5,18.68
-0.48,-0.97679,0.00775,-0.00769,9.2,10.32
-0.25548,-0.4592,0.03139,0.02576,11.05,11.15
-0.1498,-0.62873,0.00473,-0.00494,4.2,4.23
-0.18943,-0.72449,0.01852,0.0,2.75,2.7
-0.14938,-0.77095,0.16475,-0.04512,2.2797,1.9575
-0.20427,-0.68554,0.01115,0.03065,1.34,1.345
-0.62962,-0.85119,0.04473,-0.02931,3.516,3.51
-0.20161,-0.51838,0.01804,-0.02587,6.2,6.099
-0.54435,-0.54435,0.01656,0.07947,6.058,6.099
-0.17409,-0.69355,0.02316,0.0,3.888,3.8
-0.17864,-0.74823,0.02372,-0.02787,3.1,3.035
-0.17018,-0.64336,0.02,-0.0176,2.44,2.4
-0.23881,-0.27879,-0.00835,0.00277,3.54,3.5799
-0.25959,-0.25959,0.01881,0.01617,2.718,2.765
-0.2377,-0.2377,0.0155,0.00729,9.608,9.675
-0.26377,-0.39524,0.00759,-0.10131,6.75,6.848
-0.13793,-0.49405,0.07301,-0.03529,6.599,6.15
-0.275,-0.275,0.03649,-0.01303,13.35,12.88
-0.23547,-0.43722,0.02439,0.01185,10.25,10.25
-0.18049,-0.53333,0.0,0.01786,8.1,8.55
-0.21757,-0.68833,0.01554,0.03209,5.67,5.79
-0.14198,-0.47348,-0.00078,-0.07842,1.28,1.281
-0.38611,-0.50697,0.01012,0.00287,4.49,4.445
-0.264,-0.37557,0.02317,0.0163,2.846,2.805
-0.15756,-0.25444,0.00374,-0.00298,13.43,13.38
-0.12523,-0.18472,0.00919,-0.04789,9.33,9.245
-0.18205,-0.18205,0.01016,0.00947,12.9,12.79
-0.14098,-0.20606,0.0083,-0.08015,2.43,2.41
-0.08609,-0.32187,0.06953,-0.06522,1.3797,1.29
-0.21961,-0.26037,-0.0001,-0.00101,0.99,0.9901
-0.26111,-0.26111,0.0,0.00251,2.0,2.0
-0.59885,-0.60535,0.00068,-0.00014,0.72,0.73
-0.1478,-0.1478,-0.02239,-0.01107,2.62,2.68
-0.18182,-0.34483,0.0,0.03509,1.7292,1.77
-0.2035,-0.42954,0.0,-0.00677,2.77,2.935
-0.28012,-0.28012,0.00837,0.0,2.37,2.39
-0.20765,-0.22443,0.00115,0.00287,17.3,17.45
-0.28393,-0.49496,0.04688,-0.04239,2.01,1.92
-0.1532,-0.3665,-0.00201,-0.01193,2.48,2.485
-0.19604,-0.51667,0.03655,0.00419,4.003,4.077
-0.31681,-0.47654,0.02367,-0.09819,8.6,8.45
-0.19406,-0.19406,0.00121,0.01351,8.1288,8.25
-0.18298,-0.36904,-0.00459,-0.06705,6.51,6.54
-0.21778,-0.6483,-0.03278,-0.03069,17.41,18.0
-0.135,-0.65222,0.01674,-0.01734,6.516,6.63
-0.13748,-0.68788,0.01037,-0.02066,5.52,5.499
-0.25333,-0.71392,-0.02222,0.00446,2.2,2.25
-0.25532,-0.37648,0.0228,-0.0254,3.0294,3.07
-0.30193,-0.42795,0.31023,-0.00173,3.05,2.885
-0.24157,-0.28408,0.00526,0.01423,5.73,5.7
-0.06323,-0.24933,0.01022,-0.13144,4.94,4.89
-0.31742,-0.676,-0.00196,0.05144,2.55,2.555
-0.14962,-0.14962,0.1382,-0.06463,5.93,5.21
-0.15111,-0.41679,0.0,-0.0288,3.71,3.71
-0.16327,-0.42857,0.00631,-0.03354,3.19,3.17
-0.82971,-0.8522,0.08063,0.02383,9.802,9.624
-0.17423,-0.17423,0.00252,-0.00256,1.99,1.985
-0.20004,-0.20004,0.0,0.01447,2.0401,2.11
-0.13032,-0.13032,0.01408,-0.03183,20.0483,19.77
-0.22475,-0.45596,0.01186,-0.01172,9.077,9.194
-0.18881,-0.53785,0.0,-0.00862,16.96,17.25
-0.14689,-0.78805,0.01103,-0.01128,7.911,7.89
-0.18377,-0.8219,-0.03873,0.07825,6.95,7.23
-0.225,-0.26772,0.02165,-0.01075,4.54,4.6
-0.2649,-0.52766,0.00448,0.0045,1.09,1.115
-0.13706,-0.31174,0.00264,-0.04076,1.6,1.6307
-0.09534,-0.09534,-0.00463,-0.05859,2.0006,2.0099
-0.12388,-0.35281,0.04202,-0.07602,1.2,1.19
-0.24895,-0.24895,0.00546,0.02809,1.84,1.83
-0.19493,-0.29752,0.00148,0.03613,6.57,6.74
-0.44058,-0.44058,0.0064,0.01285,4.7,4.7199
-0.22617,-0.27162,0.01907,0.00672,4.57,4.495
-0.16461,-0.30055,0.00469,0.01293,18.95,19.2
-0.14597,-0.44555,0.01097,-0.00992,10.5193,10.485
-0.26923,-0.36561,0.04667,-0.01316,7.6,7.5
-0.13631,-0.38648,-0.00709,-0.04082,7.0,7.05
-0.15125,-0.43322,-0.00149,-0.01031,6.71,6.72
-0.18151,-0.42773,-0.02424,0.01643,4.83,4.95
-0.23077,-0.23077,-0.07477,0.08081,1.6,1.7293
-0.22848,-0.34669,0.06111,0.03419,0.8799,0.8378
-0.21484,-0.21484,0.0601,-0.02478,10.0,9.801
-0.24599,-0.46383,0.00867,-0.00831,6.864,6.806
-0.17303,-0.30727,0.0,0.00726,15.26,15.26
-0.16465,-0.44265,0.00192,0.0087,10.46,10.44
-0.31137,-0.31137,0.00305,0.00245,9.846,9.837
-0.26019,-0.56408,0.00852,-0.00363,3.1,3.0738
-0.155,-0.34749,0.00606,-0.02367,1.66,1.65
-0.24734,-0.37111,0.00709,-0.00353,14.2,14.1
-0.14166,-0.28559,0.04076,-0.04034,7.9,7.85
-0.28313,-0.44754,0.01712,0.00303,10.1,9.93
-0.16429,-0.20148,-0.01694,0.00929,2.67,2.716
-0.22633,-0.25456,0.00249,-0.01591,3.9399,4.02
-0.16188,-0.64725,0.00619,-0.00312,1.6099,1.6
-0.18829,-0.44481,0.00389,0.00195,2.56,2.57
-0.15521,-0.24064,0.02354,-0.00493,4.05,4.035
-0.23938,-0.23938,0.01897,0.03299,3.98,4.07
-0.26951,-0.32238,0.02286,-0.01616,3.5,3.5
-0.1612,-0.1612,0.00546,0.00771,3.68,3.66
-0.14943,-0.21277,-0.00082,-0.01541,3.63,3.643
-0.26113,-0.26113,0.00571,0.05422,5.24,5.25
-0.14602,-0.28412,0.05217,-0.04663,4.8,4.6
-0.15306,-0.19972,-0.01027,0.00516,2.89,2.92
-0.25051,-0.25051,0.00549,0.02244,3.52,3.64
-0.4112,-0.54632,0.04476,-0.02552,2.1008,2.1
-0.1954,-0.55789,-0.00488,-0.02381,2.04,2.05
-0.14461,-0.63263,-0.01705,0.0086,1.73,1.76
-0.1978,-0.69263,0.02857,-0.0411,1.4,1.4
-0.18246,-0.4175,0.00218,-0.01502,2.2673,2.295
-0.17094,-0.2764,0.0,-0.00608,8.99,8.99
-0.24157,-0.24157,0.01205,0.00207,1.3691,1.3528
-0.18148,-0.37921,-0.01852,-0.02262,1.06,1.08
-0.21944,-0.45185,0.00379,0.00061,0.98,0.9763
-0.14184,-0.43808,0.01955,-0.01377,10.7401,10.74
-0.51587,-0.67724,0.00794,0.00099,9.96,10.08
-0.21429,-0.74615,0.02873,-0.02424,7.948,7.728
-0.20755,-0.79423,0.07893,-0.08676,5.678,5.6
-0.31929,-0.87208,0.01833,0.00157,3.834,3.818
-0.39054,-0.93451,0.47842,0.01502,2.08,1.622
-0.30333,-0.93091,0.04982,-0.01555,1.624,1.646
-0.17969,-0.95588,-0.00472,0.00952,1.055,1.06
-0.51633,-0.51633,0.14551,-0.04795,19.0,18.1841
-0.36583,-0.71094,0.02132,-0.17827,9.02,9.38
-0.26651,-0.83413,0.17148,-0.20765,5.37,5.19
-0.25277,-0.79488,0.00714,0.03704,7.9881,8.4
-0.35287,-0.43366,0.03448,-0.03671,5.7,5.51
-0.16173,-0.16173,-0.00799,-0.00486,11.18,11.27
-0.47748,-0.98885,0.03363,-0.02586,11.0,11.3
-0.36412,-0.99312,0.125,0.05028,7.26,7.52
-0.20854,-0.99394,0.03226,-0.01587,6.0,6.2
-0.43478,-0.99305,0.00923,0.0,6.42,6.5
-0.33232,-0.99525,0.40455,0.00457,6.04,4.4
-0.14263,-0.99407,0.02687,-0.04753,5.21,5.21
-0.24987,-0.99565,0.00514,-0.02078,3.95,3.9298
-0.20345,-0.99542,0.01425,-0.00277,4.27,4.21
-0.20656,-0.99554,0.01918,0.0146,4.25,4.17
-0.08548,-0.9946,0.01991,-0.09146,4.53,4.52
-0.1621,-0.40436,0.0131,-0.06178,3.85,3.97
-0.11637,-0.47557,0.01553,-0.04659,1.2491,1.23
-0.18182,-0.52439,-0.00826,0.03419,1.2,1.21
-0.16083,-0.36044,0.00377,0.00759,5.23,5.31
-0.57223,-0.7233,0.01316,0.0,2.25,2.28
-0.16772,-0.67491,0.0037,0.02662,2.71,2.7
-0.13691,-0.30978,0.00438,-0.03201,4.59,4.57
-0.07438,-0.24579,0.00125,-0.11049,3.99,3.985
-0.15486,-0.2564,0.00701,-0.00046,9.064,9.0009
-0.37766,-0.59304,0.01732,-0.01282,2.35,2.31
-0.34579,-0.38326,0.02797,0.02143,1.47,1.43
-0.24672,-0.34906,0.02029,0.0,1.75,1.725
-0.3592,-0.41005,0.0,0.01345,1.13,1.13
-0.36663,-0.54884,0.01029,0.00319,0.66,0.6608
-0.17544,-0.56308,0.00305,-0.00304,3.29,3.28
-0.17202,-0.42829,-0.00087,-0.01466,11.35,11.43
-0.29746,-0.66879,0.00094,0.01535,5.305,5.3
-0.23469,-0.23469,0.01536,-0.13167,10.58,10.42
-0.38311,-0.76963,0.03571,0.00865,14.15,14.0
-0.41928,-0.85322,0.04129,-0.03166,8.473,8.137
-0.44182,-0.44182,0.02519,-0.00869,17.58,18.26
-0.14513,-0.52697,0.02428,-0.0237,15.0,15.24
-0.21492,-0.64909,0.01556,-0.00086,11.23,11.57
-0.31796,-0.57098,0.01086,-0.01075,6.328,6.26
-0.20938,-0.5072,0.00185,-0.02698,2.148,2.164
-0.17522,-0.55152,-0.00144,0.02717,2.076,2.079
-0.18687,-0.26954,0.00049,0.01932,2.041,2.058
-0.33816,-0.33816,0.0,-0.0023,7.373,7.389
-0.44894,-0.44894,0.0258,-0.01917,3.09,3.07
-0.25729,-0.45081,0.00472,0.01782,3.18,3.175
-0.12618,-0.51232,0.07547,-0.04332,2.85,2.65
-0.21877,-0.64102,0.0099,-0.00932,1.98,2.02
-0.24924,-0.61669,0.07522,0.03803,2.37,2.26
-0.21296,-0.85035,0.00258,0.00271,0.8528,0.8523
-0.18831,-0.77993,0.0,-0.056,1.17,1.18
-0.10845,-0.41687,0.02699,-0.05533,0.8101,0.8263
-0.1815,-0.34343,0.0198,-0.00433,0.68,0.6668
0.04007,-0.22392,-0.00281,-0.14502,0.6749,0.6768
-0.16281,-0.16281,0.03658,0.00997,4.619,4.456
-0.2789,-0.33163,0.01042,-0.0229,3.81,3.84
-0.36228,-0.4212,0.02336,0.00469,2.19,2.14
-0.21244,-0.52351,-0.00645,0.01974,1.54,1.55
-0.1335,-0.46875,0.02197,-0.03608,0.8792,0.8603
-0.28826,-0.69789,0.04,0.0,4.16,4.0
-0.19069,-0.45846,0.0029,-0.05479,3.46,3.45
-0.16798,-0.42344,0.00139,-0.02846,3.5214,3.585
-0.55,-0.7635,0.0,-0.00309,1.5985,1.615
-0.13348,-0.90088,0.02263,-0.02135,0.4859,0.486
-0.51625,-0.93974,0.11951,-0.01935,0.2883,0.2686
-0.1639,-0.23819,0.0,-0.01737,3.96,3.96
-0.3374,-0.53781,-0.00398,0.02658,2.5,2.51
-0.25472,-0.46136,0.02564,-0.01266,1.2,1.17
-0.18585,-0.56332,0.02072,0.02998,0.9801,0.9895
-0.18887,-0.21747,0.00348,0.00538,0.7327,0.7474
-0.28567,-0.50889,0.01998,-0.02133,0.444,0.4405
-0.09838,-0.55799,0.0506,-0.06813,0.3957,0.3775
-0.18134,-0.72161,0.00367,0.01544,18.68,19.07
-0.29702,-0.80055,0.02811,0.01784,13.92,13.695
-0.15762,-0.76277,0.00605,-0.00303,9.97,9.91
-0.19037,-0.74581,0.00465,0.00108,14.02,13.965
-0.14353,-0.73688,0.00924,-0.02943,14.031,14.015
-0.15958,-0.74532,0.00783,0.01107,12.7087,12.61
-0.17661,-0.17661,0.00284,0.02029,3.53,3.52
-0.21979,-0.30282,-0.01339,0.00561,4.42,4.48
-0.67567,-0.90399,0.00994,-0.03415,9.0599,9.05
-0.15584,-0.76665,0.00313,-0.00468,19.11,19.14
-0.58901,-0.909,0.10526,0.01604,3.887,3.8
-0.25693,-0.25693,0.0165,0.02712,2.95,3.03
-0.22233,-0.22233,-0.01247,-0.03257,3.94,4.01
-0.20748,-0.34428,0.03858,-0.03577,3.5,3.37
-0.1122,-0.1122,-0.01117,-0.01648,3.54,3.58
-0.19867,-0.54775,0.00118,0.00474,4.2299,4.235
-0.44893,-0.69777,0.01433,-0.00109,1.76,1.745
-0.13476,-0.13476,0.01647,-0.04367,3.26,3.285
-0.23295,-0.48992,0.00713,0.03951,2.1,2.105
-0.16322,-0.25139,0.01599,0.0037,4.0697,4.065
-0.21208,-0.78527,0.04415,-0.0532,4.683,4.485
-0.27306,-0.80864,-0.00714,0.06599,4.05,4.2
-0.25993,-0.25993,0.01717,0.04251,2.37,2.33
-0.11568,-0.2,0.03297,-0.06006,1.61,1.6167
-0.17167,-0.24718,-0.00727,0.00279,0.4645,0.4679
-0.25181,-0.53044,0.00945,0.02207,7.4361,7.41
-0.4981,-0.4981,0.00595,0.06195,8.23,8.4
-0.24036,-0.625,-0.00233,0.01591,5.99,6.004
-0.21035,-0.69987,0.19038,0.01057,4.75,4.78
-0.21636,-0.89353,0.0044,0.00624,8.91,8.871
-0.18072,-0.91064,0.03552,-0.02026,5.76,5.996
-0.32143,-0.94892,0.07537,-0.04561,3.44,3.264
-0.17391,-0.94067,0.04072,-0.0307,2.2017,2.21
-0.29848,-0.92054,-0.02674,0.01355,1.8114,1.87
-0.21059,-0.9394,0.02905,0.00425,1.24,1.205
-0.20316,-0.3943,0.02204,-0.10149,3.71,3.63
-0.16667,-0.16667,0.01961,-0.00488,6.13,6.12
-0.1519,-0.20936,0.0091,-0.01457,5.7503,5.7499
-0.18623,-0.32925,-0.00166,0.00166,6.03,6.04
-0.20991,-0.41783,0.01105,0.02271,1.83,1.81
-0.17623,-0.36792,0.0,0.00498,0.9963,1.01
-0.21289,-0.62491,0.07862,-0.00965,16.22,15.39
-0.16691,-0.64108,0.00791,0.02017,15.29,15.17
-0.16716,-0.65725,-0.0007,-0.0007,14.18,14.19
-0.15797,-0.7118,0.01693,-0.01089,11.85,11.81
-0.18755,-0.71494,0.00339,-0.00085,11.839,11.8
-0.19181,-0.50256,-0.00196,0.01867,15.19,15.28
-0.27401,-0.40571,0.0046,0.04294,19.34,19.55
-0.17462,-0.39763,0.00952,-0.00474,19.09,18.91
-0.18509,-0.50859,0.04309,0.0329,16.63,16.01
-0.20812,-0.70476,0.0,0.00081,9.31,9.32
-0.16339,-0.68994,0.00945,-0.02658,9.51,9.52
-0.15287,-0.76634,0.00562,-0.03392,7.16,7.12
-0.15491,-0.74922,0.00128,-0.02023,7.651,7.75
-0.2084,-0.83863,0.00318,-0.07269,4.6,4.72
-0.25063,-0.79471,0.01239,-0.00418,5.99,5.955
-0.2515,-0.35218,0.01636,0.01153,10.25,10.085
-0.17723,-0.5459,0.01266,-0.04934,0.7635,0.79
-0.19773,-0.3205,0.0,-0.00063,0.9536,0.9541
-0.26304,-0.36224,0.0,-0.00493,0.99,0.99
-0.16138,-0.34454,-0.00886,0.01269,0.7829,0.7899
-0.38306,-0.54464,0.04266,-0.00218,2.3095,2.29
-0.28525,-0.82216,0.01377,-0.05431,0.6342,0.6391
-0.18102,-0.44524,0.06707,-0.15536,8.136,7.872
-0.19914,-0.63715,0.02603,0.00539,5.216,5.224
-0.25551,-0.49552,0.01198,-0.01183,1.66,1.67
-0.1492,-0.47984,0.00949,-0.01219,3.19,3.16
-0.16007,-0.414,0.025,-0.04754,1.23,1.2
-0.2647,-0.51666,0.00399,-0.02812,12.319,12.27
-0.11271,-0.37324,0.02323,-0.05,10.79,10.545
-0.29198,-0.52005,0.03609,-0.04784,7.15,7.065
-0.32424,-0.96399,0.01852,-0.03139,16.8,17.28
-0.17614,-0.97073,0.02273,-0.02897,14.22,14.08
-0.32542,-0.32542,0.01838,0.0,9.918,9.741
-0.21889,-0.21889,0.01754,0.01013,6.027,6.384
-0.20358,-0.20358,0.00861,-0.02043,0.5272,0.5227
-0.18378,-0.36896,-0.00445,0.00993,0.4251,0.427
-0.13961,-0.15225,0.00028,-0.05702,0.3364,0.3539
-0.55339,-0.64287,0.04478,0.01708,0.166,0.1608
-0.17458,-0.17458,0.04213,-0.03108,0.213,0.2089
-0.14863,-0.17008,0.01315,0.01139,5.4,5.33
-0.14828,-0.27871,0.00442,-0.03822,4.55,4.53
-0.28406,-0.28406,0.00855,0.06579,5.1313,5.265
-0.19165,-0.38261,-0.01887,-0.00469,4.16,4.24
-0.18135,-0.2314,0.0,0.01983,1.795,1.795
-0.23975,-0.30946,0.01474,-0.01452,2.4,2.375
-0.31937,-0.31937,0.00406,-0.02382,4.95,4.93
-0.16875,-0.37264,0.01552,-0.03115,4.5799,4.51
-0.18694,-0.51348,0.01807,-0.08033,3.38,3.32
-0.18947,-0.37652,-0.00641,0.01299,1.55,1.56
-0.17133,-0.53872,0.0,0.00384,0.94,0.94
-0.14493,-0.41872,0.02586,-0.01695,1.19,1.16
-0.39737,-0.58558,0.05309,0.01434,0.5737,0.5801
-0.16099,-0.65935,0.0,-0.06424,0.4399,0.4399
-0.16893,-0.72478,0.04926,-0.05398,0.3701,0.3593
-0.38488,-0.83196,0.01483,0.047,0.2425,0.2428
-0.21053,-0.78261,0.01597,0.002,0.3054,0.3006
-0.19589,-0.19589,0.05533,-0.0116,0.44,0.4175
-0.23304,-0.8462,0.00297,-0.02183,8.35,8.425
-0.1519,-0.61077,0.00698,-0.00199,9.7,10.03
-0.24564,-0.72988,0.0,-0.00781,6.05,6.1
-0.13619,-0.80464,0.00889,-0.02808,2.27,2.25
-0.20218,-0.6544,0.03472,-0.03994,1.47,1.44
-0.18258,-0.6981,-0.01515,0.01562,1.3,1.32
-0.15922,-0.21077,0.02411,-0.04364,1.97,1.97
-0.1821,-0.45918,0.0,0.02642,1.36,1.36
-0.20979,-0.53878,0.00868,0.00885,1.14,1.14
-0.14351,-0.55381,0.05041,-0.03885,0.46,0.4503
-0.21078,-0.23697,0.01597,-0.02795,1.57,1.565
-0.31633,-0.42649,0.0,0.02471,1.24,1.24
-0.17241,-0.54502,0.01895,-0.02156,0.9571,0.9393
-0.14858,-0.59791,0.05054,-0.01026,0.74,0.7044
-0.17041,-0.40712,0.08914,-0.00938,0.59,0.5811
-0.15636,-0.45957,-0.00076,-0.01197,0.5217,0.5283
-0.18117,-0.18117,0.0063,0.03438,0.877,0.8724
-0.20381,-0.384,0.01288,-0.00461,1.18,1.165
-0.75607,-0.93267,0.00264,0.01815,4.545,4.545
-0.26432,-0.95354,0.02358,0.01557,2.58,2.544
-0.58857,-0.82222,0.24069,-0.06806,8.871,8.052
-0.23077,-0.87578,0.02719,-0.007,6.117,5.958
-0.31288,-0.62904,0.02524,-0.03914,17.82,17.43
-0.13279,-0.78364,0.00865,-0.01607,10.41,10.41
-0.41642,-0.66595,0.02142,-0.0075,4.824,4.761
-0.96459,-0.98827,0.00178,0.00119,0.1686,0.1687
-0.44807,-0.75188,0.0016,-0.05159,3.11,3.125
-0.21378,-0.73408,0.08845,0.0269,3.63,3.55
-0.24326,-0.78846,0.0,-0.02473,2.682,2.682
-0.39923,-0.46714,0.01169,0.02262,2.253,2.396
-0.15711,-0.67949,0.01215,-0.012,1.25,1.235
-0.16472,-0.21834,0.01175,-0.01983,18.082,18.02
-0.16034,-0.4006,-0.01531,-0.01508,1.93,1.96
-0.13077,-0.37912,0.0,-0.0177,1.04,1.11
-0.30832,-0.92743,0.0181,0.00181,3.345,3.315
-0.26425,-0.94362,0.04563,0.02307,2.69,2.63
-0.74492,-0.80724,0.00489,0.02446,8.6,9.005
-0.21585,-0.84678,0.02848,-0.00637,6.93,6.9423
-0.22987,-0.85931,0.00585,0.00927,5.9838,5.985
-0.14662,-0.88622,0.00778,-0.00881,4.45,4.5
-0.52398,-0.53425,0.01346,-0.02121,15.99,15.8369
-0.17647,-0.41667,0.00783,0.00286,1.404,1.404
-0.24922,-0.27197,0.00529,-0.01665,1.864,1.89
-0.20253,-0.20253,0.00105,0.00423,3.78,3.796
-0.15109,-0.22365,0.0,-0.00828,11.7951,11.98
-0.31377,-0.32037,0.0,0.02332,7.23,7.24
-0.22121,-0.32257,0.0,-0.0463,6.9,6.9
-0.89584,-0.89923,0.00024,0.03763,10.14,10.1376
-0.16872,-0.2441,0.00495,-0.00411,6.07,6.06
-0.25523,-0.25523,0.00998,-0.00252,6.0101,6.01
-0.16891,-0.48224,0.01202,-0.00685,4.1899,4.16
-0.87583,-0.90733,0.02735,-0.05777,5.22,5.85
-0.28453,-0.93582,0.07672,-0.12093,4.0413,3.78
-0.15544,-0.95134,0.02492,-0.01534,3.29,3.21
-0.30078,-0.39088,0.00404,0.00304,9.95,9.91
-0.23436,-0.4039,0.0,0.00149,6.74,6.74
-0.21581,-0.51215,0.00358,-0.0521,4.2,4.185
-0.30119,-0.56583,0.0,-0.00511,2.91,2.92
-0.38172,-0.72059,0.97297,-0.03478,23.52,13.32
-0.28696,-0.60154,0.0061,0.0,19.44,19.68
-0.2,-0.66751,0.0,0.02273,15.84,16.2
-0.53125,-0.86776,0.00216,0.02857,6.4,6.48
-0.16556,-0.88098,0.0071,-0.00705,5.37,5.63
-0.16578,-0.90071,-0.01261,0.00634,4.7,4.76
-0.12193,-0.18147,0.11429,-0.1832,7.42,7.0
-0.19131,-0.22237,0.00431,0.00607,11.66,11.61
-0.27136,-0.4165,0.00707,-0.02414,2.85,2.83
-0.08969,-0.19284,0.0,-0.07635,3.75,3.75
-0.12663,-0.12663,0.14055,-0.10875,12.18,11.31
-0.19646,-0.37509,-0.00354,-0.06718,8.3114,8.47
-0.15119,-0.34747,0.00851,-0.00856,9.48,9.4
-0.3579,-0.38452,0.00913,0.02054,18.654,18.63
-0.16241,-0.27778,0.00071,0.00106,14.09,14.12
-0.22761,-0.34718,-0.00086,0.00476,11.46,11.61
-0.21039,-0.24987,0.06125,-0.08049,5.784,5.518
-0.19913,-0.42737,0.02787,-0.04431,4.4,4.378
-0.175,-0.62875,0.0,0.0101,3.0,3.0
-0.29922,-0.435,0.01818,-0.02655,4.48,4.4
-0.1799,-0.25588,0.00317,-0.06522,4.745,4.73
-0.24239,-0.3117,0.01064,0.03994,3.4,3.3642
-0.38272,-0.38272,-0.0047,0.06333,6.33,6.38
-0.31628,-0.75246,-0.01858,0.01894,11.09,11.3
-0.17944,-0.79688,0.04366,-0.19451,7.64,7.33
-0.5498,-0.92634,0.09511,0.11515,3.97,3.68
-0.11574,-0.91473,0.09894,-0.18325,3.35,3.12
-0.28559,-0.81295,0.01098,-0.02148,7.78,8.2
-0.23628,-0.81674,0.00716,0.02071,8.39,8.38
-0.3201,-0.6853,-0.00469,0.00596,4.03,4.049
-0.14938,-0.30153,7e-05,-0.02202,4.01,4.0097
-0.27964,-0.44763,0.00756,0.00848,2.82,2.8187
-0.14996,-0.28562,0.00386,-0.00767,10.33,10.35
-0.17689,-0.36534,0.00943,0.01181,11.1787,11.135
-0.25151,-0.30893,-0.00601,0.00706,4.96,4.99
-0.27755,-0.29482,0.00286,-0.0113,3.51,3.5
-0.21615,-0.32609,-0.00107,-0.02393,4.685,4.69
-0.18304,-0.31055,-0.00056,0.0393,17.71,17.72
-0.59712,-0.71148,0.02861,-0.02032,7.08,6.99
-0.50222,-0.50587,0.01824,-0.10534,3.02,3.015
-0.21707,-0.38269,0.00302,0.03115,1.64,1.655
-0.33643,-0.60138,0.06859,-0.00345,0.58,0.5482
-0.21093,-0.67038,-0.0023,-0.00343,0.34,0.3482
-0.47965,-0.94174,0.0506,-0.01659,8.4,8.3
-0.27012,-0.94892,0.01139,0.01511,5.7,5.705
-0.16103,-0.38258,0.0,-0.00263,5.62,5.69
-0.21815,-0.51515,0.00933,0.07701,4.768,4.825
-0.31006,-0.63636,0.01603,-0.07143,2.89,3.12
-0.1875,-0.76082,0.00922,-0.0181,2.15,2.17
-0.35333,-0.65664,0.02672,-0.03544,15.0,14.97
-0.1866,-0.8381,0.01578,0.025,3.4,3.485
-0.30408,-0.30408,0.05513,-0.01952,6.88,6.53
-0.21209,-0.32419,-0.00599,0.00451,3.32,3.34
-0.16509,-0.23043,0.0,-0.01695,1.74,1.74
-0.23146,-0.24875,0.01325,0.00499,2.97,3.02
-0.46605,-0.76686,0.23389,0.01249,4.11,3.647
-0.95182,-0.95182,0.06383,-0.09427,17.5,17.39
-0.1388,-0.9536,0.03878,-0.0238,18.47,18.05
-0.28047,-0.96801,0.01792,-0.03686,12.45,12.28
-0.38751,-0.9765,0.04114,0.05125,10.25,9.845
-0.41777,-0.98561,0.04649,-0.11857,5.175,5.055
-0.17031,-0.97237,0.0217,0.00454,11.29,11.06
-0.25,-0.25,-0.33092,0.0,1.65,4.14
-0.48426,-0.82435,0.0349,-0.06333,0.879,0.9082
-0.15789,-0.85507,-0.00632,-0.03138,0.7511,0.7749
-0.23248,-0.85957,0.0,-0.00284,0.773,0.773
-0.45048,-0.87591,0.0,-0.00347,11.23,11.5
-0.16522,-0.89677,0.04918,-0.04687,9.24,9.15
-0.19013,-0.93597,0.00542,0.02317,6.003,6.093
-0.17949,-0.97591,0.0,-0.01786,2.2,2.2
-0.25301,-0.98,-0.02022,0.02613,1.87,1.9086
-0.31928,-0.9757,0.00897,-0.01327,2.15,2.23
-0.18636,-0.98075,-0.0113,-0.01117,1.75,1.77
-0.14314,-0.8576,-0.00924,-0.01378,0.8791,0.8873
-0.22532,-0.88099,0.00018,0.04922,0.5555,0.5649
-0.59813,-0.73457,0.01914,0.00233,17.2,17.24
-0.24176,-0.82963,0.00952,0.0471,11.13,11.56
-0.51155,-0.95756,0.02963,-0.01818,2.71,2.7
-0.17234,-0.95619,0.04233,-0.02828,1.97,1.89
-0.16168,-0.85761,0.06514,-0.01421,1.41,1.3801
-0.34884,-0.82241,0.04848,-0.01786,1.7095,1.65
-0.19635,-0.81395,0.01144,-0.05625,1.57,1.661
-0.10738,-0.83466,-0.01167,-0.03383,1.27,1.285
-0.25157,-0.88524,0.01356,-0.02359,0.8409,0.8404
-0.20126,-0.82361,0.0,0.0315,1.28,1.31
-0.29032,-0.29032,0.03289,-0.01299,1.53,1.52
-0.10596,-0.37788,0.0,-0.07407,1.24,1.25
-0.37824,-0.447,0.01186,0.05417,1.23,1.265
-0.20493,-0.5702,0.00461,0.04755,14.97,15.2
-0.26499,-0.80215,-0.01423,-0.00355,4.135,4.215
-0.18425,-0.84449,-0.00319,-0.01869,3.12,3.13
-0.1746,-0.81577,0.00384,0.00096,2.09,2.082
-0.16746,-0.84588,0.00581,-0.01149,1.73,1.72
-0.18553,-0.91611,0.01742,0.01252,0.8642,0.8494
-0.17122,-0.89776,0.05503,0.00917,0.6499,0.616
-0.1602,-0.81108,0.01579,0.01188,0.6829,0.6901
-0.21272,-0.8533,0.00453,0.00038,0.5202,0.5298
-0.15732,-0.73489,0.01458,0.00254,0.48,0.4731
-0.28676,-0.5159,0.03,-0.0653,7.21,7.0
-0.25822,-0.28507,0.02204,-0.01537,11.13,10.89
-0.22899,-0.60213,0.07402,-0.0085,3.185,3.148
-0.17857,-0.29949,0.00752,-0.03623,9.24,9.31
-0.18276,-0.55028,0.06125,-0.00603,1.747,1.649
-0.23871,-0.56777,0.04,-0.04661,1.09,1.125
-0.23191,-0.67645,-0.00855,-0.00657,0.87,0.8775
-0.0109,-0.0109,0.08225,-0.1318,9.23,9.24
-0.87258,-0.88391,0.03311,-0.0443,1.52,1.51
-0.22136,-0.9119,0.00405,0.02994,1.24,1.235
-0.5372,-0.93675,0.02271,-0.01255,0.826,0.85
-0.13921,-0.95666,0.02256,-0.00831,0.595,0.585
-0.15177,-0.15177,0.03953,-0.0098,4.1997,4.04
-0.17633,-0.30561,0.00303,-0.01198,3.25,3.3
-0.1931,-0.51351,0.00909,-0.05983,2.22,2.2
-0.23297,-0.23297,-0.00143,0.0043,3.48,3.505
-0.12937,-0.1755,0.00413,-0.02811,2.43,2.42
-0.1775,-0.76634,0.0,-0.05775,3.1,3.1
-0.27685,-0.71803,0.04651,-0.02521,3.83,3.87
-0.30864,-0.80114,0.08156,0.00714,3.05,2.82
-0.27097,-0.83949,0.00444,-0.00442,2.2004,2.25
-0.13636,-0.79882,0.0,-0.12281,1.5,1.5
-0.18981,-0.5679,0.02907,-0.01714,1.77,1.72
-0.17576,-0.47717,0.01366,0.00919,11.04,10.98
-0.55215,-0.61745,0.00378,0.00665,10.52,10.59
-0.20877,-0.21223,0.0,-0.01552,8.88,8.88
-0.1686,-0.31092,0.00418,0.00341,7.94,7.9169
-0.18125,-0.42695,0.00459,-0.00153,6.57,6.54
-0.16287,-0.19688,0.00583,0.00195,2.5601,2.575
-0.18779,-0.18779,0.00191,0.00474,5.26,5.2799
-0.18139,-0.59892,0.01734,0.0,2.59,2.595
-0.15128,-0.52926,0.00588,-0.01329,1.7,1.7
-0.15517,-0.52177,0.01422,-0.00628,3.2097,3.165
-0.17708,-0.17708,0.00055,-0.00983,18.14,18.13
-0.17248,-0.35505,0.0,-0.00816,9.365,9.365
-0.16562,-0.27314,0.0,0.00702,1.42,1.42
-0.15048,-0.51462,-0.00012,-0.00024,0.82,0.8201
-0.18659,-0.18659,0.00075,-0.0045,6.645,6.64
-0.26667,-0.96944,0.0137,-0.05195,10.95,10.95
-0.23496,-0.9618,0.014,0.00624,6.311,6.284
-0.20893,-0.93368,0.00509,0.00451,6.52,6.675
-0.26332,-0.94605,-0.00045,-0.00674,4.322,4.421
-0.24454,-0.44898,0.08828,0.07407,0.1578,0.145
-0.13941,-0.13941,0.05176,-0.01819,17.88,17.0
-0.15967,-0.15967,-0.00111,-0.01208,17.97,17.99
-0.19483,-0.6993,0.01595,-0.00968,19.49,19.44
-0.13818,-0.71786,0.06009,-0.01688,14.64,13.98
-0.15792,-0.57154,0.07177,-0.00854,3.3,3.135
-0.18277,-0.67077,0.04741,-0.03734,2.33,2.32
-0.2069,-0.74863,-0.00555,-0.01082,1.81,1.8201
-0.1623,-0.78142,0.03774,-0.00625,1.65,1.59
-0.17391,-0.17391,0.00059,-0.10579,0.17,0.1699
-0.14538,-0.3687,0.12237,-0.08264,0.1495,0.1332
-0.26491,-0.57138,0.0055,-0.00618,13.86,13.8439
-0.22168,-0.2696,0.01328,-0.00823,15.25,15.06
-0.1364,-0.3305,0.0,-0.01625,19.37,19.37
-0.22115,-0.352,0.00073,-0.00145,13.76,13.75
-0.19674,-0.3746,0.03022,-0.03426,7.7,7.61
-0.212,-0.48564,0.01363,0.02411,4.08,4.035
-0.43088,-0.613,0.01031,0.00258,1.96,1.94
-0.46066,-0.52464,0.00963,-0.00384,2.61,2.595
-0.20106,-0.34433,0.01735,-0.12441,4.56,4.61
-0.22078,-0.65909,-0.00857,-0.04179,2.28,2.2997
-0.20276,-0.75426,0.0,0.01734,1.76,1.76
-0.16309,-0.60446,0.0,-0.01026,1.93,1.93
-0.14154,-0.35852,0.02174,-0.01499,2.35,2.3
-0.31473,-0.61816,0.0,0.00977,1.55,1.55
-0.24466,-0.24466,-0.01524,0.03145,3.23,3.28
-0.08312,-0.59492,0.00699,-0.16149,1.34,1.43
-0.18056,-0.71971,0.0,0.0339,1.2,1.22
-0.16129,-0.75297,-0.00759,-0.05048,0.98,0.9875
-0.36402,-0.36402,0.03165,0.03947,1.5402,1.58
-0.14724,-0.41841,0.0073,-0.01439,1.3703,1.37
-0.16531,-0.65534,0.01281,0.0176,0.624,0.6243
-0.18186,-0.72882,0.04167,-0.00559,0.5,0.48
-0.17423,-0.32696,0.07196,-0.068,0.4129,0.4002
-0.71984,-0.71984,0.04786,0.02467,0.36,0.3531
-0.14871,-0.80407,0.00929,-0.01743,0.239,0.2368
-0.15615,-0.30092,-0.00131,0.00394,7.64,7.65
-0.22866,-0.29461,0.0,0.00132,3.8,3.8
-0.14721,-0.32934,0.00301,-0.0119,3.33,3.32
-0.1903,-0.32441,0.0203,-0.00645,5.4994,5.39
-0.20206,-0.2748,0.01624,0.00185,5.3937,5.42
-0.22543,-0.51542,0.0,-0.03416,0.942,0.9501
-0.14348,-0.40303,0.05047,-0.02538,1.99,1.92
-0.15094,-0.30155,0.05435,-0.00635,3.1797,3.13
-0.17763,-0.51923,0.03064,-0.04267,1.84,1.795
-0.15278,-0.60897,0.04605,-0.00328,1.59,1.52
-0.14052,-0.22189,0.02703,-0.01521,1.32,1.295
-0.16598,-0.2179,0.02475,-0.00498,2.0,2.0
-0.29386,-0.4511,0.00407,0.02567,17.25,17.18
-0.22686,-0.37343,-0.00165,0.02361,6.01,6.07
-0.15078,-0.36419,0.01743,-0.02449,14.5,14.34
-0.14051,-0.45761,-0.02288,-0.02392,11.96,12.24
-0.34602,-0.70356,0.02564,0.02426,7.2,7.02
-0.169,-0.37894,0.00174,-0.02375,5.77,5.76
-0.17949,-0.17949,-0.00312,0.0,3.17,3.2
-0.12309,-0.32604,0.0,-0.03132,8.35,8.35
-0.22211,-0.51333,0.02607,0.0023,4.92,4.795
-0.21096,-0.47919,0.00184,0.0352,5.45,5.44
-0.21872,-0.30366,0.0,0.00538,7.47,7.47
-0.72899,-0.82195,0.03403,0.00537,1.92,1.91
-0.24074,-0.88472,0.02166,-0.01642,1.236,1.2098
-0.2623,-0.91565,0.03318,-0.03211,0.8819,0.8711
-0.13987,-0.93327,0.03888,-0.02348,0.6485,0.6738
-0.27707,-0.27707,-0.01143,0.02642,6.91,6.9899
-0.16923,-0.42675,-0.00184,0.00556,5.42,5.43
-0.02586,-0.40021,0.01253,-0.15221,4.85,4.79
-0.32645,-0.6189,-0.00552,0.00836,3.6,3.62
-0.1703,-0.1703,0.01734,0.03222,8.8,8.65
-0.21294,-0.38397,0.01705,0.04048,3.09,3.0382
-0.14024,-0.42449,0.0,-0.04255,2.7,2.7
-0.20959,-0.34711,0.00033,0.00429,15.23,15.225
-0.73052,-0.73571,0.00436,-0.00811,18.3501,18.35
-0.15465,-0.84929,0.01731,-0.01422,10.37,10.4
-0.15535,-0.56889,0.00122,-0.00992,14.795,14.777
-0.79396,-0.87395,0.0,0.00406,6.47,6.5
-0.17331,-0.3373,-0.0005,0.02768,10.02,10.025
-0.30656,-0.30656,0.0,0.03896,20.0,20.0
-0.25689,-0.46542,0.01132,-0.01819,14.735,14.57
-0.29024,-0.80993,0.0494,0.00859,3.08,2.935
-0.1713,-0.51622,0.0409,-0.00978,3.69,3.545
-0.29732,-0.38881,0.05449,0.00447,3.4017,3.395
-0.17308,-0.48036,0.00585,-0.00581,1.72,1.71
-0.19849,-0.49042,0.01267,0.03448,1.67,1.65
-0.18074,-0.2828,0.01216,0.01263,15.23,15.215
-0.24025,-0.39849,0.00488,-0.00109,9.13,9.145
-0.22151,-0.52179,0.02792,-0.01046,6.65,6.625
-0.3013,-0.36854,0.00364,0.0223,2.76,2.75
-0.22628,-0.41758,0.02376,-0.00943,2.1,2.1
-0.14789,-0.55839,0.0052,-0.02983,1.18,1.1739
-0.23605,-0.32879,0.0177,-0.02687,1.13,1.13
-0.14159,-0.43931,-0.01031,0.0,0.95,0.97
-0.30288,-0.48804,0.00592,0.02825,0.4759,0.4731
-0.27728,-0.66618,0.04003,-0.02567,0.2895,0.2923
-0.15646,-0.15646,0.0431,-0.06452,1.1704,1.16
-0.17986,-0.19149,0.00881,0.00866,9.2,9.199
-0.16463,-0.71458,0.02941,-0.0073,11.04,10.88
-0.19717,-0.46009,0.00709,-0.02654,7.24,7.19
-0.16492,-0.56213,0.0155,0.00167,6.068,6.0
-0.17795,-0.28011,0.0092,0.01062,3.8371,3.805
-0.34098,-0.45419,0.02189,-0.04149,10.0114,10.05
-0.23109,-0.64118,0.06849,-0.00273,18.1,18.25
-0.35664,-0.78525,0.00021,0.03239,9.2,9.498
-0.17293,-0.74323,0.00917,-0.00909,10.8,10.9
-0.12992,-0.74182,0.12705,-0.11674,10.2,9.76
-0.3279,-0.3279,0.00443,0.00829,15.86,15.81
-0.87562,-0.97667,0.06904,-0.04974,17.55,17.96
-0.26449,-0.95061,0.06552,-0.07074,9.375,9.432
-0.72414,-0.76938,0.00194,0.03965,1.46,1.4971
-0.19429,-0.75648,0.02817,0.00709,1.4031,1.42
-0.14462,-0.18409,0.01441,0.00115,8.505,8.675
-0.16317,-0.23511,0.00069,-0.01828,14.12,14.5
-0.19155,-0.53402,0.02353,-0.05535,8.7,8.5
-0.1641,-0.1641,0.00363,-0.01371,5.37,5.3506
-0.11253,-0.49024,5e-05,-0.04311,2.0,1.9999
-0.32324,-0.35952,0.04522,-0.00289,7.068,6.91
-0.41613,-0.73304,0.03933,-0.01657,9.242,8.9
-0.23947,-0.78687,0.00624,0.08664,7.9,7.851
-0.21322,-0.74908,0.00021,0.02283,4.551,4.748
-0.25792,-0.30644,0.01499,-0.01767,6.77,6.67
-0.19859,-0.19859,-0.001,-0.02732,9.96,9.97
-0.1808,-0.18861,0.01226,-0.00862,12.8,12.645
-0.15138,-0.29389,-0.01511,-0.04595,10.42,10.59
-0.15456,-0.59288,-0.00643,-0.02812,6.18,6.22
-0.06821,-0.5916,0.07721,-0.15265,5.73,5.44
-0.19586,-0.19586,0.04271,-0.00074,13.255,13.58
-0.28904,-0.35622,-0.00741,-0.01027,0.8032,0.8092
-0.30467,-0.87942,0.00521,-0.07967,8.754,9.599
-0.37529,-0.95651,0.03323,0.02392,3.98,3.852
-0.12424,-0.96659,0.08096,-0.06529,2.78,2.7013
-0.22222,-0.97815,0.0,-0.02116,1.8,1.85
-0.184,-0.94052,0.01449,0.01471,2.0847,2.07
-0.21377,-0.71723,0.06579,-0.03687,2.0709,2.09
-0.26946,-0.64223,0.0708,-0.07377,1.16,1.13
-0.21335,-0.26109,0.01356,-0.00487,7.4898,7.3898
-0.22456,-0.22456,0.01718,0.01255,2.37,2.3398
-0.32342,-0.36142,0.01272,0.0848,6.29,6.29
-0.2993,-0.44824,0.0218,0.05289,5.36,5.275
-0.40314,-0.62335,9e-05,-0.02056,3.17,3.3497
-0.19618,-0.74504,0.01532,-0.01296,2.3098,2.285
-0.18293,-0.45843,0.01271,0.0064,2.3698,2.36
-0.16756,-0.18497,0.02046,0.02003,6.37,6.3599
-0.18394,-0.39189,0.00312,0.01905,3.22,3.21
-0.20144,-0.26695,-0.00033,-0.02491,15.07,15.075
-0.38741,-0.46911,0.00219,-0.00598,9.16,9.14
-0.20548,-0.55259,0.02329,0.00328,6.55,6.4009
-0.17268,-0.17268,0.02131,0.0,3.2784,3.21
-0.13518,-0.13518,0.00181,-0.02131,5.5,5.51
-0.2029,-0.32412,0.02222,0.02273,4.421,4.5
-0.36567,-0.60829,0.01386,-0.0098,2.55,2.525
-0.18219,-0.54709,0.025,-0.0099,2.05,2.0
-0.1938,-0.47475,0.0024,0.0024,2.09,2.085
-0.25515,-0.60193,0.03971,-0.04152,1.44,1.385
-0.23398,-0.72124,0.02564,0.03481,0.9701,0.975
-0.45661,-0.84308,0.01391,0.15234,0.5715,0.6112
-0.18623,-0.60542,0.01833,-0.00946,0.79,0.7856
-0.21646,-0.29006,0.01587,-0.01946,2.5,2.52
-0.2025,-0.74445,0.01418,-0.00876,0.93,0.917
-0.31421,-0.64702,0.02092,-0.00937,0.9573,0.9511
-0.1431,-0.70037,0.04232,-0.01706,0.81,0.8011
-0.23433,-0.23433,0.00089,-0.00178,11.23,11.22
-0.1499,-0.50673,0.00231,-0.01479,4.34,4.33
-0.17251,-0.65544,0.00332,-0.01954,3.02,3.01
-0.15307,-0.69012,0.0,-0.00036,2.76,2.76
-0.21598,-0.25309,0.01887,0.02204,3.78,3.71
-0.3579,-0.42349,0.01617,0.00951,2.16,2.165
-0.75034,-0.97697,0.00669,0.07748,11.2,11.96
-0.41402,-0.98544,0.10571,-0.00285,7.28,7.0
-0.17333,-0.98971,0.04237,-0.04839,4.8,4.72
-0.225,-0.99228,0.01622,-0.00538,3.6,3.7
-0.19332,-0.99299,0.01136,0.04142,3.36,3.52
-0.20631,-0.99322,0.0,0.02752,3.3,3.36
-0.25566,-0.99523,0.02222,-0.02174,2.25,2.25
-0.17786,-0.4282,0.00076,-0.00832,13.12,13.11
-0.15778,-0.52206,0.00181,-0.00271,11.04,11.02
-0.20088,-0.4079,0.01479,-0.02389,19.787,19.61
-0.29157,-0.29157,0.00159,0.06973,6.3,6.29
-0.16226,-0.42771,-0.02727,-0.07368,4.28,4.4
-0.24343,-0.25273,0.00176,0.04022,5.7,5.69
-0.18462,-0.27255,0.01579,0.02426,3.86,3.8
-0.19517,-0.45186,-0.06818,0.06673,1.64,1.76
-0.14517,-0.3883,0.02492,-0.02019,4.5195,4.615
-0.28809,-0.3223,0.04825,-0.01695,0.65,0.6321
-0.16283,-0.47059,0.00855,0.00179,0.5075,0.5032
-0.10708,-0.42348,0.1401,-0.05393,0.5199,0.5175
-0.15763,-0.18516,-0.03008,0.0138,1.29,1.33
-0.26653,-0.63364,0.00055,0.0089,18.0042,18.13
-0.15273,-0.56182,0.00055,-0.03165,8.86,9.025
-0.23223,-0.43933,0.00063,0.03064,7.91,7.905
-0.31373,-0.31373,0.02913,-0.01905,15.9,15.45
-0.33682,-0.41917,-0.00596,0.0075,13.35,13.43
-0.33004,-0.33004,-0.00213,-0.00949,9.37,9.39
-0.20303,-0.62827,0.11961,-0.22909,4.4799,4.055
-0.20852,-0.25139,0.0,-0.01855,5.29,5.29
-0.32416,-0.49887,0.0,-0.01244,4.35,4.365
-0.26198,-0.32972,0.01284,-0.018,5.5199,5.45
-0.45186,-0.56906,0.01688,0.00308,6.6199,6.51
-0.39877,-0.39877,-0.01327,-0.00819,6.55,6.78
-0.14948,-0.49956,0.02564,-0.04042,5.5,5.46
-0.24376,-0.65347,-0.00258,-0.01777,3.86,3.87
-0.22,-0.55409,0.0,-0.00789,5.03,5.03
-0.16489,-0.32966,0.00182,0.00548,5.51,5.5
-0.15347,-0.24863,0.00158,-0.01506,18.05,18.96
-0.17117,-0.37838,-0.00645,0.01087,4.35,4.65
-0.165,-0.165,0.002,0.0,5.02,5.01
-0.27072,-0.38318,0.00152,0.0,6.55,6.6
-0.43231,-0.93467,0.11732,-0.06064,16.46,16.11
-0.31503,-0.95817,0.02077,-0.03552,10.36,10.59
-0.29547,-0.97214,0.0,0.0119,7.0,7.4
-0.18414,-0.97786,0.0,0.01067,5.75,5.875
-0.26084,-0.98069,0.01026,-0.01015,4.625,4.875
-0.18872,-0.25688,0.10386,-0.003,11.0,9.965
-0.24124,-0.93927,0.00901,-0.01421,11.2,11.1
-0.27641,-0.93622,0.00241,0.00973,4.16,4.15
-0.13492,-0.14398,0.00633,-0.03364,1.59,1.58
-0.4246,-0.4246,0.00699,-0.01379,1.41,1.43
-0.19786,-0.19786,-0.00326,0.02333,1.53,1.535
-0.22576,-0.32003,0.0,-0.00187,0.5301,0.534
-0.29029,-0.29029,-0.02377,0.01174,3.61,3.6979
-0.59368,-0.62845,0.07937,0.01839,1.95,2.52
-0.55173,-0.81692,0.00186,-0.07496,1.08,1.1279
-0.17241,-0.78378,0.02941,-0.05556,1.4,1.36
-0.1875,-0.1875,0.02,-0.06883,1.11,1.15
-0.46008,-0.60592,0.01578,-0.01094,6.819,6.782
-0.18417,-0.19103,0.00961,0.00512,6.936,6.87
-0.57934,-0.66742,0.0,-0.03559,2.71,2.71
-0.42969,-0.53175,0.00108,0.27123,8.88,9.28
-0.27578,-0.40539,0.03626,0.06494,10.0,9.872
-0.22256,-0.51379,0.00247,0.06992,7.81,8.11
-0.23324,-0.70441,0.02436,-0.02348,4.6096,4.5
-0.39648,-0.82618,0.04743,-0.06635,2.56,2.53
-0.13542,-0.89352,-0.00613,-0.01807,1.59,1.63
-0.31818,-0.38776,0.00033,0.00733,0.9069,0.9066
-0.34675,-0.34675,0.02017,-0.03615,1.7,1.7252
-0.19876,-0.5292,0.00785,0.00775,1.3,1.3
-0.69457,-0.90137,0.0566,0.00279,2.95,2.88
-0.32114,-0.72527,-0.06611,0.00065,2.896,3.101
-0.22847,-0.51325,0.01155,0.01305,2.235,2.251
-0.14659,-0.57021,0.05457,-0.0474,1.832,1.869
-0.41397,-0.41397,0.00686,-0.00557,3.9303,3.9628
-0.18765,-0.49706,0.00583,0.00292,3.45,3.43
-0.17971,-0.58382,-0.01172,-0.09541,2.53,2.56
-0.2365,-0.56324,0.0,-0.0303,2.88,2.88
-0.72222,-0.81618,0.65727,0.056,1.6,1.32
-0.2197,-0.84853,0.05366,-0.00485,1.08,1.025
-0.32843,-0.89926,0.01818,-0.03664,0.6311,0.6599
-0.2815,-0.93131,0.01359,0.02419,0.472,0.4784
-0.08681,-0.93178,-0.03565,-0.03859,0.4301,0.446
-0.17412,-0.91741,0.01664,-0.05858,0.5374,0.5287
-0.34638,-0.96026,0.00986,0.0122,18.22,18.26
-0.32081,-0.97783,0.01493,-0.00213,9.4,9.38
-0.18432,-0.98184,0.00525,-0.01039,7.64,7.62
-0.20234,-0.98559,0.00345,-0.05075,5.8,5.8
-0.17112,-0.29864,-0.0044,-0.02151,4.53,4.55
-0.17199,-0.32735,0.05505,-0.02967,3.45,3.27
-0.12157,-0.146,-0.02007,-0.01967,7.08,7.225
-0.44774,-0.54693,0.0,-0.03581,3.77,3.77
-0.06897,-0.59328,0.01736,-0.17949,2.7,2.88
-0.63565,-0.88052,0.03636,0.06682,1.04,1.1
-0.17431,-0.89571,-0.01405,-0.01956,0.87,0.8824
-0.1462,-0.66165,0.03253,-0.05137,2.8598,2.77
-0.17091,-0.73581,-0.01847,-0.02632,2.179,2.22
-0.41014,-0.85168,0.01639,-0.04688,1.21,1.22
-0.37725,-0.87949,0.01961,-0.01923,1.0,1.02
-0.18896,-0.89192,-0.01816,-0.01426,0.88,0.9194
-0.12308,-0.12308,0.0,-0.03509,1.1,1.1
-0.1401,-0.1401,0.02898,-0.04201,1.66,1.6805
-0.21598,-0.35049,0.02344,-0.03396,1.29,1.28
-0.29094,-0.29094,0.01835,0.02825,2.19,2.18
-0.26425,-0.52508,0.03798,-0.06373,1.37,1.3295
-0.12099,-0.19729,-0.00289,-0.02809,3.3503,3.46
-0.21971,-0.21971,0.0103,0.01664,8.335,8.25
-0.15909,-0.38742,0.0,0.00973,4.565,4.67
-0.32863,-0.39468,-0.00094,0.01434,5.3,5.305
-0.21875,-0.21875,0.00123,0.015,8.13,8.12
-0.16097,-0.3813,-0.00213,0.00536,4.45,4.69
-0.3344,-0.4128,0.00952,0.01254,5.28,5.25
-0.16704,-0.34474,-0.00267,0.00134,18.65,18.7
-0.26216,-0.82537,0.05423,0.05084,19.5,18.81
-0.33883,-0.87873,0.06049,0.02414,12.95,12.73
-0.35,-0.38736,0.01478,0.05754,8.22,8.455
-0.21077,-0.39647,0.00903,0.00715,7.8,7.75
-0.18687,-0.51179,0.0105,0.03081,6.11,6.19
-0.53114,-0.58975,-0.01295,-0.01219,0.16,0.1621
-0.17202,-0.29355,-0.01765,0.0388,3.34,3.4
-0.12622,-0.28992,-0.04712,-0.02846,2.993,3.141
-0.19329,-0.33908,0.0,0.03572,6.553,6.553
-0.29282,-0.46667,0.00398,-0.01953,1.26,1.255
-0.24248,-0.61808,-0.01124,-0.02902,0.8512,0.89
0.02816,-0.23827,-0.12089,-0.18752,0.4407,0.5013
-0.14294,-0.43373,0.0,-0.01543,0.4316,0.4404
-0.16303,-0.27405,0.00791,0.01606,5.1,5.06
-0.29078,-0.56268,0.00334,-0.00333,2.96,2.99
-0.14462,-0.60774,0.0193,-0.06027,8.98,8.81
-0.29385,-0.57784,0.00064,-0.00704,7.76,7.755
-0.22905,-0.49375,0.0,-0.00556,8.05,8.05
-0.17451,-0.58104,0.00089,-0.01316,11.2,11.25
-0.33817,-0.82663,0.23843,-0.02926,1.888,1.858
-0.34351,-0.65519,0.04012,0.05711,3.13,3.091
-0.17194,-0.61439,0.0,0.00979,3.281,3.302
-0.24363,-0.73384,-0.00043,0.01994,2.301,2.302
-0.19302,-0.19302,0.0,0.0,3.47,3.47
-0.17514,-0.51007,-0.01342,0.02055,1.47,1.49
-0.66841,-0.97617,0.04399,0.07571,8.55,8.525
-0.22414,-0.9797,0.26812,0.02222,7.625,6.9
-0.196,-0.98489,0.08629,-0.0199,5.075,4.925
-0.46218,-0.99038,0.03876,0.00781,3.275,3.225
-0.35938,-0.99383,0.03571,0.02439,2.075,2.1
-0.29614,-0.99507,0.00885,0.03354,1.7,1.695
-0.16874,-0.23763,-0.00605,0.02112,9.85,9.91
-0.32846,-0.45876,0.01597,0.0,7.0,6.89
-0.43149,-0.76461,-0.01118,0.00923,9.73,9.84
-0.15108,-0.80058,-0.01954,-0.00847,8.03,8.19
-0.15839,-0.84862,0.0008,-0.00399,6.25,6.245
-0.0352,-0.85442,0.03077,-0.13765,5.2,5.2
-0.31545,-0.44605,0.01768,0.02114,0.87,0.8598
-0.13024,-0.69106,0.02336,-0.05368,0.368,0.3596
-0.21435,-0.26853,-0.00896,-0.00047,0.84,0.8481
-0.4,-0.66379,0.00076,0.00949,0.394,0.3937
-0.18418,-0.29741,0.0,-0.01215,0.8051,0.8051
-0.21581,-0.40922,0.02346,-0.01741,0.41,0.4006
-0.32632,-0.32632,-0.02793,0.11875,3.47,3.58
-0.18264,-0.22265,0.00024,0.00963,4.09,4.089
-0.16126,-0.40902,0.01329,-0.02241,3.049,3.01
-0.46943,-0.68067,0.01809,0.00284,2.817,2.82
-0.22351,-0.4322,0.01639,0.04051,2.37,2.44
-0.14593,-0.17756,0.04685,-0.0106,3.79,3.735
-0.23711,-0.37945,0.00167,0.01182,3.0,2.995
-0.08489,-0.44775,0.01837,-0.09091,4.99,4.9
-0.3487,-0.66701,0.00619,-0.00615,3.25,3.23
-0.20635,-0.20635,0.05072,-0.08,1.45,1.38
-0.2375,-0.3545,-0.00057,0.00877,1.21,1.2307
-0.13072,-0.35437,0.00775,-0.03008,1.27,1.29
-0.2169,-0.47443,0.03346,0.03435,0.8371,0.81
-0.14557,-0.66165,0.0458,-0.02963,1.37,1.31
-0.19141,-0.68978,0.00448,-0.00438,1.12,1.115
-0.15334,-0.42292,0.00519,-0.00388,15.4799,15.4
-0.16732,-0.20009,0.0,-0.01494,16.815,16.815
-0.24885,-0.24885,-0.01902,0.01524,9.62,9.99
-0.16361,-0.33289,0.00202,-0.01198,4.9587,4.95
-0.14921,-0.58535,-0.02527,-0.00738,2.61,2.77
-0.7827,-0.82149,0.0049,0.01493,2.0,2.04
-0.20484,-0.23477,0.00352,-0.00117,4.28,4.265
-0.14524,-0.2158,-0.00302,-0.00451,3.3,3.31
-0.19088,-0.33019,0.00351,0.00352,2.86,2.85
-0.16354,-0.16354,0.00503,-0.00872,8.0,7.96
-0.19938,-0.25409,0.02202,-0.00387,7.89,7.72
-0.18006,-0.28821,0.02155,0.00098,10.23,10.21
-0.13905,-0.16419,0.02614,-0.01615,15.19,14.925
-0.19924,-0.3733,0.00045,0.01653,11.2,11.225
-0.15982,-0.21554,0.0,-0.01057,14.98,14.98
-0.17631,-0.32658,0.02027,-0.03625,1.45,1.4408
-0.26171,-0.94319,0.0,-0.03228,17.18,17.69
-0.16667,-0.83022,0.07921,0.01,6.3,6.06
-0.18187,-0.62848,0.0057,-0.00167,2.999,2.982
-0.16525,-0.72175,0.10753,-0.05584,1.7999,1.86
-0.15217,-0.76786,0.02632,-0.02564,1.55,1.52
-0.23339,-0.49085,0.00207,0.02326,4.8482,4.84
-0.18959,-0.36994,0.00478,-0.04128,2.1,2.09
-0.32483,-0.32549,0.02235,-0.02471,3.43,3.355
-0.15132,-0.36765,0.0,-0.00155,3.22,3.22
-0.37022,-0.37022,0.04887,0.19857,8.8,8.39
-0.3456,-0.3456,-0.00121,0.01222,8.21,8.28
-0.1717,-0.452,-0.01743,-0.01495,6.63,6.7476
-0.07946,-0.07946,-0.04639,-0.05212,5.55,5.82
-0.16703,-0.16703,0.00993,-0.0293,6.0415,6.04
-0.13839,-0.38358,0.03333,-0.03148,6.2,6.0
-0.16317,-0.20966,0.0335,-0.00084,6.17,5.97
-0.30861,-0.54344,0.02528,-0.01453,2.92,2.848
-0.32782,-0.32782,0.08443,0.03418,2.94,2.7111
-0.17332,-0.34226,0.00298,0.01357,3.37,3.36
-0.37589,-0.41333,0.00224,0.01591,2.24,2.235
-0.16038,-0.52533,-0.01765,-0.04494,1.67,1.7
-0.18056,-0.68533,-0.01695,0.0,1.16,1.18
-0.17562,-0.17562,0.01328,-0.01708,7.2,7.155
-0.23971,-0.39968,0.0249,-0.02165,7.4,7.23
-0.23425,-0.36799,0.00125,0.03085,7.9995,8.02
-0.23661,-0.50203,0.04623,0.00571,6.35,6.165
-0.15215,-0.48091,0.02668,-0.0019,8.08,7.87
-0.22014,-0.34758,0.02949,-0.00636,18.49,17.97
-0.16852,-0.16852,-0.01923,0.04232,4.59,4.68
-0.37321,-0.6351,0.0852,-0.14885,1.08,1.115
-0.27564,-0.33841,0.00533,-0.00354,2.8197,2.815
-0.24524,-0.29083,0.00157,0.00158,3.15,3.175
-0.25152,-0.25152,0.04065,-0.00405,1.28,1.23
-0.20079,-0.26449,0.01463,0.00985,1.04,1.025
-0.15649,-0.2483,-0.00909,-0.00452,1.09,1.1
-0.20439,-0.48043,0.00762,0.05439,0.6348,0.63
-0.52727,-0.61513,0.0055,0.00303,2.3498,2.3471
-0.30028,-0.50101,0.00012,0.0081,2.49,2.49
-0.16535,-0.16535,0.00917,0.0283,1.07,1.09
-0.15637,-0.24937,0.02118,-0.0192,0.9313,0.935
-0.16667,-0.6273,0.01714,-0.01408,3.56,3.5
-0.2441,-0.32703,-0.04982,-0.06086,5.72,6.0199
-0.26624,-0.51391,-0.00853,0.01296,4.65,4.69
-0.26034,-0.54961,0.00677,0.03263,4.46,4.43
-0.09603,-0.48939,-0.03143,-0.01524,4.01,4.264
-0.24662,-0.46034,0.00895,-0.02425,10.15,10.06
-0.16706,-0.56151,0.00962,-0.00952,6.28,6.24
-0.35258,-0.4316,-0.00117,0.00352,4.24,4.275
-0.15118,-0.50346,0.00806,-0.01294,4.97,4.96
-0.20035,-0.38163,0.02269,-0.02291,6.7,6.61
-0.21118,-0.58677,0.00266,-0.01312,3.77,3.76
-0.41746,-0.51455,0.0163,0.00272,1.86,1.84
-0.17602,-0.22727,0.0125,-0.00929,1.62,1.6
-0.20198,-0.51192,0.00442,0.00355,8.6501,11.3
-0.21403,-0.61638,0.00914,-0.0113,8.7,8.75
-0.23048,-0.70747,0.00074,0.0039,6.73,6.775
-0.16803,-0.28474,0.00783,0.01747,16.6,16.6
-0.15503,-0.29987,0.00484,-0.00501,15.9443,15.89
-0.22489,-0.54111,0.16064,0.07081,3.882,3.735
-0.13288,-0.49349,0.01934,-0.05974,3.67,3.62
-0.20297,-0.3602,0.01554,0.02605,9.8,9.65
-0.1423,-0.27335,-0.01152,-0.00589,4.28,4.34
-0.13194,-0.62349,0.0,-0.024,2.44,2.44
-0.26927,-0.26927,0.02388,0.01334,2.99,2.9397
-0.16,-0.16,0.01316,0.00529,3.8,3.8
-0.20136,-0.64558,0.0,-0.00283,1.76,1.76
-0.28162,-0.66245,0.01484,0.00238,1.71,1.685
-0.05391,-0.57635,-0.03206,-0.075,0.77,0.7955
-0.17733,-0.17733,0.01523,-0.01456,1.98,1.97
-0.28571,-0.28571,0.00225,0.15405,2.05,2.135
-0.18417,-0.47081,0.00709,0.02875,1.39,1.41
-0.25472,-0.51474,-0.00254,-0.00253,1.965,1.97
-0.17803,-0.55165,0.00461,0.0,1.09,1.085
-0.2069,-0.49748,0.00503,-0.00167,2.99,2.985
-0.21964,-0.21964,0.01026,0.00343,4.26,4.385
-0.19256,-0.19256,0.01004,0.01581,15.02,14.94
-0.15577,-0.36735,0.016,0.00358,11.65,11.565
-0.1486,-0.43069,0.01297,-0.02218,10.12,10.14
-0.17389,-0.17612,0.0299,-0.0099,3.05,3.01
-0.15331,-0.15331,0.00697,-0.00379,7.95,7.895
-0.17123,-0.28434,0.0,0.00367,8.21,8.21
-0.23114,-0.42888,0.02126,-0.00252,4.0,3.965
-0.17692,-0.59227,0.03233,0.00091,0.91,0.8815
-0.27135,-0.54965,0.01236,-0.00231,13.1,12.94
-0.65796,-0.69914,0.01989,-0.07663,9.18,9.001
-0.17945,-0.79691,0.00481,0.01079,6.519,6.651
-0.15639,-0.82685,0.01499,-0.00089,5.689,5.605
-0.19076,-0.90429,0.02563,0.01903,3.241,3.16
-0.17428,-0.31989,-0.01164,0.01214,2.8,2.834
-0.23975,-0.36597,0.01808,0.00326,2.122,2.157
-0.20751,-0.40873,0.0541,-0.05037,2.006,1.904
-0.17202,-0.25764,0.0,0.00242,8.275,8.275
-0.16434,-0.71581,0.00429,-0.0251,2.34,2.33
-0.13902,-0.51842,0.0058,-0.02266,3.47,3.45
-0.31692,-0.76613,0.00393,0.11787,1.79,1.783
-0.27753,-0.35051,0.0,0.01089,3.25,3.25
-0.23435,-0.24083,0.00062,0.00558,8.01,8.115
-0.17674,-0.1877,0.0031,0.00859,12.96,12.92
-0.37456,-0.41365,0.00821,0.00853,1.2401,1.23
-0.55683,-0.68687,0.09184,-0.05516,0.3163,0.2929
-0.14952,-0.5099,0.00976,-0.05008,0.46,0.4609
-0.11778,-0.27137,0.01446,-0.0421,0.54,0.5324
-0.21181,-0.35511,0.00433,0.01762,1.16,1.155
-0.1632,-0.51385,0.0048,0.00401,12.57,12.51
-0.16647,-0.40987,0.00072,-0.00463,13.88,13.98
-0.19682,-0.32983,0.00137,-0.00068,7.33,7.32
-0.31543,-0.34145,0.02736,0.02164,5.82,5.665
-0.15521,-0.27852,0.00583,-0.00349,4.27,4.285
-0.81826,-0.88415,0.11633,-0.14084,3.594,3.404
-0.15102,-0.93918,-0.00097,-0.01154,2.032,2.056
-0.19801,-0.95287,-0.02241,0.05211,1.654,1.696
-0.21585,-0.9624,-0.03008,0.03421,1.278,1.33
-0.2,-0.62342,0.0149,-0.06282,8.346,8.862
-0.37555,-0.52046,0.05822,-0.18322,6.18,5.84
-0.12331,-0.60899,-0.05479,0.00172,5.52,5.84
-0.29708,-0.43298,0.08293,-0.10172,6.58,6.27
-0.17055,-0.65636,-0.00241,-0.01896,4.14,4.15
-0.27307,-0.40278,0.00078,0.00591,12.77,12.76
-0.14398,-0.33098,0.00754,-0.02006,14.03,13.925
-0.15808,-0.20763,0.00273,-0.02228,16.5,16.455
-0.19785,-0.21106,0.02353,-0.02339,16.75,16.365
-0.17601,-0.45629,-0.00241,-0.0032,12.43,12.46
-0.15323,-0.15323,0.00733,-0.02619,2.06,2.045
-0.17988,-0.25691,-0.0057,0.01762,1.3609,1.3687
-0.17842,-0.32881,0.01546,-0.0202,1.97,1.94
-0.28261,-0.49661,0.00667,0.0101,1.47,1.5
-0.12712,-0.44173,-0.02439,-0.00485,2.0,2.05
-0.05556,-0.07668,0.01154,-0.10035,2.63,2.6
-0.34405,-0.34405,0.04478,-0.03458,3.15,3.35
-0.15356,-0.44878,0.00635,-0.01217,13.42,13.395
-0.18659,-0.57561,0.01037,0.00223,6.74,6.75
-0.25,-0.25,0.01014,0.02166,5.48,5.425
-0.24956,-0.52519,0.0589,0.04394,8.125,8.03
-0.26379,-0.60703,0.04134,0.00479,6.475,6.29
-0.2651,-0.80903,0.06311,-0.03341,2.11,2.06
-0.27351,-0.87762,0.01471,-0.00425,1.38,1.36
-0.27673,-0.62295,-0.01758,-0.03522,2.13,2.219
-0.20231,-0.632,-0.00719,0.00725,1.38,1.39
-0.19305,-0.23303,0.00244,-0.02153,4.1,4.09
-0.19216,-0.43303,0.00057,0.01942,3.0754,3.15
-0.24389,-0.57963,0.02444,-0.0179,2.27,2.25
-0.1626,-0.57438,0.01961,-0.00971,1.0101,1.02
-0.20166,-0.26087,0.00344,0.00692,2.92,2.91
-0.18485,-0.1933,0.0,-0.00445,4.65,4.65
-0.15476,-0.2345,0.0,-0.0128,16.58,16.58
-0.15198,-0.16642,0.00059,-0.01401,16.89,16.89
-0.26092,-0.29761,0.00569,0.01574,15.9,15.81
-0.1675,-0.18978,-0.00612,-0.01802,3.25,3.27
-0.13583,-0.34551,0.0,-0.02258,0.87,0.87
-0.21523,-0.21523,0.0,0.00549,13.73,13.73
-0.19032,-0.47504,0.00134,0.01359,7.47,7.46
-0.16378,-0.51015,0.00095,-0.00847,5.27,5.265
-0.16088,-0.16088,0.00175,-0.01523,17.13,17.13
-0.28483,-0.44525,0.00086,0.00957,11.62,11.61
-0.18668,-0.29376,-0.00588,0.00808,9.3,9.355
-0.13677,-0.51724,0.00665,-0.02338,7.57,7.52
-0.16597,-0.50063,0.0013,-0.03453,7.7,7.69
-0.19474,-0.19474,0.00401,0.01735,10.01,9.97
-0.49322,-0.53412,-0.0469,0.0809,7.3145,7.6744
-0.37569,-0.70054,-0.02222,-0.01396,4.4,4.5
-0.19091,-0.7664,0.01429,-0.01685,3.55,3.5
-0.182,-0.48323,-0.00241,0.01467,3.91,4.15
-0.23206,-0.23206,0.00147,-0.00876,6.41,6.79
-0.07742,-0.36444,0.0339,-0.17483,8.33,8.26
-0.19209,-0.36444,0.04089,-0.05944,9.66,9.415
-0.25769,-0.25769,0.00187,-0.02132,14.98,16.07
-0.15442,-0.39988,0.00099,-0.00494,10.09,10.08
-0.36104,-0.53662,0.04603,0.0028,7.445,7.17
-0.23413,-0.72452,0.05399,0.00221,4.45,4.26
-0.17631,-0.76732,0.00679,0.0,3.0103,2.99
-0.30657,-0.85191,0.00503,0.04737,2.0,1.99
-0.39473,-0.39473,0.02066,-0.00508,1.25,1.2345
-0.18626,-0.18626,0.00567,-0.02682,2.62,2.645
-0.35336,-0.35563,0.01877,0.01913,1.89,1.865
-0.15309,-0.23778,0.01889,0.00146,3.4999,3.435
-0.27102,-0.83392,-0.00314,-0.00779,12.25,12.73
-0.19619,-0.46413,0.00899,-0.01126,16.75,16.69
-0.52106,-0.75711,0.03001,-0.06945,6.688,6.498
-0.3386,-0.5219,0.02512,-0.02839,9.85,9.755
-0.21831,-0.47034,0.0,-0.00256,6.998,7.0
-0.25189,-0.62566,0.01203,-0.02782,4.88,4.822
-0.45649,-0.75522,0.00825,0.02433,2.68,2.6779
-0.25742,-0.25742,0.02182,0.03734,2.75,2.75
-0.36758,-0.61204,0.00369,-0.02166,1.33,1.355
-0.21324,-0.70028,0.0099,-0.05607,1.02,1.01
-0.59108,-0.88317,0.04758,-0.04771,0.4157,0.3972
-0.30695,-0.84992,0.00517,-0.0252,0.5248,0.5223
-0.16613,-0.56213,-0.00097,-0.00194,10.26,10.27
-0.22286,-0.23596,-0.03136,0.05515,1.39,1.435
-0.34626,-0.4129,-0.0022,-0.0022,9.06,9.08
-0.2095,-0.42457,0.06084,-0.11935,9.402,9.238
-0.15923,-0.58512,0.00143,0.00143,6.9899,6.98
-0.1733,-0.1733,0.0067,-0.01297,18.77,18.645
-0.19793,-0.39207,0.00682,0.01063,17.71,17.59
-0.42512,-0.71708,-0.01284,0.02801,8.21,8.3269
-0.11377,-0.30233,-0.01754,-0.03716,2.8,2.85
-0.06419,-0.34711,0.03046,-0.28881,1.99,1.97
-0.20054,-0.20054,-0.01879,-0.02922,2.81,2.8638
-0.1124,-0.3794,-0.00454,-0.04803,2.17,2.18
-0.28015,-0.57693,0.01496,-0.00923,0.97,0.9557
-0.2268,-0.67105,0.0247,0.01493,0.7799,0.7612
-0.18518,-0.59974,0.03295,-0.00559,0.93,0.9075
-0.16057,-0.23134,0.01877,-0.01672,2.56,2.6
-0.16055,-0.37614,0.02783,-0.01821,2.77,2.695
-0.1899,-0.42096,0.00575,0.03264,1.75,1.74
-0.19049,-0.26314,0.16216,-0.03436,1.25,1.11
-0.25294,-0.43805,0.06615,0.01181,2.74,2.57
-0.11866,-0.17416,0.01818,-0.05837,6.16,6.05
-0.29381,-0.44086,0.01874,-0.04549,4.23,4.1522
-0.3205,-0.68252,0.01761,0.03441,2.6,2.555
-0.16863,-0.6869,0.01022,0.00374,2.47,2.445
-0.52022,-0.69347,0.0158,0.02281,0.6627,0.6772
-0.37041,-0.80241,0.05946,-0.09372,0.3848,0.3868
-0.24318,-0.80065,0.00165,-0.00918,0.3,0.3022
-0.11893,-0.3606,0.0345,-0.09843,0.2692,0.2812
-0.33744,-0.64699,0.06636,0.00639,0.1821,0.1733
-0.11765,-0.24623,-0.03704,-0.1,1.3,1.35
-0.17245,-0.32216,-0.00149,-0.00512,1.3066,1.342
-0.4792,-0.5038,0.0,0.00499,15.05,15.1
-0.49964,-0.73486,0.00432,0.0205,0.9851,0.9957
-0.17302,-0.76013,0.0259,0.03743,5.53,5.405
-0.26607,-0.49343,0.10323,0.0292,6.175,6.345
-0.22636,-0.58828,0.03282,0.03808,5.1,5.18
-0.17757,-0.6318,0.02125,-0.0375,4.325,4.235
-0.18586,-0.73259,-0.0125,0.02894,3.16,3.2
-0.22348,-0.76437,0.02041,-0.0439,2.0,1.96
-0.19598,-0.81609,-0.00621,0.00625,1.6,1.61
-0.17513,-0.78016,0.01813,0.01181,0.9942,0.9765
-0.21911,-0.21911,0.03913,-0.02954,4.76,4.6
-0.17478,-0.36919,0.07846,-0.01802,3.86,3.76
-0.18132,-0.18132,0.01351,-0.00671,2.96,2.96
-0.18026,-0.5631,-0.01227,0.02496,1.6,1.63
-0.1335,-0.2582,0.02113,-0.06622,1.4,1.42
-0.18325,-0.38743,-0.008,-0.04726,0.88,0.8871
-0.29633,-0.50713,-0.00143,0.01302,6.99,7.0
-0.2517,-0.2589,0.01552,0.0039,7.85,7.73
-0.13964,-0.36964,0.00177,-0.01396,5.66,5.65
-0.20764,-0.20764,0.00045,0.00227,11.02,11.015
-0.16295,-0.20649,0.00065,-0.00779,15.3,15.29
-0.13867,-0.19721,0.00196,-0.01925,15.32,15.29
-0.32782,-0.75726,-0.00194,0.02525,15.4,15.43
-0.78442,-0.94645,0.02619,-0.11446,2.9898,2.94
-0.14347,-0.93266,0.00746,-0.01812,4.0398,4.02
-0.13953,-0.94246,-0.01068,-0.01263,2.53,2.5573
-0.18333,-0.95782,-0.00599,-0.02624,1.66,1.67
-0.21198,-0.64184,0.03687,0.0256,0.2569,0.2604
-0.23279,-0.25832,0.0,-0.00617,8.86,8.86
-0.22412,-0.22412,0.00502,-0.02207,10.02,9.97
-0.17894,-0.47691,0.00666,0.02759,14.999,14.9
-0.18178,-0.39621,0.00391,0.02227,17.97,17.9
-0.5088,-0.81617,0.03279,-0.00651,15.55,15.25
-0.34774,-0.87892,0.06439,0.01385,10.5,10.25
-0.29317,-0.93613,0.02696,-0.02625,5.178,5.193
-0.30707,-0.95587,0.06724,0.0171,3.75,3.748
-0.2299,-0.91054,0.00936,0.00134,7.55,7.48
-0.15933,-0.85911,-0.04125,0.01903,6.16,6.425
-0.21104,-0.88429,0.01623,0.0144,5.0,4.93
-0.28254,-0.86092,0.00867,0.01772,4.3,4.6001
-0.25772,-0.25772,0.02569,-0.03292,15.97,15.57
-0.19649,-0.49285,0.0103,-0.02909,10.79,10.68
-0.21875,-0.21875,-0.05121,0.03,7.818,8.24
-0.24702,-0.4999,0.02917,-0.00918,5.11,5.074
-0.39394,-0.75225,0.01266,0.00546,10.9999,11.06
-0.23694,-0.31194,0.00237,-0.00472,8.45,8.43
-0.18008,-0.28532,-0.00064,0.00711,7.79,7.795
-0.12458,-0.12458,0.0,-0.02308,2.28,2.54
-0.26549,-0.44108,-0.04151,-0.03211,1.51,1.6067
-0.24299,-0.24299,0.00633,-0.02469,1.58,1.58
-0.30573,-0.46829,0.02804,-0.01835,1.1,1.07
-0.20762,-0.20762,-0.02392,0.01446,1.01,1.045
-0.16154,-0.16154,-0.00952,-0.0367,1.04,1.05
-0.93233,-0.93896,0.01607,-0.02405,8.496,8.4
-0.38808,-0.96353,0.12493,-0.01459,5.352,5.067
-0.13507,-0.96894,0.02571,0.01233,4.386,4.434
-0.22317,-0.49931,-0.00091,0.00457,3.153,3.294
-0.33865,-0.33865,0.09995,0.06963,6.036,5.853
-0.28442,-0.54025,0.04634,-0.02997,3.66,3.69
-0.15161,-0.53873,0.00155,-0.00819,9.7,9.685
-0.19168,-0.33538,0.0,0.01188,11.5,11.5
-0.21409,-0.24479,-0.0035,-0.01379,2.85,2.86
-0.21331,-0.21331,-0.00455,-0.04555,4.38,4.4
-0.43295,-0.43295,0.02648,0.27568,8.9992,9.44
-0.16173,-0.43602,0.0041,-0.00679,7.34,7.31
-0.2918,-0.3249,-0.02183,0.03973,8.96,9.16
-0.44571,-0.47586,0.0191,0.07164,6.76,7.33
-0.175,-0.175,-0.00944,0.03139,4.72,4.765
-0.40653,-0.49661,0.01275,0.00177,2.85,2.824
-0.18067,-0.65179,0.00765,-0.00759,1.95,1.9352
-0.14833,-0.35036,-0.01144,-0.02247,1.7201,1.74
-0.39773,-0.61314,0.03314,0.14142,1.12,1.2099
-0.45573,-0.73978,0.0,0.0,0.69,0.713
-0.20405,-0.71172,-0.00675,-0.00582,0.78,0.7853
-0.22293,-0.70305,0.04927,0.03316,0.4098,0.4019
-0.09436,-0.67503,0.07565,-0.13519,0.292,0.2789
-0.12322,-0.62213,-0.01719,-0.02293,0.3551,0.3664
-0.14102,-0.33725,-0.01314,-0.03073,0.3455,0.3501
-0.11182,-0.28832,-0.02101,-0.02359,0.3728,0.3808
-0.49864,-0.50287,1.05502,0.04944,0.5519,0.2908
-0.17425,-0.35273,0.04,-0.03846,0.3848,0.37
-0.1696,-0.17254,0.00106,0.0137,9.48,9.47
-0.16902,-0.23446,0.03055,0.01945,3.18,3.27
-0.14773,-0.4403,0.01887,-0.01067,1.89,1.855
-0.57884,-0.81821,0.04531,-0.04762,2.85,2.9
-0.61111,-0.91908,-0.00225,0.05595,0.8301,0.887
-0.83857,-0.89114,0.06122,0.08407,1.22,1.225
-0.18621,-0.18621,0.02025,0.00804,16.63,16.3
-0.59514,-0.8373,0.02825,0.01201,17.51,17.7
-0.31638,-0.88744,0.05932,-0.02479,11.6,11.8
-0.2,-0.91442,0.06418,-0.01946,9.6,9.021
-0.17058,-0.93365,0.01109,-0.00168,7.2,7.121
-0.17214,-0.95732,0.02022,0.0024,4.6,4.599
-0.18811,-0.95576,0.02146,-0.00668,3.867,3.867
-0.31196,-0.31196,0.01607,-0.05352,3.484,3.484
-0.13978,-0.5514,0.02655,-0.05833,2.19,2.26
-0.17902,-0.33422,0.01863,-0.00621,2.44,2.415
-0.29444,-0.60681,0.09375,0.00787,1.3,1.28
-0.27132,-0.70898,0.21685,0.02287,1.0001,0.9615
-0.24249,-0.43598,0.00062,0.00435,8.08,8.095
-0.29024,-0.41292,0.00482,0.00776,6.26,6.23
-0.18526,-0.20885,-0.00068,-0.00712,14.64,14.65
-0.09116,-0.3768,0.11669,-0.1499,0.6525,0.6119
-0.14702,-0.15763,0.04791,-0.02226,2.08,1.9849
-0.6044,-0.63066,0.01148,-0.01135,0.8812,0.88
-0.39062,-0.39062,0.00645,-0.00641,1.56,1.55
-0.17702,-0.17702,0.0249,-0.00733,2.45,2.41
-0.19706,-0.37671,0.03026,0.0022,1.4094,1.368
-0.11625,-0.3657,0.04318,-0.0656,0.575,0.5512
-0.125,-0.32386,-0.01237,-0.02151,0.575,0.5822
-0.18212,-0.18212,0.06263,-0.01237,0.7289,0.6866
-0.23516,-0.36599,-0.01612,-0.00861,0.94,0.9554
-0.14065,-0.15753,-0.00817,-0.00691,0.5705,0.5752
-0.22885,-0.38213,0.06673,-0.0532,10.49,11.39
-0.26144,-0.46098,0.04394,-0.00975,8.253,8.535
-0.164,-0.26667,0.01081,-0.00419,4.83,4.995
-0.27232,-0.48477,0.14664,-0.00088,3.891,3.396
-0.1791,-0.61628,0.02915,-0.01285,2.4185,2.35
-0.37308,-0.37308,-0.01535,-0.00102,4.81,4.885
-0.47578,-0.56708,-0.00097,-0.0077,4.8134,5.155
-0.66576,-0.79583,0.01154,0.06122,2.56,2.6
-0.18635,-0.82168,0.04854,-0.03734,2.15,2.06
-0.1713,-0.85083,0.04673,-0.04469,1.72,1.71
-0.2279,-0.62833,-0.0137,-0.03719,3.56,3.65
-0.32727,-0.49216,0.00592,-0.02124,5.1,5.07
-0.29302,-0.97493,0.01522,0.04496,18.78,19.06
-0.17318,-0.95015,-0.00339,0.00334,14.7,14.75
-0.22676,-0.34514,-0.00133,0.00534,15.03,15.05
-0.06795,-0.49541,0.07143,-0.11418,0.5,0.4872
0.00171,-0.05248,0.07264,-0.05402,0.29,0.2767
-0.90281,-0.90281,0.0016,0.03734,6.2,6.25
-0.18783,-0.42904,0.00625,0.01386,1.45,1.441
-0.27632,-0.27632,0.00877,0.03636,1.11,1.14
-0.1773,-0.36264,0.0,0.0,1.16,1.16
-0.21383,-0.61695,-0.00724,-0.00222,0.535,0.5389
-0.2416,-0.71014,0.0192,0.0323,0.43,0.4219
-0.1635,-0.26449,0.00077,0.01152,0.6328,0.6495
-0.4366,-0.44704,0.01584,-0.05559,0.4199,0.423
-0.15224,-0.40741,0.01051,-0.02854,0.4472,0.4663
-0.37895,-0.41,0.03915,-0.04746,17.34,16.86
-0.29452,-0.588,0.04167,-0.06796,12.0,11.52
-0.2566,-0.58526,0.06316,-0.03553,11.4,11.4
-0.19469,-0.61684,-0.00549,0.0,10.8,10.92
-0.15556,-0.68,0.01316,0.0,9.18,9.12
-0.17961,-0.73747,0.01804,0.0004,7.62,7.485
-0.26984,-0.74944,0.01724,-0.02535,7.08,6.96
-0.15518,-0.60976,-0.02015,-0.00035,2.64,2.879
-0.1597,-0.70054,0.0023,-0.01584,2.18,2.175
-0.17431,-0.7561,0.0,0.01111,1.82,1.82
-0.36282,-0.43156,0.01295,-0.01558,3.5,3.475
-0.22868,-0.42319,0.01205,0.04271,2.1,2.075
-0.43524,-0.43524,0.05601,-0.07845,16.85,16.998
-0.21446,-0.25724,-0.04242,0.12168,12.8,14.38
-0.15653,-0.18362,0.0,-0.01148,15.075,15.075
-0.21279,-0.2389,0.00038,-0.02142,13.255,13.25
-0.18364,-0.18364,0.00355,0.00938,18.3,18.285
-0.14257,-0.56781,0.046,-0.03279,2.16,2.065
-0.17343,-0.17343,0.00441,0.01339,2.28,2.27
-0.15,-0.33165,0.0,-0.01056,1.64,1.64
-0.1553,-0.1553,0.00226,-0.00897,2.215,2.21
-0.20643,-0.20643,0.0205,-0.02607,8.85,8.78
-0.44423,-0.72703,-0.00978,0.0066,8.281,8.386
-0.18771,-0.75131,0.0187,0.02174,7.9,7.755
-0.2978,-0.79293,0.03004,-0.04296,6.04,6.0483
-0.18246,-0.83338,0.01759,-0.02407,4.95,4.9627
-0.14562,-0.60761,0.01646,-0.02965,10.26,10.33
-0.18512,-0.68911,0.01749,-0.02054,5.13,5.14
-0.1879,-0.33159,0.01006,0.00353,5.1635,5.118
-0.12208,-0.24769,0.02978,-0.03753,14.25,14.1195
-0.16834,-0.3641,0.01515,-0.01492,12.35,12.215
-0.24506,-0.36895,0.02762,-0.02889,12.15,11.95
-0.12367,-0.53487,0.02971,-0.03528,8.9,8.75
-0.16694,-0.16694,0.0221,-0.0213,1.82,1.81
-0.20625,-0.42793,0.01587,-0.00787,1.28,1.26
-0.19647,-0.32662,0.01206,-0.00303,0.9648,0.9533
-0.24286,-0.31069,0.02,0.04822,0.102,0.1
-0.11071,-0.11071,0.0,-0.05221,2.36,2.36
-0.25547,-0.34335,-0.00622,0.00297,3.05,3.0691
-0.18844,-0.41833,0.01115,-0.0076,2.72,2.69
-0.13418,-0.39902,0.01164,-0.03263,5.999,5.93
-0.13858,-0.32353,0.0,-0.01884,6.77,6.77
-0.18161,-0.2311,-0.00136,0.03371,7.35,7.36
-0.16595,-0.2516,-0.00338,0.01372,5.89,5.91
-0.21429,-0.28105,-0.0087,0.04545,11.4,11.5
0.00877,-0.24837,0.08956,-0.21739,9.806,9.0
-0.33155,-0.42396,0.00781,0.024,12.2,12.8
-0.16356,-0.59934,0.01854,-0.0099,4.889,4.8
-0.14747,-0.75509,-0.00187,-0.00594,2.673,2.678
-0.39653,-0.78299,0.05634,0.00404,1.99,1.988
-0.24369,-0.74694,0.03151,-0.00545,1.506,1.46
-0.24446,-0.24446,0.00967,-0.03451,7.887,8.17
-0.14933,-0.21009,0.03704,-0.08444,8.205,8.1
-0.14397,-0.74464,0.00823,-0.02238,2.799,2.796
-0.27974,-0.8,0.00885,0.00893,2.27,2.26
-0.18248,-0.48527,0.00392,0.01935,1.27,1.275
-0.2306,-0.68064,0.02698,0.00617,0.647,0.6523
-0.30148,-0.58541,0.00803,-0.01268,9.42,9.345
-0.45089,-0.51454,0.19307,0.01659,7.41,7.536
-0.36423,-0.69136,0.08217,-0.00064,4.95,4.71
-0.26014,-0.42699,0.0031,0.04194,3.2,3.23
-0.18105,-0.52669,0.002,0.00619,2.51,2.505
-0.24049,-0.46863,0.01064,0.00894,2.85,2.82
-0.166,-0.166,-0.00474,0.01199,4.2,4.22
-0.1001,-0.51541,0.11059,-0.12675,4.492,4.051
-0.08377,-0.50872,0.01698,-0.06081,4.33,4.417
-0.18521,-0.18521,0.02565,-0.02515,6.465,6.317
-0.14729,-0.51717,0.00347,-0.02286,11.58,11.54
-0.17995,-0.17995,0.01448,-0.01074,9.81,9.67
-0.26237,-0.27693,0.0,0.00312,12.86,12.86
-0.18151,-0.21895,0.00417,0.00372,10.84,10.795
-0.1913,-0.21392,0.01606,0.01117,10.12,9.96
-0.27242,-0.63924,0.0,0.05442,4.65,4.65
-0.20357,-0.38398,0.00252,0.01271,6.78,6.775
-0.12235,-0.75046,0.00963,-0.04244,2.5995,2.595
-0.70268,-0.72688,0.01816,-0.08832,10.08,9.91
-0.41933,-0.41933,0.07625,-0.01302,13.76,13.64
-0.16619,-0.26342,-0.00115,-0.00569,8.72,8.73
-0.19033,-0.33333,0.00273,0.02425,11.01,10.98
-0.15663,-0.43408,0.0,0.00165,9.115,9.115
-0.17886,-0.47396,0.00337,-0.0198,11.64,11.88
-0.15848,-0.15848,-0.00438,0.00973,11.37,11.42
-0.20496,-0.23845,-0.00091,-0.01695,11.01,11.02
-0.4085,-0.4085,0.01787,-0.02829,1.7103,1.6898
-0.88312,-0.88312,0.07939,0.0637,0.2948,0.2872
-0.18851,-0.83117,0.08179,-0.02821,0.3899,0.379
-0.14198,-0.14198,-0.01467,-0.01918,4.03,4.09
-0.1626,-0.57613,-0.04651,0.04369,2.05,2.15
-0.1365,-0.75126,0.00855,-0.03218,1.18,1.17
-0.19841,-0.47396,0.01,-0.0099,0.97,1.0
-0.22996,-0.25963,0.00124,-0.00866,7.99,8.0001
-0.17306,-0.17306,0.0,-0.00491,11.15,11.15
-0.20121,-0.41697,-0.00125,0.01392,8.0,8.01
-0.14208,-0.47638,1e-05,-0.02468,6.92,6.9199
-0.1908,-0.1908,0.0,0.04301,13.43,13.58
-0.24661,-0.45872,0.00408,-0.01426,8.62,8.585
-0.14819,-0.56221,0.02667,-0.00398,3.85,3.75
-0.29508,-0.65873,0.03846,0.02558,2.2781,2.205
-0.47125,-0.62802,0.025,0.08072,1.636,1.6
-0.15079,-0.73116,0.04902,-0.04673,1.07,1.02
-0.15743,-0.51727,-0.01977,0.00322,0.58,0.5917
-0.33108,-0.58509,0.01913,0.11384,0.51,0.5176
-0.176,-0.176,-0.00935,0.03883,1.02,1.07
-0.15331,-0.20239,-0.00851,0.00881,2.2,2.2208
-0.20068,-0.20068,0.00823,0.03404,2.37,2.43
-0.19466,-0.28231,0.0,-0.01896,2.07,2.07
-0.26667,-0.49825,-0.01408,-0.00699,1.4,1.42
-0.12811,-0.41874,0.01661,-0.04103,1.46,1.505
-0.18543,-0.54444,0.0,-0.04065,1.15,1.18
-0.28477,-0.57647,0.00469,-0.01389,1.03,1.065
-0.10372,-0.63662,-0.00163,-0.05038,0.6718,0.6729
-0.16183,-0.62301,-0.0211,0.00275,0.6772,0.6918
0.02734,-0.69522,0.06505,-0.20416,0.4454,0.4366
-0.41631,-0.62057,0.03012,0.22505,0.4102,0.405
-0.21701,-0.28402,0.03952,-0.02593,0.2424,0.2404
-0.37309,-0.42176,0.01281,0.03255,5.1,5.075
-0.12212,-0.46294,0.01351,-0.03395,4.4696,4.41
-0.2292,-0.44412,0.00309,0.02751,4.87,4.855
-0.24564,-0.50653,0.03822,0.03802,3.22,3.14
-0.3154,-0.85859,0.24312,0.00625,11.38,11.27
-0.28389,-0.52676,0.08379,-0.0125,7.192,6.636
-0.1868,-0.27289,0.0095,-0.01623,20.19,20.0
-0.22481,-0.5,0.00375,-0.0137,0.99,0.9863
-0.16704,-0.25216,0.00524,0.01597,11.51,11.45
-0.23636,-0.23636,0.09692,0.08095,2.2401,2.27
-0.34016,-0.34016,-0.02108,0.03106,3.23,3.32
-0.17846,-0.45287,0.01158,-0.02996,2.62,2.59
-0.19323,-0.90132,0.02475,-0.00247,16.56,16.16
-0.33917,-0.95427,0.0,0.01239,7.6,7.6
-0.72524,-0.72524,0.01961,0.18605,12.56,16.32
-0.58049,-0.86262,0.01204,-0.04651,6.561,6.56
-0.59232,-0.59232,0.46032,-0.04255,3.93,3.15
-0.16309,-0.25058,0.01166,-0.03282,9.54,9.43
-0.20995,-0.2692,0.12121,-0.09688,0.37,0.33
-0.18147,-0.30376,0.02564,-0.02256,0.52,0.507
-0.3468,-0.3468,-0.01103,0.01602,0.4977,0.5075
-0.21639,-0.70547,0.00872,-0.01358,2.18,2.179
-0.28988,-0.75667,0.01099,-0.00274,1.82,1.82
-0.1464,-0.81335,0.01779,0.00364,1.43,1.405
-0.18062,-0.52163,0.02941,-0.01203,1.74,1.7
-0.32979,-0.85616,0.05534,0.00397,18.27,17.71
-0.19798,-0.52071,0.0213,0.02667,19.66,19.25
-0.09882,-0.5501,0.03722,-0.06875,17.0,16.39
-0.17275,-0.81621,0.0,-0.01807,7.06,7.06
-0.34549,-0.84744,0.04478,0.00359,17.0,16.75
-0.16233,-0.67209,0.00824,0.00414,14.6296,14.56
-0.17674,-0.79353,0.03764,-0.01094,9.2791,9.0301
-0.16315,-0.82949,0.01503,-0.02918,7.29,7.32
-0.16887,-0.50905,0.0451,0.01594,3.06,3.06
-0.23721,-0.69389,0.01857,0.00373,1.88,1.885
-0.01144,-0.19526,0.04302,-0.15587,0.8058,0.788
-0.31364,-0.60948,0.00066,0.0064,0.4562,0.4559
-0.34021,-0.74069,0.03289,0.00066,0.299,0.301
-0.3521,-0.3521,0.00167,0.02215,6.01,6.0
-0.19818,-0.41501,-0.0096,-0.01698,5.16,5.21
-0.16321,-0.23067,0.0,-0.02123,4.39,4.39
-0.51193,-0.51193,0.00485,0.00733,2.07,2.06
-0.44352,-0.98663,0.01457,0.02861,14.66,15.1
-0.55352,-0.99377,0.09091,-0.03509,6.72,6.6
-0.27119,-0.99578,0.0,0.0093,4.3,4.34
-0.2212,-0.99613,0.00592,0.0,3.26,3.38
-0.2432,-0.99663,0.03802,0.02815,2.67,2.63
0.09278,0.09278,0.04549,-0.28769,1.26,1.5101
-0.34881,-0.37588,0.02007,-0.004,6.1,5.98
-0.67876,-0.84951,0.00011,-0.00011,8.808,9.299
-0.30625,-0.83835,-0.00371,-0.003,9.923,9.96
-0.46143,-0.53349,0.07097,0.21239,6.962,7.398
-0.29375,-0.61124,0.00282,0.04425,5.1,5.31
-0.24094,-0.79021,0.02481,0.01348,2.85,2.781
-0.29714,-0.29714,0.01205,-0.05528,5.88,5.81
-0.16186,-0.16931,0.0004,-0.03212,12.66,12.655
-0.16481,-0.21264,-0.00089,-0.00133,11.25,11.26
-0.172,-0.19433,0.00028,0.01414,17.58,17.575
-0.48715,-0.52342,0.07071,-0.14162,9.342,8.91
-0.18455,-0.27697,0.0051,-0.01341,11.0,11.77
-0.22451,-0.45856,0.0,-0.03288,8.37,8.64
-0.25547,-0.5143,0.04244,-0.06067,5.65,5.42
-0.39114,-0.72222,0.02464,-0.00758,3.33,3.275
-0.18831,-0.83724,0.0,0.01333,1.9,1.9
-0.21558,-0.21558,-0.00059,0.01368,3.0595,3.0613
-0.16027,-0.21546,-0.00143,-0.00381,10.45,10.465
-0.21281,-0.69469,0.00348,0.02568,14.281,14.38
-0.15301,-0.79508,0.00751,-0.00957,9.33,9.32
-0.18531,-0.52623,0.00342,0.00429,11.53,11.7
-0.26954,-0.3942,0.00033,0.04664,0.6106,0.6104
-0.16261,-0.3216,-0.00065,0.00263,0.6076,0.6108
-0.31128,-0.59198,0.0,-0.01747,0.36,0.36
-0.23889,-0.69488,-0.0015,-0.02482,0.2664,0.2672
-0.21835,-0.6755,-0.00067,0.02471,0.2984,0.2986
-0.20255,-0.37427,0.01473,-0.02061,1.927,1.901
-0.18816,-0.25657,0.04218,-0.0096,5.923,5.88
-0.1487,-0.27598,0.00088,-0.0128,5.65,5.708
-0.21101,-0.53753,0.00026,0.01835,3.849,3.884
-0.15962,-0.59283,0.00994,-0.02174,17.03,17.1
-0.12873,-0.65316,0.00219,-0.08126,13.2897,13.68
-0.32037,-0.44884,0.00121,-0.00887,0.8245,0.8265
-0.25873,-0.45274,0.0,0.03502,0.857,0.857
-0.17992,-0.31867,0.00128,0.00361,0.857,0.8609
-0.30578,-0.58975,0.01432,-0.02652,0.51,0.5028
-0.23925,-0.69515,0.00535,-0.02553,0.3705,0.374
-0.22148,-0.67752,-0.00096,0.03054,0.418,0.4184
-0.20143,-0.37695,0.00834,-0.0136,2.768,2.757
-0.18437,-0.25324,0.0378,-0.00798,8.6,8.334
-0.14497,-0.27182,-0.00025,-0.01392,8.004,8.078
-0.20972,-0.53648,0.00383,0.01444,5.42,5.478
-0.13157,-0.65378,0.00509,-0.0802,19.0,19.6101
-0.19837,-0.19837,0.02256,-0.01116,19.8,19.5
-0.3047,-0.44622,0.00926,0.02225,8.327,8.316
-0.20798,-0.30971,0.00979,-0.00399,9.08,8.993
-0.30288,-0.44579,0.04396,-0.02437,6.435,6.164
-0.19785,-0.61908,0.01058,0.0134,3.82,3.78
-0.41777,-0.77584,0.00448,0.01595,2.2392,2.23
-0.1635,-0.81719,0.02835,0.00497,1.8,1.799
-0.3816,-0.46033,0.0044,0.0082,4.54,4.547
-0.12506,-0.74875,0.00389,-0.03439,17.87,17.97
-0.27345,-0.27345,0.03632,0.03353,2.11,2.065
-0.15745,-0.28,0.0101,0.0,1.99,1.98
-0.31602,-0.55114,0.01987,-0.0443,1.54,1.51
-0.30054,-0.40384,0.01779,-0.00559,1.41,1.405
-0.16438,-0.70244,0.00204,0.00615,2.46,2.455
-0.18293,-0.75488,0.0,-0.02488,1.96,1.96
-0.28402,-0.85244,0.05893,-0.07438,1.15,1.12
-0.21471,-0.29458,0.0079,-0.00449,2.672,2.658
-0.19656,-0.3159,0.01935,-0.05199,3.09,3.1
-0.71501,-0.72505,0.01576,0.01601,2.87,2.855
-0.32203,-0.81061,0.02246,0.01002,1.9601,1.955
-0.24745,-0.85568,0.04769,-0.03051,1.4982,1.43
-0.24645,-0.89825,0.00952,0.00971,1.04,1.05
-0.2632,-0.62423,-0.07125,0.08025,0.4901,0.5277
-0.22951,-0.32374,-0.02411,-0.04234,0.8785,0.9002
-0.31828,-0.36762,0.01205,0.0,3.3502,3.32
-0.19415,-0.22844,0.03398,0.00363,7.15,6.915
-0.13487,-0.13487,-0.00244,-0.06312,12.02,12.32
-0.2848,-0.38954,0.00704,-0.02673,1.43,1.42
-0.18084,-0.23836,0.0,0.00316,19.04,19.04
-0.21524,-0.3138,4e-05,0.0216,17.4699,17.4693
-0.15381,-0.58608,0.00295,-0.01309,10.21,10.18
-0.1536,-0.18521,0.00047,-0.00047,10.69,10.685
-0.18306,-0.33629,0.00056,0.00223,17.99,17.98
-0.41265,-0.71495,0.0,0.0,4.18,4.27
-0.19132,-0.19132,0.00311,-0.02646,6.46,6.44
-0.17097,-0.21172,0.0,-0.01439,4.11,4.11
-0.47484,-0.55307,0.01423,0.01415,2.9007,2.86
-0.22603,-0.22603,0.02609,0.0177,2.36,2.3
-0.14683,-0.22572,0.02336,-0.05347,2.1,2.14
-0.33888,-0.33888,-0.0125,-0.01235,0.39,0.4
-0.20828,-0.25106,-0.04673,0.0449,0.455,0.4794
-0.30269,-0.46513,0.00896,-0.00741,3.38,3.35
-0.39364,-0.70106,0.01395,0.00731,1.08,1.075
-0.14828,-0.36019,0.0,-0.02315,0.675,0.675
-0.12409,-0.22078,0.00855,-0.025,1.18,1.17
-0.18208,-0.23925,0.00361,-0.0212,1.3893,1.385
-0.22624,-0.22624,0.01392,-0.01427,1.4302,1.4301
-0.21261,-0.27955,0.01093,0.02838,1.8204,1.83
-0.64054,-0.64054,0.01551,0.0062,3.2,3.2299
-0.18122,-0.7066,0.00191,-0.00195,2.62,2.615
-0.18912,-0.6495,0.0,0.01917,3.15,3.19
-0.20789,-0.41995,0.0,-0.00452,2.2,2.2
-0.34056,-0.34056,0.04265,-0.00939,2.2,2.11
-0.19553,-0.67048,0.01389,0.0,11.44,11.52
-0.15493,-0.16594,-0.00826,0.00833,9.44,9.68
-0.25974,-0.54032,0.02515,0.00439,2.3476,2.29
-0.11207,-0.47676,0.47264,-0.02427,2.5799,2.01
-0.16612,-0.77093,0.0274,-0.04011,5.64,5.84
-0.17321,-0.70545,0.0118,0.01389,2.659,2.628
-0.13522,-0.49449,4e-05,-0.02549,2.46,2.6799
-0.20732,-0.25629,0.03348,0.03311,3.47,3.3576
-0.28214,-0.31882,0.0,-1e-05,7.19,7.2
-0.32866,-0.35701,0.0078,-0.04328,3.23,3.205
-0.14845,-0.34447,0.03868,-0.00755,7.9,7.885
-0.1499,-0.20732,0.0,-0.00828,4.19,4.19
-0.26361,-0.46791,0.01389,-0.01946,2.555,2.52
-0.16874,-0.22462,0.01054,-0.0026,0.9299,0.9203
-0.14971,-0.24975,0.02159,-0.01434,0.8989,0.88
-0.30004,-0.30004,6e-05,0.01242,1.63,1.6299
-0.35583,-0.54348,0.01961,-0.02857,1.02,1.02
-0.17803,-0.21377,0.01794,0.02765,2.25,2.23
-0.40148,-0.51594,0.01205,0.02469,1.25,1.245
-0.2213,-0.49096,0.00545,-0.02309,5.5,5.5
-0.14217,-0.51447,0.01166,-0.02441,5.3,5.2389
-0.28798,-0.67545,0.00949,0.00637,3.1796,3.16
-0.34295,-0.62591,0.00976,0.0,2.07,2.05
-0.16697,-0.70756,-0.01093,0.00219,9.05,9.15
-0.17634,-0.75464,-0.00198,-0.0124,7.54,7.565
-0.18342,-0.7918,0.00619,-0.00615,6.5,6.46
-0.18654,-0.83741,0.01626,-0.03073,5.0,4.92
-0.1596,-0.88533,0.01977,-0.0112,3.51,3.54
-0.22314,-0.62288,0.00038,-0.01256,3.18,3.1988
-0.30361,-0.30361,0.0,0.07612,3.1,3.11
-0.35398,-0.42969,0.01359,0.00822,3.65,3.68
-0.14986,-0.5125,0.00702,-0.02288,3.0597,3.0486
-0.19715,-0.27196,0.00489,0.00245,16.45,16.37
-0.18182,-0.4913,0.00862,-0.00855,1.17,1.16
-0.12566,-0.61765,0.0,-0.03718,0.751,0.751
-0.15172,-0.15172,-0.00408,-0.00407,1.22,1.225
-0.16955,-0.16955,-0.01224,0.02083,2.42,2.45
-0.28012,-0.6043,0.00418,0.0,1.2,1.195
-0.16819,-0.24586,0.00051,-0.02097,9.81,9.805
-0.23087,-0.23087,0.02465,-0.02573,2.8988,2.84
-0.20301,-0.25,0.01887,0.0,3.2301,3.18
-0.16766,-0.16766,0.00671,-0.00292,9.75,9.685
-0.15968,-0.51557,0.00055,0.00769,9.1,9.17
-0.16551,-0.59175,0.02381,-0.06898,7.1,7.14
-0.16556,-0.53314,0.00115,-0.00684,8.6597,8.71
-0.22069,-0.60717,0.0048,0.02295,6.2,6.25
-0.19712,-0.57068,0.00518,0.03763,5.8,5.79
-0.2038,-0.64531,0.03084,-0.01518,4.51,4.54
-0.18831,-0.28639,0.0,0.012,7.56,7.59
-0.27598,-0.40343,0.00939,0.01914,6.37,6.39
-0.23944,-0.23944,0.01048,0.03922,9.5706,9.54
-0.16072,-0.35542,0.00128,0.0077,7.84,7.84
-0.2156,-0.54184,0.00684,0.05787,5.8584,5.85
-0.1344,-0.55461,0.00642,-0.03959,18.69,18.68
-0.12039,-0.56835,0.00111,-0.04032,18.04,18.09
-0.24354,-0.6714,0.02182,-0.04181,13.92,13.75
-0.26335,-0.6272,0.02789,-0.05283,15.7299,15.42
-0.20188,-0.718,-0.00323,0.00528,12.2,12.38
-0.17828,-0.7678,0.03301,-0.08351,9.13,9.2932
-0.23862,-0.67048,0.00648,-0.03475,13.83,13.89
-0.23827,-0.62079,0.03273,0.04952,17.5,17.38
-0.16072,-0.37539,0.00334,-0.00993,17.65,17.94
-0.16732,-0.56343,0.02184,0.01224,12.68,12.82
-0.16797,-0.63202,0.002,-0.06417,9.86,9.99
-0.16361,-0.51875,0.01482,-0.00933,12.17,12.205
-0.22212,-0.60259,0.00684,0.02214,8.72,8.77
-0.19365,-0.56399,0.00741,0.02922,8.13,8.1
-0.19877,-0.64044,0.02187,-0.01387,6.4878,6.4
-0.18482,-0.27834,0.00522,0.00659,10.7559,10.7
-0.27778,-0.39986,0.01883,0.02149,9.08,9.03
-0.24225,-0.24225,0.01186,0.0417,13.589,13.49
-0.16185,-0.35459,0.00811,0.00635,11.13,11.1
-0.20901,-0.53716,0.00361,0.04932,8.3,8.3
-0.24837,-0.6719,0.02167,-0.04155,19.9,19.84
-0.20852,-0.72036,0.00168,0.01235,17.53,17.86
-0.18309,-0.76874,0.03955,-0.08156,13.14,13.4
-0.16727,-0.17321,0.00498,-0.13175,2.0193,2.01
-0.20573,-0.49687,-0.0118,0.00066,15.08,15.26
-0.26122,-0.35125,-0.00272,0.01381,18.0,18.35
-0.16981,-0.52688,-0.00752,0.00758,12.9,13.3
-0.16935,-0.63082,0.02913,0.0,10.2,10.3
-0.25105,-0.71814,0.01987,-0.03344,7.6,7.601
-0.25926,-0.80645,-0.01627,-0.03241,5.14,5.225
-0.15535,-0.8288,0.00427,-0.0202,4.65,4.68
-0.18897,-0.85898,-0.0009,-0.03531,3.33,3.333
-0.12983,-0.17413,-0.00512,-0.04072,3.87,3.8899
-0.24215,-0.324,0.02439,-0.02959,12.4,13.12
-0.2,-0.472,0.03008,0.00758,10.88,10.64
-0.16288,-0.16288,0.00057,-0.01357,16.64,17.44
-0.70085,-0.85417,0.23596,0.01714,16.4,14.24
-0.51678,-0.92832,0.00302,-0.03793,6.409,6.62
-0.15589,-0.94681,0.01429,-0.02683,5.04,4.969
-0.8443,-0.8464,0.3361,0.05655,2.39,2.41
-0.39496,-0.90303,0.48103,-0.09035,1.66,1.3099
-0.15873,-0.92862,0.01642,0.0,1.0774,1.06
-0.18302,-0.94168,0.00035,-0.00473,0.8514,0.8619
-0.16128,-0.43739,0.00921,-0.00397,16.4198,16.29
-0.15194,-0.30178,0.00373,-0.00159,18.85,18.78
-0.18504,-0.30537,0.0,0.0087,5.22,5.22
-0.40501,-0.46053,0.0158,-0.01774,2.22,2.215
-0.6035,-0.96812,0.1956,0.00245,9.34,8.18
-0.15,-0.97344,0.0304,-0.03235,6.56,6.58
-0.17228,-0.96547,0.04368,-0.01584,8.98,8.7
-0.24247,-0.96461,0.0087,0.01545,9.2,9.2
-0.22831,-0.92633,0.00806,0.05196,19.92,19.84
-0.35157,-0.94936,0.11693,0.02873,12.78,11.46
-0.14405,-0.95355,0.01594,-0.01761,10.12,10.04
-0.18069,-0.79939,0.21581,-0.00604,6.9,6.58
-0.31366,-0.86606,0.02099,0.01235,4.51,4.4746
-0.15527,-0.50252,-0.00169,-0.00169,5.91,5.92
-0.15493,-0.61818,-0.00452,0.00714,4.2109,4.23
-0.16477,-0.28293,0.00685,-0.0068,1.47,1.46
-0.14458,-0.14458,0.03846,-0.02347,2.05,2.08
-0.20828,-0.22569,0.0125,0.07623,6.9999,7.2
-0.33506,-0.47205,-0.00844,0.03913,4.55,4.74
-0.28132,-0.62153,0.01787,-0.00554,3.28,3.2519
-0.18615,-0.70611,0.01613,-0.02331,2.52,2.48
-0.20229,-0.7581,0.02427,-0.01435,2.11,2.06
-0.28743,-0.5315,0.07312,-0.11513,1.03,1.053
-0.32124,-0.71941,0.00884,-0.03157,0.6963,0.6902
-0.17509,-0.72677,0.0,-0.04899,0.65,0.66
-0.16421,-0.53933,0.0,0.01701,1.1,1.19
-0.40223,-0.40223,0.00909,0.02804,1.1,1.1
-0.15264,-0.47927,0.06565,-0.02929,0.96,0.9048
-0.29336,-0.87391,0.03401,-0.02304,0.2242,0.2205
-0.37262,-0.37262,0.01542,0.00371,0.6325,0.6486
-0.1911,-0.1911,-0.01783,0.00445,1.081,1.105
-0.08712,-0.22258,0.18409,-0.1029,1.195,1.081
-0.23579,-0.55816,0.04467,-0.00989,5.466,5.709
-0.23875,-0.45643,-0.00043,0.01621,6.648,6.96
-0.16365,-0.68119,0.06794,-0.02166,4.107,3.93
-0.36183,-0.78593,0.02009,0.00779,1.959,1.941
-0.22436,-0.73102,0.00422,-0.02066,2.32,2.37
-0.15966,-0.7777,0.03197,0.015,1.99,2.03
-0.17668,-0.51489,-0.00431,-0.00429,2.18,2.32
-0.12987,-0.53505,-0.00515,-0.03483,1.93,1.94
-0.18122,-0.44788,0.13834,0.01664,1.9988,1.9062
-0.88865,-0.89548,0.02312,-0.01686,10.75,13.41
-0.26598,-0.92874,0.02955,0.04441,9.73,9.713
-0.40504,-0.94301,-0.01347,0.01856,7.212,7.575
-0.26414,-0.95165,0.01133,-0.0206,6.25,6.18
-0.45824,-0.98161,-0.1027,0.18875,2.5175,2.853
-0.202,-0.98471,0.09626,-0.06266,2.05,1.87
-0.1746,-0.98805,-0.03704,0.03846,1.56,1.62
-0.20947,-0.31474,-0.0023,0.00154,13.01,13.04
-0.21903,-0.2474,-0.00228,0.0069,4.37,4.38
-0.16444,-0.34948,0.00531,0.00266,3.79,3.77
-0.13333,-0.22388,0.0,-0.02885,7.95,8.08
-0.1198,-0.4661,0.03896,0.00833,5.28,5.082
-0.25515,-0.30932,0.02001,-0.01316,6.118,5.998
-0.22215,-0.22215,0.02424,0.01494,11.67,11.55
-0.22967,-0.59604,0.02196,-0.01156,5.96,5.8417
-0.21063,-0.34797,0.06329,-0.01496,4.0,3.95
-0.44228,-0.52361,0.04615,-0.05248,3.26,3.25
-0.17973,-0.51842,0.02347,0.00066,4.36,4.26
-0.14511,-0.29988,-0.06468,0.06069,5.64,6.03
-0.31738,-0.33125,0.0,0.00467,4.3,4.3
-0.26867,-0.45979,0.03571,-0.00036,5.8,5.6
-0.20418,-0.5649,0.01261,-0.05017,4.03,3.9798
-0.16712,-0.35329,-0.00048,0.00372,6.0,6.203
-0.17917,-0.3836,0.01867,-0.02132,4.91,4.82
-0.21333,-0.21333,0.00136,0.00751,14.77,14.75
-0.35005,-0.55062,0.00304,0.01389,6.5,6.57
-0.19272,-0.38719,0.00951,0.00863,5.31,5.26
-0.35369,-0.63989,0.0,0.1033,5.0,5.02
-0.18083,-0.50752,0.01378,0.00814,5.0,4.955
-0.71817,-0.793,0.00649,0.01566,6.1,6.16
-0.1737,-0.82628,0.00462,0.00322,5.0993,5.1064
-0.1374,-0.85751,0.00022,-0.01818,4.08,4.0991
-0.16018,-0.90839,-0.00427,-0.00843,2.33,2.34
-0.29762,-0.36216,0.04145,0.05085,1.29,1.24
-0.1652,-0.18103,0.05031,-0.03789,4.7999,4.57
-0.14499,-0.44552,0.05665,-0.01914,3.2699,3.0946
-0.14741,-0.14741,0.06222,-0.02528,5.0813,4.82
-0.18658,-0.47759,0.0,-0.00165,3.025,3.025
-0.2832,-0.56205,0.07837,-0.13079,1.63,1.595
-0.22868,-0.52506,0.00503,0.0,1.9984,1.99
-0.21924,-0.41627,0.00418,-0.03434,2.4,2.39
-0.14857,-0.44917,-0.00341,-0.01678,2.92,2.93
-0.21061,-0.21061,0.02974,0.06324,5.4,5.38
-0.19216,-0.30589,-0.00947,0.03114,10.45,10.56
-0.25548,-0.47141,0.02982,-0.02039,7.68,7.64
-0.31214,-0.36503,0.00941,-0.01292,0.2425,0.2445
-0.27472,-0.54114,0.0597,0.08547,0.1999,0.1943
-0.3273,-0.3273,0.05986,-0.02691,4.24,4.34
-0.67739,-0.75159,0.01033,-0.02381,4.83,4.8499
-0.24439,-0.76425,0.04918,-0.02969,4.8,4.575
-0.24485,-0.39781,0.02542,0.07273,3.63,3.54
-0.15377,-0.28679,0.00704,-0.00117,2.145,2.13
-0.11761,-0.1353,0.00539,-0.04443,7.35,7.42
-0.16597,-0.16597,0.00072,-0.00179,13.93,13.92
-0.20398,-0.3707,0.00079,-0.0125,6.325,6.32
-0.22436,-0.7027,0.05691,0.01653,13.53,13.53
-0.18032,-0.75631,0.01978,-0.07333,9.46,10.11
-0.26521,-0.66738,-0.00044,0.02486,8.801,9.112
-0.16702,-0.83992,-0.0103,0.0208,4.265,4.368
-0.19218,-0.85891,-0.00282,0.03207,3.53,3.54
-0.19601,-0.87283,0.02362,0.04959,2.45,2.54
-0.24815,-0.8817,0.01247,-0.01232,2.03,2.005
-0.25284,-0.79047,0.02533,-0.01521,1.3278,1.295
-0.18462,-0.82666,0.0213,-0.05679,1.0001,0.9998
-0.20442,-0.38918,0.03345,-0.01389,5.87,5.68
-0.19074,-0.33,0.00509,0.00622,8.04,8.09
-0.16396,-0.45969,0.00072,0.00668,13.62,13.87
-0.21198,-0.56275,0.03313,-0.04415,8.42,8.15
-0.18589,-0.65974,0.00235,-0.03768,6.3999,6.385
-0.27987,-0.40674,0.02222,-0.01747,1.15,1.125
-0.15381,-0.48797,0.00771,0.00141,14.38,14.27
-0.17987,-0.23296,0.00459,-0.03165,8.7599,8.72
-0.42663,-0.51936,0.00971,-0.0237,2.06,2.06
-0.20909,-0.22598,5e-05,0.00455,4.3,4.3698
-0.19037,-0.34164,-0.01047,0.03243,3.78,3.82
-0.42536,-0.72272,0.0,-0.0007,19.82,19.82
-0.22314,-0.51588,-0.0034,0.04167,11.71,11.75
-0.14603,-0.57082,0.0,-0.0345,9.655,9.655
-0.27626,-0.32839,0.03385,0.02524,2.67,3.25
-0.14768,-0.36875,0.0,-0.00495,2.01,2.01
-0.23318,-0.41393,-0.00186,-0.01645,16.11,16.14
-0.19289,-0.19289,0.01242,0.01258,16.3,16.1
-0.3038,-0.61176,0.03012,0.00606,17.1,16.6
-0.19557,-0.53585,0.04505,0.0116,0.6379,0.6104
-0.29205,-0.33202,0.01082,-0.01811,0.8215,0.8133
-0.20486,-0.24169,0.04203,0.00018,0.5641,0.5567
-0.17525,-0.31458,0.0236,-0.00596,0.5118,0.5001
-0.2908,-0.2908,0.06946,-0.10465,0.4,0.4175
-0.19488,-0.31833,-0.00041,-0.00448,12.21,12.215
-0.17032,-0.39594,0.0122,-0.01561,8.2749,8.2
-0.16885,-0.34671,-0.00156,0.00945,3.2,3.205
-0.16667,-0.31438,0.00246,-0.00976,2.035,2.03
-0.2107,-0.73338,0.12684,0.00937,6.795,6.031
-0.16091,-0.83701,-0.00051,-0.03874,1.959,1.96
-0.30724,-0.8864,0.11169,0.06422,0.6498,0.5999
-0.42707,-0.92821,0.51138,0.06762,0.4213,0.3426
-0.46429,-0.97902,0.0098,0.13333,0.0975,0.102
-0.15418,-0.16293,0.00108,-0.04325,4.65,4.645
-0.14729,-0.24138,-0.00345,-0.01136,4.335,4.35
-0.16346,-0.28454,0.00917,0.0023,4.4,4.36
-0.2332,-0.68092,-0.00508,0.01546,1.96,1.97
-0.17155,-0.75337,0.00671,-0.00634,1.47,1.49
-0.22608,-0.3821,0.0429,0.01442,0.7362,0.7459
-0.11731,-0.32849,0.05024,-0.03854,0.787,0.7683
-0.14794,-0.46227,0.04779,-0.01563,0.6529,0.6299
-0.19417,-0.3984,0.02957,-0.0081,0.72,0.7101
-0.14903,-0.57071,0.03527,-0.02898,0.708,0.7003
-0.11555,-0.72845,0.05096,-0.06773,0.44698,0.4253
-0.24695,-0.29025,0.01885,-0.01775,12.97,12.73
-0.29938,-0.50657,0.02464,-0.01971,9.04,8.8324
-0.15789,-0.73713,0.01579,-0.01042,4.825,4.75
-0.16856,-0.30815,0.00632,0.00564,9.55,9.49
-0.16315,-0.27709,-0.00817,-0.00636,6.07,6.12
-0.3365,-0.5541,0.0,-0.01507,13.05,13.07
-0.22961,-0.56417,-0.00088,0.00623,11.3,11.31
-0.14298,-0.32202,0.00521,-0.0174,1.93,1.92
-0.17059,-0.51077,0.00719,-0.01418,1.4,1.39
-0.21622,-0.4165,-0.01525,-0.04287,0.78,0.8327
-0.23322,-0.23322,0.00418,0.10138,2.4,2.39
-0.17884,-0.22749,0.00273,0.00951,3.1516,3.291
-0.17526,-0.19679,0.00074,0.01425,4.06,4.057
-0.17575,-0.24751,0.02242,0.06694,6.5577,6.455
-0.17451,-0.92092,0.01038,-0.00678,18.26,18.3
-0.27597,-0.27597,0.00075,0.00224,6.67,6.705
-0.17484,-0.23669,0.00128,0.00904,3.91,3.905
-0.16159,-0.35341,0.00909,0.00665,3.2627,3.3
-0.16722,-0.50394,0.05071,-0.01988,2.58,2.465
-0.1732,-0.50099,0.00397,-0.00395,2.53,2.52
-0.21702,-0.40453,0.00274,-0.00815,1.8297,1.825
-0.19868,-0.35554,0.00088,0.03385,11.31,11.3
-0.81085,-0.88178,0.01272,-0.01995,1.99,1.965
-0.14807,-0.44708,0.00521,-0.03275,1.92,1.92
-0.16524,-0.45822,-0.00257,0.0,1.94,1.945
-0.48562,-0.64374,0.00044,0.00229,0.9177,0.9177
-0.1673,-0.51896,0.03577,-0.00228,0.86,0.8303
-0.45349,-0.61475,0.0,0.02128,2.863,2.88
-0.11703,-0.26772,0.00246,-0.05664,4.05,4.064
-0.1,-0.62136,0.0,-0.06838,1.09,1.09
-0.14836,-0.23778,0.0,-0.01567,13.0,13.505
-0.18381,-0.18381,0.0,-0.00244,14.33,14.33
-0.24413,-0.26466,0.00114,0.02931,17.34,17.56
-0.19388,-0.25296,-0.00158,-0.00158,3.15,3.155
-0.1851,-0.36754,0.01156,0.02065,1.73,1.73
-0.13758,-0.3342,0.03252,-0.0428,1.23,1.23
-0.16858,-0.28436,0.0,0.02401,19.95,20.05
-0.24211,-0.34545,0.02326,-0.00463,2.2,2.15
-0.4886,-0.71828,0.00773,0.09628,0.8388,0.8802
-0.15393,-0.56514,0.01036,-0.01918,0.78,0.772
-0.23196,-0.2884,0.00893,0.00039,13.0,12.885
-0.27284,-0.27844,0.04959,-0.00657,12.4,12.1
-0.12405,-0.78143,0.16998,-0.01307,5.02,4.53
-0.24505,-0.8163,0.02688,-0.03572,3.8183,3.72
-0.17273,-0.46344,0.02552,-0.05275,2.18,2.155
-0.22395,-0.39555,0.00559,-0.02053,14.4,14.32
-0.24056,-0.64744,-0.00123,0.05236,7.99,8.04
-0.14763,-0.68037,0.02556,-0.0058,6.06,6.0845
-0.17023,-0.65264,0.00444,0.01401,4.3689,4.35
-0.16092,-0.6848,0.00269,0.00825,3.67,3.6801
-0.3375,-0.64155,0.00831,-0.02695,3.63,3.61
-0.15192,-0.25608,0.00156,0.0,6.33,6.42
-0.15855,-0.35421,0.00018,-0.02353,19.23,19.2266
-0.30722,-0.32441,0.05059,0.03279,13.27,12.65
-0.23684,-0.50399,-0.00219,0.04828,4.55,4.56
-0.48063,-0.60098,0.02941,-0.04401,8.05,7.82
-0.13167,-0.76195,0.0,-0.02254,4.6,4.77
-0.2575,-0.54146,-0.00106,0.00532,9.44,9.45
-0.22815,-0.61181,0.00827,-0.01229,7.925,7.86
-0.21795,-0.71732,0.01739,-0.00777,5.85,5.75
-0.42906,-0.83707,0.0,-0.03593,3.17,3.22
-0.16854,-0.81951,0.0109,-0.00811,3.7,3.67
-0.46341,-0.90341,0.09589,-0.07828,1.77,1.825
-0.46667,-0.85487,0.01748,-0.02462,2.52,2.575
-0.16602,-0.82938,-0.00913,0.01389,2.17,2.19
-0.15346,-0.36494,0.00061,-0.0231,8.25,8.245
-0.64069,-0.77867,0.81298,0.05221,3.25,2.62
-0.33158,-0.71778,0.0,0.01417,3.21,3.22
-0.16289,-0.16289,0.00123,0.00123,4.005,4.065
-0.19281,-0.21363,0.00057,-0.00382,17.62,17.61
-0.17413,-0.18972,-0.00598,-0.00217,18.3,18.41
-0.19592,-0.25802,-0.00044,0.01237,11.16,11.38
-0.16316,-0.20136,0.00054,-0.01048,9.02,9.175
-0.18306,-0.32045,0.04795,-0.02341,1.53,1.46
-0.21905,-0.35178,0.05539,0.04573,1.71,1.715
-0.21018,-0.64411,0.00011,-0.00044,0.9001,0.9
-0.21562,-0.23523,0.00146,0.0208,3.44,3.435
-0.23153,-0.486,0.00482,-0.0016,3.12,3.115
-0.18588,-0.18588,0.019,0.02808,4.28,4.21
-0.1379,-0.1379,0.00091,-0.02324,5.43,5.465
-0.17382,-0.17382,0.00267,-0.02597,3.76,3.75
-0.16095,-0.42747,0.02564,0.00175,3.0,2.925
-0.15261,-0.42507,0.00476,-0.00474,2.11,2.1
-0.21779,-0.21779,0.05044,0.01573,3.18,3.1701
-0.14422,-0.18919,-0.00093,-0.00741,5.355,5.36
-0.18835,-0.40954,0.01389,0.00577,7.8859,7.845
-0.404,-0.67432,0.00649,0.03356,3.03,3.08
-0.41788,-0.57388,0.01333,0.00136,4.56,4.5
-0.22897,-0.8074,0.0008,0.08312,12.05,12.51
-0.85904,-0.85904,0.13734,-0.0273,20.18,19.95
-0.3245,-0.90715,-0.01014,0.02147,13.52,13.8
-0.18024,-0.92529,0.0045,0.02208,10.69,11.11
-0.18324,-0.93735,0.03242,-0.00165,9.15,9.1
-0.2554,-0.96443,0.01395,0.03865,5.25,5.375
-0.12534,-0.61208,-0.00163,-0.04517,6.12,6.13
-0.20207,-0.47437,0.00203,0.02492,4.88,4.8701
-0.23333,-0.39364,0.00872,0.02852,3.44,3.4301
-0.16275,-0.16275,0.00216,-0.00216,4.63,4.62
-0.19284,-0.26582,0.0037,-0.00123,4.07,4.055
-0.20329,-0.41078,-0.00516,-0.00193,7.705,7.745
-0.21991,-0.2621,0.01009,0.01833,15.9666,15.8401
-0.14661,-0.51339,0.00196,-0.00758,10.2,10.18
-0.23822,-0.289,0.00537,0.01239,7.49,7.45
-0.43647,-0.4844,0.00337,0.0252,14.8,14.79
-0.25983,-0.67409,0.00421,0.04179,9.54,9.5
-0.13196,-0.43118,-0.00637,-0.02585,4.68,4.71
-0.13557,-0.29145,0.01994,-0.07565,5.09,5.01
-0.20239,-0.36427,0.00334,-0.00565,3.0,2.99
-0.19118,-0.47619,0.00302,0.00303,1.64,1.655
-0.19992,-0.53161,0.00157,-0.01649,9.55,9.545
-0.16924,-0.19896,0.00548,-0.02489,10.09,10.045
-0.24937,-0.43199,0.02027,-0.00169,3.02,2.96
-0.17279,-0.22453,0.01711,-0.01994,10.88,10.815
-0.29762,-0.49746,0.02321,-0.06201,5.73,5.6
-0.24718,-0.71928,0.03333,-0.01049,3.41,3.3
-0.27713,-0.79251,-0.00415,-0.02231,2.33,2.41
-0.135,-0.56313,0.01632,-0.07104,4.9,4.8213
-0.2226,-0.70815,-0.00288,0.00081,3.46,3.47
-0.16578,-0.81647,-0.03268,-0.01923,1.48,1.53
-0.18182,-0.7,0.04414,0.00556,1.8899,1.81
-0.13043,-0.8,0.03478,-0.04167,1.19,1.15
-0.12869,-0.81539,0.0,-0.03465,0.9,0.9
-0.14403,-0.77151,0.00053,-0.00663,0.5691,0.5697
-0.31694,-0.31694,0.02907,-0.00741,0.3987,0.3887
-0.284,-0.284,0.0163,0.02793,1.85,1.84
-0.15,-0.354,0.01318,-0.00384,1.6093,1.6088
-0.27839,-0.27839,0.00694,0.06145,4.33,4.32
-0.37719,-0.55063,0.03477,-0.05401,2.78,2.6866
-0.20349,-0.20349,0.02555,0.01043,4.9305,4.845
-0.15832,-0.19612,0.02308,-0.03164,5.3001,5.2
-0.2059,-0.2059,0.0,0.05105,0.3397,0.3397
-0.22453,-0.55823,-0.00917,-0.00909,1.08,1.09
-0.35236,-0.54218,0.00649,-0.03339,1.51,1.54
-0.13929,-0.65374,0.00424,-0.02075,1.1,1.18
-0.14589,-0.2796,0.0011,-0.01514,9.12,9.11
-0.15818,-0.2552,0.0,-0.02734,8.36,8.36
-0.18182,-0.28854,0.00703,0.00406,1.82,1.8073
-0.18781,-0.31551,0.0128,-0.01378,6.5224,6.44
-0.27312,-0.55503,0.00115,0.02591,4.28,4.355
-0.61034,-0.87556,0.02883,-0.03265,5.653,5.688
-0.33973,-0.93129,0.01136,0.04124,3.112,3.08
-0.21902,-0.94518,0.00457,-0.01608,2.2,2.19
-0.61124,-0.95547,0.02883,0.00867,1.77,1.745
-0.18339,-0.79998,0.00233,0.01393,0.9046,0.9025
-0.16956,-0.16956,0.0,0.01046,1.836,1.836
-0.22756,-0.22756,0.0442,-0.02162,11.0,10.86
-0.21664,-0.36764,-0.002,0.04798,9.47,9.523
-0.28767,-0.52888,0.01283,0.01329,6.948,6.86
-0.24188,-0.52888,0.00146,0.01477,6.88,6.87
-0.16606,-0.52761,0.00075,-0.01374,6.7,6.695
-0.1996,-0.31301,0.00246,0.00595,10.1605,10.145
-0.21407,-0.4445,0.00092,0.02262,5.38,5.425
-0.20472,-0.3232,0.01946,-0.04494,12.7644,12.54
-0.19664,-0.21682,0.00281,-0.00697,14.28,14.24
-0.35918,-0.35918,0.01126,0.00423,18.39,18.36
-0.15296,-0.27259,0.0013,-0.00071,6.9802,7.0
-0.16481,-0.33862,0.00806,-0.008,3.7387,3.72
-0.35234,-0.42162,0.05445,0.0143,10.75,10.2546
-0.14785,-0.39989,0.00688,-0.02955,10.15,10.18
-0.1839,-0.4897,0.0062,0.01501,9.11,9.0539
-0.13797,-0.59611,0.0,-0.01558,6.95,6.95
-0.34387,-0.43358,0.02419,0.00813,16.43,16.12
-0.14107,-0.39516,0.01322,-0.03697,15.88,15.89
-0.18484,-0.48754,0.00992,0.01001,14.24,14.12
-0.13917,-0.59641,0.00925,-0.01817,10.85,10.81
-0.4925,-0.8817,0.0202,-0.02463,8.5,9.9
-0.60822,-0.95388,0.0237,-0.04018,3.6,3.798
-0.28445,-0.96883,0.027,-0.04413,2.578,2.556
-0.19152,-0.97083,0.00102,-0.00102,1.962,1.961
-0.16395,-0.9444,0.02198,-0.00591,3.365,3.366
-0.19907,-0.88675,0.05184,0.00158,3.9,3.8
-0.20698,-0.25723,-0.0002,-0.02426,4.742,4.987
-0.18525,-0.26624,0.01478,-0.00812,5.082,5.008
-0.26619,-0.30137,0.06075,-0.21569,8.3,8.0
-0.50958,-0.74918,0.10704,-0.01529,3.731,3.606
-0.34364,-0.5284,0.0,-0.07853,1.76,1.76
-0.14901,-0.68272,0.00794,-0.01946,1.27,1.26
-0.30573,-0.63545,0.00909,0.00917,1.0499,1.1
-0.17405,-0.18944,0.01538,-0.00383,1.31,1.3
-0.34471,-0.572,0.02381,-0.01869,14.6,14.7
-0.2012,-0.24906,0.0,-0.04489,7.66,7.66
-0.17128,-0.44943,0.0021,-0.00418,2.3802,2.385
-0.12597,-0.6072,0.03266,-0.03708,1.66,1.6075
-0.16211,-0.24889,0.00371,0.0,6.73,6.745
-0.18112,-0.19041,0.01125,0.00831,15.1,15.11
-0.15232,-0.15232,0.00519,0.0026,19.24,19.25
-0.21486,-0.33503,0.01259,0.01535,20.1,19.85
-0.16912,-0.435,0.02383,0.00265,11.5,11.33
-0.2044,-0.31645,0.0,-0.01107,5.539,5.539
-0.70513,-0.70513,0.02339,0.03006,1.72,1.71
-0.18224,-0.75307,0.04374,-0.01489,1.35,1.3695
-0.15108,-0.79041,-0.0177,-0.04237,1.11,1.13
-0.03512,-0.48674,0.25497,-0.11595,0.8,0.6534
-0.23438,-0.55046,0.03574,0.0049,0.51,0.4924
-0.333,-0.69435,0.0,0.06028,0.35,0.35
-0.26457,-0.7426,0.0106,-0.0101,0.2557,0.2548
-0.14898,-0.74727,0.0375,-0.04077,0.249,0.24
-0.15087,-0.57215,0.00081,-0.00243,0.3703,0.37
-0.15748,-0.15748,-0.00962,-0.02804,1.03,1.04
-0.14961,-0.14961,-0.00465,-0.00463,1.07,1.075
-0.18012,-0.24138,-0.02963,0.02273,1.31,1.35
-0.25851,-0.3822,0.00891,-0.00835,7.15,7.125
-0.27225,-0.46244,0.01915,-0.01164,3.42,3.395
-0.73881,-0.89982,0.03039,-0.01003,10.51,10.86
-0.1555,-0.9137,0.06486,-0.01619,9.6,9.297
-0.40089,-0.72472,0.05051,0.03889,16.95,16.83
-0.18925,-0.64596,0.01124,-0.00836,17.15,17.8
-0.20724,-0.62426,0.64363,0.0252,26.86,19.53
-0.44262,-0.75714,0.02244,-0.01716,7.869,12.03
-0.39631,-0.85411,0.07914,-0.14933,4.683,6.255
-0.16105,-0.90398,0.04993,-0.08281,4.203,4.386
-0.3554,-0.93027,0.01414,0.0281,3.186,3.183
-0.31357,-0.89338,0.02755,0.01977,2.988,2.94
-0.36003,-0.929,0.07576,0.0313,2.02,1.98
-0.16268,-0.93528,0.01728,-0.01137,1.75,1.7301
-0.16572,-0.92719,0.05045,0.01072,2.04,1.99
-0.16571,-0.27723,0.00352,-0.0274,1.425,1.42
-0.27642,-0.52,-0.00308,0.00309,0.9696,0.9726
-0.25773,-0.42184,0.07996,0.13307,1.02,0.963
-0.34307,-0.48902,0.05813,0.00667,13.05,13.59
-0.25823,-0.63471,0.0,0.01435,8.919,9.33
-0.18644,-0.75613,0.01963,0.01091,2.94,3.057
-0.29615,-0.7668,0.02261,0.02732,2.25,2.256
-0.26159,-0.76319,0.00452,-0.00897,2.19,2.21
-0.35231,-0.79571,0.0303,-0.03503,1.66,1.65
-0.15381,-0.79982,0.0,0.0369,1.36,1.36
-0.18769,-0.30526,0.01866,0.01515,2.73,2.68
-0.29341,-0.36022,0.00283,0.00318,1.72,1.765
-0.157,-0.18075,0.00145,-0.01003,3.4504,3.455
-0.15124,-0.308,0.02543,-0.00814,6.25,6.095
-0.24345,-0.54767,0.00516,0.11124,0.8898,0.95
-0.10304,-0.59395,-0.00867,-0.04704,0.6406,0.6462
-0.14842,-0.42987,-0.01367,-0.018,0.339,0.3437
-0.34513,-0.39444,0.09231,0.05405,0.426,0.39
-0.32214,-0.68622,0.29489,-0.00901,0.1866,0.176
-0.29412,-0.37835,0.00075,-0.00521,6.69,6.685
-0.16998,-0.5687,0.02066,-0.01437,4.12,4.115
-0.17536,-0.31567,0.01047,0.00654,4.6633,4.615
-0.25181,-0.6286,0.00485,-0.00242,2.07,2.06
-0.25828,-0.62008,0.00555,0.01757,5.6,5.6984
-0.11602,-0.67436,-0.02492,-0.03854,4.5,4.615
-0.18912,-0.48921,0.01833,0.01742,6.465,6.6
-0.24682,-0.24682,0.01534,-0.03591,6.025,5.934
-0.13486,-0.14501,0.02333,-0.11765,9.21,9.0
-0.12903,-0.24317,-0.00848,-0.01759,10.52,10.61
-0.43871,-0.74412,0.00444,-0.03017,3.34,3.375
-0.13262,-0.81049,0.01304,-0.04959,2.33,2.3
-0.1501,-0.60121,0.0,-0.03041,4.14,4.145
-0.1945,-0.69481,0.04902,0.03794,7.49,7.14
-0.53616,-0.53616,0.00508,-0.01988,5.83,5.91
-0.24101,-0.60338,0.03774,0.00474,1.0785,1.06
-0.74581,-0.93928,0.04517,0.03294,11.8,11.29
-0.22387,-0.9505,0.0,0.02918,7.58,9.17
-0.1843,-0.95844,0.02503,-0.03877,7.29,7.19
-0.15417,-0.96617,0.00653,0.00657,6.04,6.13
-0.31667,-0.49113,0.00699,-0.00348,14.4,14.3
-0.14241,-0.5195,0.02256,-0.01845,13.6,13.3
-0.15344,-0.43262,0.01514,-0.00938,15.9,15.85
-0.19364,-0.64232,-0.00644,0.00749,4.01,4.036
-0.15559,-0.15559,0.00578,-0.02513,6.716,6.751
-0.14694,-0.31626,0.01573,-0.00629,5.843,5.85
-0.14743,-0.41568,0.04085,-0.01212,5.15,4.97
-0.10103,-0.69721,0.04046,-0.06137,2.54,2.447
-0.17013,-0.68955,0.01964,0.00935,2.75,2.698
-0.1972,-0.68711,0.0921,-0.01289,1.558,1.531
-0.19417,-0.77404,0.02213,0.00437,1.1499,1.125
-0.19518,-0.76778,-0.01548,0.0,0.9033,0.9175
-0.2105,-0.22014,0.00112,-0.00503,8.91,8.9
-0.52951,-0.62256,0.02837,0.04059,1.43,1.41
-0.21038,-0.3508,0.01724,0.00639,2.5787,2.535
-0.14141,-0.92273,0.01554,-0.03075,2.45,2.4716
-0.15726,-0.93667,0.00476,0.00478,2.1008,2.1
-0.24108,-0.9724,0.03955,-0.02822,0.9076,0.885
-0.14726,-0.98458,0.02245,-0.03733,0.498,0.49
-0.19417,-0.45752,0.01634,-0.01205,0.8057,0.82
-0.23228,-0.62412,-0.00483,0.00817,0.577,0.5798
-0.21584,-0.63964,-0.00051,-0.02725,0.3888,0.3891
-0.22542,-0.70659,0.00334,0.02246,0.21,0.2094
-0.23131,-0.44983,0.00935,-0.02432,3.24,3.21
-0.16639,-0.16639,0.00584,0.00587,5.17,5.14
-0.33055,-0.47521,-0.00254,-0.01711,5.3882,5.514
-0.41804,-0.99786,0.06818,0.0,15.11,14.52
-0.1447,-0.99833,0.02941,-0.0062,11.29,11.22
-0.24825,-0.99876,0.05263,-0.10236,7.59,7.524
-0.20087,-0.99921,0.03867,0.01934,5.55,5.43
-0.15412,-0.99939,0.03704,-0.01484,4.11,4.05
-0.1406,-0.99971,0.01446,-0.01274,1.965,1.937
-0.2712,-0.97259,-0.00952,0.07282,2.345,2.416
-0.19689,-0.66667,0.01613,0.0,1.89,1.86
-0.165,-0.53994,0.05917,0.01198,1.78,1.69
-0.17808,-0.41748,0.00549,0.01111,1.81,1.82
-0.19189,-0.39718,0.00334,0.0,1.5,1.495
-0.19173,-0.35629,0.04863,-0.0054,1.08,1.0692
-0.36203,-0.55636,0.00685,0.00794,14.56,14.6
-0.13176,-0.61415,0.01871,-0.02446,12.41,12.29
-0.15756,-0.38434,-0.00084,-0.01413,5.925,5.93
-0.20777,-0.56331,0.00143,-0.0064,6.91,6.99
-0.18756,-0.33163,0.00718,-0.0236,7.65,7.655
-0.5,-0.67962,0.00645,0.01482,14.82,14.725
-0.31187,-0.401,0.00204,0.02079,9.82,9.82
-0.16009,-0.5013,-0.00173,0.00609,5.77,5.78
-0.20675,-0.247,0.0035,0.01418,5.74,5.72
-0.18028,-0.18472,-0.00197,0.0093,15.16,15.19
-0.16807,-0.62357,-0.03163,0.03788,19.0,20.55
-0.20645,-0.76616,0.02381,0.02439,12.89,12.6
-0.2812,-0.2812,0.03678,0.03461,4.911,5.112
-0.28598,-0.63579,0.12966,-0.07327,3.215,2.846
-0.18068,-0.79886,0.10081,0.01769,1.84,1.726
-0.06899,-0.88918,0.005,-0.0907,0.8001,0.8
-0.3619,-0.78769,0.02804,0.02875,1.0402,1.07
-0.13562,-0.74596,0.11129,-0.02341,0.7,0.6299
-0.15472,-0.16476,0.00218,0.00465,18.4,18.36
-0.2776,-0.51706,0.02814,-0.00072,4.275,4.158
-0.18254,-0.58159,0.03641,-0.00971,3.7,3.57
-0.5733,-0.73727,0.05466,-0.04601,1.61,1.555
-0.22421,-0.26779,0.0,0.00767,1.95,1.97
-0.17006,-0.17006,0.0066,0.00293,1.43,1.44
-0.14122,-0.29245,0.00448,-0.00889,1.12,1.115
-0.2707,-0.42219,0.00053,0.00161,9.4,9.445
-0.23199,-0.36104,0.00213,0.00284,7.05,7.055
-0.1543,-0.47925,-0.00231,0.00115,8.6015,8.67
-0.14845,-0.23157,-0.00045,0.00389,7.7415,7.745
-0.5773,-0.74199,0.02048,-0.01678,2.99,2.93
-0.28328,-0.81818,-0.00524,-0.09048,1.9,1.91
-0.15835,-0.23606,-0.00016,0.00358,4.4,4.4007
-0.17727,-0.36934,0.0,0.00552,3.64,3.64
-0.1967,-0.7826,0.02136,0.02462,15.2,14.98
-0.1497,-0.79138,0.0073,-0.02352,13.74,13.7
-0.14531,-0.69696,0.00577,-0.0207,15.6,15.61
-0.16881,-0.71752,0.00523,-0.01911,9.5,9.4901
-0.23701,-0.314,0.00472,-0.01235,17.9799,17.995
-0.15167,-0.58281,0.00321,-0.05455,3.13,3.12
-0.15548,-0.23151,-0.01035,0.01046,2.39,2.415
-0.20968,-0.44855,0.01156,0.00875,1.61,1.73
-0.24074,-0.48195,0.02098,-0.00348,1.46,1.43
-0.3009,-0.41742,0.0412,-0.0452,1.39,1.335
-0.16949,-0.18333,0.0,0.0,1.47,1.47
-0.16002,-0.60667,0.02472,-0.03322,0.5845,0.5704
-0.3193,-0.54838,0.01139,0.0017,0.5948,0.5881
-0.13902,-0.69035,0.02998,-0.06459,0.3401,0.3302
-0.40446,-0.40446,-0.00314,0.04731,0.9,0.9231
-0.1986,-0.48466,0.03335,0.00591,0.215,0.2129
-0.20214,-0.47248,0.00149,0.0,6.72,6.71
-0.18183,-0.20053,0.00218,0.00901,4.6,4.59
-0.15625,-0.2073,0.00114,-0.01908,4.375,4.37
-0.16026,-0.29443,0.00064,-0.01209,7.55,7.765
-0.25244,-0.55038,0.00125,-0.00683,15.94,16.0
-0.14713,-0.49698,0.00187,-0.01568,10.69,10.67
-0.16328,-0.3559,0.00621,-0.00243,18.47,18.505
-0.23926,-0.67959,0.00398,0.0121,12.4,12.55
-0.21425,-0.64541,0.01069,-0.00949,7.277,7.2
-0.18429,-0.50307,-0.0059,0.04568,8.42,8.47
-0.27557,-0.65784,0.01198,-0.01695,3.38,3.34
-0.28317,-0.85201,-0.00421,0.01824,1.46,1.4963
-0.15918,-0.86619,0.01818,-0.0237,1.11,1.1
-0.13735,-0.88777,0.01245,-0.01398,0.8602,0.8676
-0.20912,-0.83385,0.00251,0.0087,0.98,0.9972
-0.16578,-0.35159,0.0008,-0.01309,12.45,12.44
-0.4826,-0.605,0.05788,-0.004,6.22,6.22
-0.18062,-0.34507,0.00264,0.01882,3.8,3.79
-0.16858,-0.20074,0.00206,0.00093,9.72,9.72
-0.3568,-0.58637,0.04877,-0.04528,3.84,3.795
-0.18481,-0.66493,0.03925,-0.00304,3.27,3.2102
-0.17752,-0.22409,-0.00062,0.00309,8.06,8.11
-0.21175,-0.43891,0.00058,0.02544,8.67,8.665
-0.39614,-0.4075,0.05927,-0.06644,0.4247,0.4201
-0.20285,-0.20285,0.03636,0.0042,0.57,0.5501
-0.18938,-0.34226,0.05973,-0.08142,0.4299,0.4152
-0.14729,-0.27152,0.01382,-0.01364,1.1,1.085
-0.1286,-0.14362,0.0173,-0.03027,1.47,1.445
-0.27437,-0.36772,0.02368,0.05374,2.75,2.745
-0.14972,-0.37292,-0.00877,-0.01462,1.47,1.483
-0.30705,-0.64775,-0.00046,0.03075,0.8449,0.8714
-0.152,-0.55833,0.02379,-0.00472,1.04,1.055
-0.14749,-0.62525,0.0271,-0.01523,0.8854,0.8857
-0.54552,-0.64796,0.01151,-0.00437,18.45,18.24
-0.68395,-0.84714,0.13338,-0.11879,7.755,7.01
-0.18667,-0.88213,0.02415,0.01803,6.25,6.21
-0.21167,-0.90725,0.09473,-0.01797,5.085,4.645
-0.17817,-0.90775,0.03236,0.01807,4.835,4.79
-0.22857,-0.90623,0.02763,0.00529,3.89,3.8
-0.0309,-0.49091,0.0574,-0.15561,3.3997,3.31
-0.34161,-0.77081,0.00258,-0.08726,17.6,19.35
-0.20722,-0.83373,-0.00633,0.02731,15.22,15.8
-0.24771,-0.91135,0.00012,-0.0122,7.785,8.1
-0.17582,-0.91892,0.00184,0.01347,7.503,7.601
-0.2022,-0.94421,-0.01028,0.01802,5.05,5.254
-0.16444,-0.91755,0.04742,-0.008,3.111,3.1
-0.614,-0.96727,0.0366,-0.00424,1.138,1.175
-0.16745,-0.2485,0.06571,-0.01083,0.84,0.84
-0.15389,-0.43363,0.00235,-0.00391,0.639,0.6375
-0.29559,-0.29559,0.00606,0.05499,0.8299,0.8249
-0.18641,-0.38988,0.03377,0.0315,10.59,10.4182
-0.19448,-0.49016,0.00797,0.03555,8.711,8.74
-0.31735,-0.5699,0.03579,0.04003,7.5,7.405
-0.24736,-0.5699,0.00557,0.00843,7.189,7.18
-0.17877,-0.6448,0.01092,0.01276,5.94,5.955
-0.20245,-0.75172,0.01142,0.06569,4.43,4.38
-0.16435,-0.37901,0.00368,0.00277,5.3995,5.43
-0.2798,-0.2798,0.00284,-0.01262,6.95,7.04
-0.23113,-0.42374,0.0163,-0.03418,5.38,5.51
-0.20028,-0.70758,0.03554,-0.00287,2.9491,2.8867
-0.19545,-0.76869,0.00478,-0.08734,2.03,2.09
-0.16908,-0.65253,0.00885,-0.01453,3.32,3.39
-0.19315,-0.65094,0.0031,-0.00309,2.5791,2.582
-0.15353,-0.63043,0.02463,-0.0049,2.039,2.03
-0.14633,-0.14633,0.03256,-0.02381,0.83,0.8201
-0.20958,-0.20958,0.03459,-0.01894,1.33,1.295
-0.16518,-0.33214,0.00265,0.00802,1.8895,1.885
-0.17937,-0.66138,0.04034,-0.02294,0.9003,0.89
-0.17832,-0.17832,0.01429,-0.00709,3.54,3.5
-0.13752,-0.42552,0.0157,-0.02916,6.31,6.28
-0.4883,-0.59584,-0.00963,-0.01143,5.13,5.19
-0.58755,-0.8368,-0.01357,0.04245,2.15,2.21
-0.25321,-0.87467,0.0,-0.03563,1.57,1.57
-0.20861,-0.90801,0.02804,-0.1046,1.1,1.07
-0.23294,-0.68226,-0.01135,-0.05368,3.05,3.085
-0.27931,-0.60566,0.00939,0.01914,2.15,2.13
-0.09854,-0.09854,-0.0945,-0.10019,4.5,8.8901
-0.78502,-0.87132,0.045,-0.09239,1.28,1.28
-0.20714,-0.89872,0.00863,-0.00856,1.11,1.1005
-0.17133,-0.92061,0.04552,0.01758,0.9257,0.8854
-0.10791,-0.91047,-0.02831,-0.03516,0.92,0.9468
-0.18974,-0.85584,0.03311,-0.0443,1.56,1.51
-0.20261,-0.88869,0.0,-0.05738,1.13,1.15
-0.22188,-0.39554,-0.01161,0.01493,6.35,6.46
-0.54185,-0.63055,0.10132,0.09135,4.69,4.54
-0.32399,-0.73224,0.02044,0.13101,3.39,3.41
-0.29369,-0.78234,0.01215,0.00779,2.45,2.47
-0.17939,-0.80906,0.00467,-0.00465,2.15,2.14
-0.36701,-0.83373,0.04003,0.0818,12.7,13.49
-0.2622,-0.93383,0.00667,0.06139,4.5,4.495
-0.24931,-0.95261,0.01351,0.08624,2.83,2.96
-0.28667,-0.96246,0.07143,-0.01869,2.14,2.1
-0.29434,-0.34535,0.00018,0.00099,2.72,2.7195
-0.05157,-0.20189,0.05,-0.05437,1.92,2.0
-0.3542,-0.3542,0.01245,0.02488,6.216,6.344
-0.18919,-0.52229,-0.01003,-0.00333,14.8,14.95
-0.11184,-0.57006,0.0,-0.08148,12.4,12.4
-0.2498,-0.60759,0.05398,-0.01712,7.788,7.521
-0.15737,-0.18825,-0.00026,-0.00282,19.43,19.435
-0.19659,-0.39511,-0.00114,-0.0116,17.45,17.47
-0.33893,-0.3453,-0.00099,0.00969,14.5,15.105
-0.12961,-0.3593,0.0,-0.04372,14.0,14.0
-0.14217,-0.18721,0.00142,-0.01077,10.58,10.565
-0.1441,-0.36977,0.06494,-0.01786,20.5,19.25
-0.21957,-0.71188,0.0087,-0.039,17.2,17.25
-0.18493,-0.41089,0.00562,-0.0028,17.6,17.8
-0.15975,-0.29142,0.01831,0.02049,6.897,6.774
-0.16514,-0.29168,0.01613,0.00356,6.3,6.2
-0.17643,-0.34655,0.01774,-0.03219,4.59,4.51
-0.22978,-0.59545,0.00175,-0.0104,2.86,2.855
-0.18462,-0.58529,-0.00755,0.0,2.63,2.65
-0.13351,-0.45576,0.0189,-0.02186,0.8394,0.8411
-0.25367,-0.5881,0.00611,0.03135,0.6699,0.6712
-0.14784,-0.52902,0.01854,-0.02244,0.5739,0.5663
-0.18403,-0.26791,0.01089,-0.0234,2.2699,2.295
-0.24008,-0.40343,0.01587,-0.01305,1.9,1.89
-0.15394,-0.32605,0.03814,-0.00141,7.33,7.08
-0.14521,-0.33871,0.01149,-0.02341,0.81,0.8008
-0.19008,-0.46774,-0.04453,0.03091,0.6501,0.6804
-0.12391,-0.40645,0.01025,-0.07201,0.6781,0.683
-0.13923,-0.72927,0.0,-0.02889,0.326,0.326
-0.14668,-0.74167,0.00042,-0.01731,0.2385,0.2384
-0.26082,-0.6004,0.05556,-0.00607,0.19,0.18
-0.20353,-0.54093,-0.00293,0.01975,0.1699,0.1704
-0.16363,-0.58255,-0.0007,0.0,0.142,0.1421
-0.10805,-0.60923,0.00079,-0.05192,0.126,0.126
-0.11743,-0.37157,0.01299,-0.03774,1.16,1.155
-0.11164,-0.30734,0.07584,-0.08065,0.5807,0.5472
-0.19975,-0.55103,0.01298,-0.00181,0.3901,0.3851
-0.30451,-0.63658,0.03408,-0.07001,0.2761,0.267
-0.19326,-0.72734,0.0,-0.00186,0.215,0.215
-0.12571,-0.76552,-0.09615,0.06209,0.1175,0.13
-0.31284,-0.64151,-0.00671,0.02,0.385,0.3876
-0.14533,-0.46792,-0.00181,-0.02145,0.5509,0.5519
-0.14097,-0.70623,-0.01251,-0.02441,0.3,0.3038
-0.16107,-0.38333,0.08605,-0.0424,0.2496,0.2394
-0.21045,-0.66139,0.00623,-0.00883,0.113,0.1123
-0.25827,-0.35015,0.00152,0.01153,6.58,6.58
-0.19289,-0.24645,-0.00625,0.00629,1.59,1.6
-0.16024,-0.65911,0.0,-0.00087,0.344,0.344
-0.14505,-0.33293,-0.00295,-0.00951,0.2701,0.2709
-0.23075,-0.27341,0.05382,-0.13982,0.4858,0.55
-0.24365,-0.51284,0.00446,0.04502,0.4315,0.448
-0.15987,-0.62795,0.02632,-0.01344,0.331,0.323
-0.04525,-0.73864,0.03083,-0.09739,0.207,0.2076
-0.13939,-0.13939,0.01467,-0.03528,1.3797,1.3699
-0.21657,-0.21657,0.02754,0.00656,14.0,13.8
-0.20042,-0.55372,0.00053,-0.02084,18.6,18.79
-0.15194,-0.81165,0.00614,-0.03445,7.777,7.82
-0.21388,-0.31568,0.01,0.0513,10.0,10.0
-0.14062,-0.20863,0.0,0.0,10.8,11.0
-0.23913,-0.23913,0.02913,-0.01905,10.3,10.3
-0.18803,-0.31159,0.00524,0.00516,9.462,9.549
-0.16414,-0.40036,-0.02515,0.00906,8.005,8.35
-0.38196,-0.59783,0.02285,0.02523,5.5003,5.69
-0.1943,-0.29613,-0.00255,0.02818,15.65,15.69
-0.23186,-0.43569,0.00611,0.00821,4.92,4.91
-0.06294,-0.13076,0.0,-0.12204,4.64,4.64
-0.15423,-0.30099,0.01679,-0.01882,4.16,4.17
-0.46619,-0.46619,0.04125,-0.02676,10.2,10.91
-0.17247,-0.68509,0.02121,-0.00789,15.41,15.09
-0.14093,-0.75934,0.00634,-0.02426,9.996,9.933
-0.28076,-0.54354,0.06318,-0.00559,9.525,9.069
-0.25232,-0.32743,0.03022,0.00379,8.841,8.736
-0.2025,-0.65064,0.01052,0.03823,4.593,4.563
-0.32688,-0.63179,0.03286,-0.01114,3.297,3.195
-0.22696,-0.7595,0.05446,-0.04284,2.1,2.02
-0.15672,-0.7855,-0.00299,-0.0118,1.67,1.675
-0.16222,-0.82294,0.07399,-0.03502,1.4386,1.3501
-0.20209,-0.86024,0.03448,-0.05069,1.03,1.015
-0.3069,-0.41228,0.01852,0.07463,1.07,1.08
-0.2947,-0.39143,0.03883,-0.03286,1.07,1.03
-0.26233,-0.43937,0.0099,0.02946,1.02,1.01
-0.32011,-0.32011,0.01921,0.05833,2.5502,2.54
-0.24437,-0.45629,0.03571,0.02121,2.03,1.96
-0.23899,-0.27348,0.06024,-0.02909,2.57,2.49
-0.20833,-0.40793,-0.00478,0.0,2.01,2.09
-0.19541,-0.69686,0.00909,0.02794,1.11,1.1
-0.14151,-0.19824,-0.01117,-0.01648,1.76,1.79
-0.20918,-0.46367,0.0,0.01935,1.58,1.58
-0.15007,-0.28555,0.00158,0.01605,6.34,6.33
-0.15747,-0.20154,0.00764,-0.01611,9.2232,9.16
-0.14512,-0.3988,0.00924,-0.00999,7.0041,6.94
-0.12016,-0.12016,0.01357,-0.02643,2.24,2.21
-0.22419,-0.55496,0.05556,-0.0594,1.14,1.08
-0.25203,-0.25203,0.01099,-0.01087,1.84,1.82
-0.13742,-0.36183,0.01982,-0.01312,1.58,1.5493
-0.36873,-0.66238,0.0687,-0.05322,15.38,14.41
-0.21319,-0.72737,0.01618,-0.01912,12.05,12.055
-0.18806,-0.79791,0.01586,0.00384,9.1901,9.145
-0.15093,-0.80657,0.02021,-0.03555,8.3387,8.41
-0.12629,-0.83041,0.0342,-0.03074,7.61,7.41
-0.12652,-0.85642,0.01036,-0.03051,6.34,6.275
-0.14328,-0.93634,0.01599,-0.01916,2.84,2.815
-0.23786,-0.72931,0.02513,-0.01134,0.78,0.7761
-0.22342,-0.2544,0.00631,0.00026,19.36,19.505
-0.20106,-0.27924,-0.00164,0.00993,18.02,18.3
-0.19228,-0.46698,0.00193,0.00112,13.35,13.415
-0.44195,-0.52013,0.0,0.02685,3.01,3.06
-0.23029,-0.31296,0.0,0.0027,1.86,1.86
-0.14442,-0.1549,0.00172,-0.00853,11.65,11.63
-0.39305,-0.44597,0.01015,-0.02796,7.5509,7.475
-0.14421,-0.43946,0.00066,-0.00911,7.62,7.615
-0.17149,-0.48344,-0.00538,0.00349,15.72,15.805
-0.1552,-0.49255,0.00098,-0.02936,10.26,10.25
-0.75558,-0.75718,0.01613,0.0,7.44,7.44
-0.44565,-0.73368,0.04206,0.04902,8.4,8.56
-0.24876,-0.60574,-0.30132,0.0,4.24,12.08
-0.36161,-0.90666,0.01875,-0.01154,2.876,2.827
-0.1558,-0.27187,0.07446,-0.08927,2.28,2.122
-0.43348,-0.48357,0.03369,-0.01061,1.29,1.306
-0.21336,-0.64838,0.0,-0.01001,0.8595,0.88
-0.3209,-0.57738,0.00289,0.05311,1.04,1.037
-0.22306,-0.45741,0.00165,-0.02527,9.08,9.065
-0.18313,-0.22085,0.01113,-0.00539,16.65,16.615
-0.17805,-0.3518,0.00464,0.00254,14.61,14.602
-0.35164,-0.62656,0.01036,0.00556,14.59,14.48
-0.14058,-0.70669,0.0081,-0.01768,11.2,11.11
-0.14076,-0.60581,0.0,-0.02303,14.85,14.85
-0.24334,-0.46907,0.00149,0.06045,6.37,6.7
-0.14234,-0.19388,0.0259,-0.0225,7.13,6.95
-0.26338,-0.29994,0.00176,-0.00394,11.4,11.38
-0.18954,-0.43508,0.02893,-0.02419,2.49,2.42
-0.21709,-0.21709,0.00332,-0.13798,3.02,3.01
-0.2841,-0.42839,-0.0099,0.02729,3.0,3.03
-0.22638,-0.61019,0.06374,-0.03053,2.0743,1.95
-0.0597,-0.71101,0.00877,-0.09524,1.11,1.14
-0.17521,-0.17521,0.06358,-0.10363,1.71,1.73
-0.12723,-0.12723,0.0,-0.02813,1.9,1.9
-0.24875,-0.26886,-0.00163,0.01997,3.06,3.065
-0.6483,-0.74216,0.00295,-0.01442,1.68,1.695
-0.54122,-0.63313,0.00883,0.01863,1.08,1.1099
-0.18385,-0.70047,0.01699,-0.04058,0.86,0.8535
-0.09383,-0.31579,0.02208,-0.06213,1.62,1.585
-0.57753,-0.72976,0.0156,-0.01109,0.6642,0.6601
-0.18879,-0.78324,0.02658,0.01905,0.55,0.5456
-0.38149,-0.9001,0.01,0.01112,0.202,0.2
-0.22064,-0.40164,0.00469,-0.0274,1.0699,1.065
-0.15484,-0.50814,0.01438,-0.00333,0.8916,0.8971
-0.20355,-0.52126,-0.00045,0.01495,0.87,0.8892
-0.16676,-0.16676,0.01047,-0.01356,15.4,15.28
-0.1627,-0.35265,0.07259,-0.19493,8.452,7.88
-0.17763,-0.4213,-1e-05,0.02173,8.8851,8.9401
-0.16338,-0.38588,0.00238,0.00354,8.42,8.4
-0.2052,-0.2052,0.02158,0.01091,1.4,1.39
-0.1517,-0.32721,0.01562,-0.00167,17.91,17.92
-0.12399,-0.37739,0.02957,-0.13631,2.84,2.807
-0.36682,-0.54964,0.00069,-0.02485,7.26,7.255
-0.17409,-0.25818,0.0,-0.01961,4.0,4.0
-0.14366,-0.52,-0.07657,0.06904,1.54,1.6677
-0.25652,-0.39219,0.0,0.01009,0.8411,0.8411
-0.23236,-0.42653,-0.005,0.00513,0.975,0.9799
-0.15252,-0.21475,0.00206,0.00579,12.18,12.155
-0.14471,-0.33235,0.00383,-0.00275,1.3099,1.305
-0.15606,-0.15606,-0.00969,0.00487,4.09,4.13
-0.29375,-0.51228,0.00828,0.01468,4.87,4.83
-0.23154,-0.47356,0.00228,-0.04148,2.2,2.195
-0.29281,-0.45297,0.00541,-0.00532,1.86,1.85
-0.06696,-0.6241,-0.0198,-0.03349,0.935,1.01
-0.27273,-0.27273,0.01266,-0.0125,1.55,1.58
-0.1625,-0.39091,-0.00915,-0.0209,1.3,1.312
-0.58383,-0.58383,0.02434,0.07878,1.4211,1.4995
-0.17333,-0.62874,0.02439,-0.00806,1.22,1.23
-0.11686,-0.53728,-0.0137,-0.05532,1.44,1.46
-0.15931,-0.48043,0.00115,-0.00342,4.37,4.365
-0.31702,-0.61699,0.00333,0.02389,3.01,3.0
-0.16129,-0.19863,0.02703,-0.01175,4.75,4.625
-0.20888,-0.3184,0.0,0.01314,4.24,4.24
-0.29151,-0.39698,0.00682,0.0056,8.1,8.065
-0.30488,-0.32941,0.01304,0.0289,10.1,9.97
-0.22893,-0.23624,0.0,-0.03478,7.77,7.77
-0.28936,-0.3875,0.00393,-0.01069,5.11,5.09
-0.14083,-0.54734,0.01149,-0.01689,1.76,1.74
-0.21978,-0.63683,0.01408,0.0,1.44,1.42
-0.17229,-0.50041,0.0452,-0.09389,1.77,1.77
-0.15588,-0.15588,0.01188,-0.00251,2.13,2.105
-0.16964,-0.16964,0.01071,0.0043,2.34,2.335
-0.12903,-0.213,0.02976,-0.04274,1.73,1.68
-0.09484,-0.47212,0.00351,-0.09262,2.86,2.85
-0.23836,-0.23836,0.01133,-0.02593,5.21,5.26
-0.24223,-0.578,-0.07119,0.06077,2.73,2.95
-0.28129,-0.70352,0.03165,-0.01857,1.58,1.58
-0.1162,-0.72111,-0.00247,-0.03347,1.21,1.213
-0.16106,-0.16106,0.00671,-0.01331,1.48,1.49
-0.21769,-0.36111,0.01739,0.0,1.17,1.15
-0.30944,-0.60952,0.0129,0.05738,16.6,16.4
-0.12149,-0.78674,0.00992,-0.04111,5.7,5.644
-0.20955,-0.83928,0.00718,0.00496,4.314,4.458
-0.2592,-0.81423,0.06042,-0.00621,5.09,4.8
-0.29014,-0.7825,0.0746,-0.06941,5.4376,5.0601
-0.19486,-0.8364,0.0577,-0.06359,4.051,3.83
-0.14951,-0.85043,0.01754,-0.01441,3.48,3.42
-0.27241,-0.84082,0.02101,0.00959,2.4247,2.38
-0.18184,-0.34269,0.0,0.03506,6.79,6.79
-0.19989,-0.27809,-0.01075,0.00663,14.27,14.425
-0.43017,-0.47639,0.0094,-0.04059,6.37,6.38
-0.2432,-0.62574,0.0,-0.02697,3.98,4.33
-0.17742,-0.69091,0.01204,-0.03127,0.9831,0.9881
-0.25149,-0.56229,0.02558,-0.00021,0.4892,0.477
-0.52563,-0.6551,0.06,-0.3181,0.1663,0.2
-0.17096,-0.69624,-0.00042,0.00638,0.23,0.2367
-0.12644,-0.74828,0.00055,-0.04,0.1825,0.1824
-0.16595,-0.70116,0.05065,-0.01034,0.1981,0.1915
-0.1492,-0.33739,0.01305,-0.01043,10.03,9.96
-0.16383,-0.18399,0.00296,-0.00197,15.21,15.205
-0.26057,-0.55069,-0.00303,0.02009,6.58,6.6
-0.14663,-0.30283,0.01632,-0.01921,9.34,9.19
-0.35629,-0.95962,-0.00354,-0.01512,8.37,8.47
-0.18904,-0.97154,0.03704,0.00338,5.99,5.94
-0.18613,-0.96183,0.01046,-0.00624,4.6563,4.78
-0.19752,-0.34603,2e-05,0.01546,4.2701,4.27
-0.27322,-0.39548,0.03642,0.00873,5.4,5.2199
-0.13043,-0.24883,0.00219,-0.05,4.57,4.56
-0.25843,-0.48357,0.04348,-0.02424,3.36,3.22
-0.16615,-0.16615,-0.00472,0.00161,0.8645,0.8686
-0.25,-0.29412,0.0,0.09259,1.18,1.18
-0.14727,-0.65616,0.15327,-0.03454,0.2499,0.2264
-0.39048,-0.67914,0.01123,0.00564,10.38,10.69
-0.29447,-0.768,0.01024,-0.02936,6.188,6.249
-0.20263,-0.83223,0.01639,0.0066,3.1,3.05
-0.12832,-0.12832,0.00476,-0.04112,9.3,9.445
-0.20801,-0.54513,0.00994,-0.0214,5.07,5.03
-0.16269,-0.65841,0.00514,0.00777,3.91,3.89
-0.18562,-0.26212,0.01449,-0.00821,2.45,2.415
-0.19699,-0.19699,0.05185,-0.01767,4.88,4.725
-0.25263,-0.26042,0.0,0.00352,5.682,5.7
-0.58913,-0.65145,0.07463,-0.20238,11.88,12.06
-0.39992,-0.82695,0.01006,-0.00679,7.407,7.456
-0.16754,-0.85705,0.02571,-0.00887,6.304,6.146
-0.18584,-0.26389,0.01017,-0.01776,13.3728,13.275
-0.36975,-0.85536,0.01782,-0.00816,14.85,14.59
-0.09361,-0.31257,0.00032,-0.0334,9.459,9.462
-0.24494,-0.35576,0.2468,0.02289,10.15,9.384
0.06048,0.06048,-0.07583,-0.10418,10.27,11.4
-0.23338,-0.58667,-2e-05,-0.05643,4.68,4.6801
-0.1453,-0.58333,0.03427,-0.0138,5.1,4.931
-0.23161,-0.41667,0.01876,-0.02543,6.95,6.822
-0.24481,-0.24481,0.0039,0.00851,7.58,7.7
-0.35777,-0.73011,0.0101,0.12245,7.22,7.425
-0.25709,-0.41651,-0.00062,0.01126,6.463,6.467
-0.15449,-0.51117,0.01934,-0.02423,4.883,4.913
-0.19465,-0.19465,0.00428,0.01691,9.5,9.803
-0.15584,-0.36508,0.02968,-0.00263,7.655,7.58
-0.47526,-0.70409,0.03864,-0.02823,3.417,3.442
-0.19141,-0.76107,0.11555,0.05,2.875,3.003
-0.44162,-0.68839,0.01026,0.04558,3.8,3.9
-0.21519,-0.36735,4e-05,-0.06052,2.33,2.3299
-0.15702,-0.35849,0.0,-0.00245,2.035,2.035
-0.28525,-0.2899,0.0197,-0.06881,2.04,2.03
-0.13121,-0.41243,0.0,-0.03393,7.26,7.26
-0.24938,-0.49166,0.00079,0.03445,6.2868,6.305
-0.2299,-0.31916,0.0,-0.00429,11.6006,11.64
-0.40741,-0.40741,0.06504,-0.0775,3.74,3.69
-0.10782,-0.50963,0.0,-0.04834,3.15,3.15
-0.19679,-0.28571,-0.01515,-0.01,1.95,1.98
-0.61383,-0.61383,0.0,0.07108,4.02,4.07
-0.2825,-0.70833,0.02797,-0.00348,2.7701,2.86
-0.19643,-0.42635,0.01198,-0.00696,3.76,4.0218
-0.17879,-0.52553,0.03665,-0.03291,3.96,3.82
-0.16841,-0.61742,0.08078,0.01099,3.4801,3.22
-0.13897,-0.33009,0.0,-0.01793,5.75,5.75
-0.09264,-0.4572,0.03233,-0.07868,0.5522,0.5351
-0.22473,-0.26463,0.01111,-0.06379,0.9281,0.9363
-0.13462,-0.17279,-0.01786,-0.00444,1.1,1.12
-0.12288,-0.27622,0.01478,-0.01932,1.01,1.015
-0.13115,-0.25874,0.16283,-0.03302,1.0288,1.025
-0.66393,-0.82818,0.06016,0.04192,0.252,0.256
-0.26214,-0.26214,0.01377,-0.0006,5.26,5.3168
-0.13239,-0.49098,0.02237,-0.03787,3.6099,3.531
-0.16721,-0.4275,0.02865,0.00787,7.85,7.68
-0.15277,-0.22915,0.00585,0.0,10.3199,10.26
-0.20249,-0.52065,0.00316,0.01705,6.4,6.4889
-0.16471,-0.16471,0.0,0.01685,6.69,6.71
-0.17341,-0.23352,0.00947,0.01779,6.78,6.865
-0.23959,-0.25564,1e-05,0.00643,15.51,15.6198
-0.17246,-0.39037,0.0726,-0.07395,5.91,5.51
-0.18478,-0.79138,-0.0069,-0.03333,1.44,1.45
-0.23546,-0.72428,-0.01724,-0.00617,1.7,1.74
-0.15836,-0.62756,0.00219,-0.03383,2.2606,2.285
-0.18491,-0.23152,0.00091,-0.00181,5.4499,5.5
-0.59305,-0.75992,0.02125,0.02242,1.72,1.76
-0.1551,-0.20992,-0.00097,-0.0087,2.05,2.052
-0.15042,-0.18038,0.0011,-0.00716,8.9963,9.0001
-0.23049,-0.24109,0.00501,0.06762,10.04,9.99
-0.19583,-0.34388,0.00122,0.01112,8.19,8.18
-0.32069,-0.37658,0.00256,-0.01015,1.955,1.95
-0.15662,-0.30641,0.00565,-0.0147,1.77,1.77
-0.22796,-0.22796,0.00305,-0.01503,12.96,13.11
-0.20005,-0.39122,0.02353,-0.02815,10.2494,10.2
-0.14985,-0.50638,0.02392,-0.01763,8.37,8.36
-0.16947,-0.68445,0.01961,-0.01562,5.4595,5.355
-0.27979,-0.47758,0.0,0.0228,1.79,1.79
-0.15385,-0.1824,0.00409,-0.04482,2.1,2.1014
-0.22319,-0.22319,-0.00141,0.00141,3.48,3.555
-0.26869,-0.89951,0.03774,-0.03066,18.0,18.02
-0.31579,-0.92148,0.27049,0.04274,4.84,4.88
-0.51237,-0.64381,0.03865,-0.025,12.6,13.065
-0.44584,-0.79703,0.01708,0.01197,7.54,7.61
-0.28269,-0.85344,0.00221,0.0272,5.57,5.5777
-0.17949,-0.87549,-0.01469,0.03757,4.45,4.6483
-0.31604,-0.9084,0.03114,-0.00345,2.98,2.89
-0.19884,-0.92449,0.06522,-0.11325,1.9319,1.84
-0.26733,-0.91921,0.01382,-0.02252,2.14,2.17
-0.16037,-0.93339,-0.01994,-0.04119,1.72,1.755
-0.17546,-0.22621,0.0231,0.00404,1.55,1.515
-0.2018,-0.37509,0.00028,-0.00422,17.69,17.685
-0.35169,-0.35169,0.00092,-0.00639,10.8,10.88
-0.23444,-0.48614,0.03074,-0.00561,14.28,14.19
-0.18955,-0.21671,0.00147,0.0217,16.975,16.95
-0.17764,-0.26795,0.09098,-0.05662,13.9351,13.08
-0.25954,-0.48786,0.0,-0.01856,9.29,9.52
-0.142,-0.48746,0.04048,-0.02098,4.37,4.2
-0.19458,-0.34755,0.00098,0.01287,5.12,5.115
-0.27972,-0.53812,0.02945,0.08456,3.4495,3.3513
-0.16518,-0.58072,0.03448,-0.01783,2.85,2.755
-0.23411,-0.31686,0.00332,0.0129,9.06,9.03
-0.32267,-0.49997,0.08075,-0.053,1.73,1.61
-0.46755,-0.46755,0.00821,0.01608,3.46,3.5707
-0.22905,-0.58182,0.02097,-0.04275,2.6595,2.642
-0.1855,-0.2776,-0.00488,0.00274,2.04,2.05
-0.23129,-0.31515,-0.00847,0.04425,1.17,1.18
-0.33964,-0.37881,-0.01482,0.01228,7.31,7.42
-0.20431,-0.27627,0.0,-0.03981,8.2,8.2
-0.87605,-0.87605,0.09133,0.05515,17.21,17.41
-0.19529,-0.89403,0.01673,-0.02527,13.98,13.75
-0.22678,-0.37117,0.00841,-0.00689,15.58,15.45
-0.26775,-0.52312,-0.00119,0.00419,8.37,8.39
-0.36009,-0.36009,0.00592,-0.06723,8.18,8.44
-0.17993,-0.38756,0.00173,0.00405,8.63,8.695
-0.21131,-0.34289,-0.00081,-0.01642,12.27,12.28
-0.18353,-0.42388,0.0205,-0.01042,9.21,9.025
-0.13281,-0.70866,0.00463,-0.02703,2.17,2.16
-0.22321,-0.22321,0.00875,0.04219,8.83,9.14
-0.16758,-0.16758,0.01724,-0.1116,12.26,12.18
-0.21345,-0.38919,0.0,-0.00099,10.05,10.05
-0.18878,-0.45879,0.00341,0.02509,15.44,15.4175
-0.13335,-0.19959,0.0003,-0.02588,16.87,16.935
-0.06714,-0.32222,0.06383,-0.22951,1.5,1.41
-0.22597,-0.22597,0.05102,-0.01342,3.09,2.94
-0.28571,-0.35065,0.008,0.0,2.52,2.5
-0.27805,-0.34802,0.0,0.05405,1.42,1.56
-0.15064,-0.4163,0.06818,-0.00377,1.4,1.32
-0.35745,-0.50492,0.06966,-0.5047,0.75,0.7479
-0.15606,-0.43279,-0.00602,-0.04046,1.62,1.66
-0.29084,-0.29084,-0.00966,-0.02049,1.95,2.07
-0.22105,-0.25503,0.15471,0.01815,2.3,2.2603
-0.18101,-0.20917,-0.00717,0.01087,2.77,2.79
-0.42803,-0.62716,0.12081,-0.01325,1.65,1.49
-0.43537,-0.54952,0.08353,-0.08252,0.8847,0.9506
-0.29114,-0.75652,0.0,-0.01786,0.55,0.55
-0.78905,-0.78905,0.00806,0.01175,1.1916,1.24
-0.17699,-0.83993,0.0101,-0.02065,0.91,0.9108
-0.19244,-0.43424,0.00218,0.00439,6.87,6.87
-0.1711,-0.1988,0.0,0.0107,9.45,9.45
-0.22577,-0.2784,0.00134,-0.03742,7.47,7.46
-0.12,-0.44693,-0.02191,-0.03956,5.58,5.705
-0.18265,-0.29496,0.0531,-0.02328,0.95,0.9021
-0.22578,-0.27678,0.01361,0.00745,11.1,10.951
-0.24396,-0.25092,0.00082,0.00246,12.25,12.24
-0.14307,-0.4899,0.00087,-0.01205,5.745,5.74
-0.30758,-0.48426,0.02548,-0.02105,4.7,4.65
-0.36735,-0.49291,0.00207,-0.00215,4.6372,4.64
-0.267,-0.35762,0.01754,-0.02062,2.85,2.85
-0.16253,-0.16253,0.00947,-0.00404,3.66,3.695
-0.23482,-0.45058,0.00787,0.00794,1.92,1.905
-0.19848,-0.23994,0.00563,0.00756,2.66,2.665
-0.14458,-0.39316,0.0,0.0,1.42,1.42
-0.24728,-0.42005,0.02762,-0.13452,7.18,7.785
-0.58729,-0.79271,0.00326,-0.0451,3.08,3.07
-0.10912,-0.82366,0.04415,-0.04753,2.679,2.605
-0.56831,-0.90426,0.05072,-0.07071,1.4102,1.38
-0.55439,-0.98886,0.008,-0.01575,18.9,18.75
-0.29365,-0.99219,0.02222,0.01124,13.35,13.5
-0.26966,-0.9943,0.09231,0.0,10.5,9.75
-0.16667,-0.99518,0.09804,-0.07273,7.95,7.65
-0.22222,-0.99632,0.02381,0.0,6.45,6.3
-0.21429,-0.99711,0.08824,0.0303,5.25,5.1
-0.19647,-0.9976,0.03966,0.00293,4.029,4.11
-0.2548,-0.99673,0.02845,-0.01879,5.52,5.484
-0.16317,-0.99732,0.07829,0.00284,4.692,4.598
-0.21246,-0.99704,0.01809,-0.0267,4.86,4.921
-0.24734,-0.99504,0.00678,-0.01025,8.4,8.403
-0.11221,-0.19793,0.0,-0.02923,11.27,11.29
-0.1877,-0.47172,0.00638,0.00274,7.64,7.681
-0.11168,-0.12445,0.00347,-0.04571,13.4064,13.36
-0.16064,-0.18359,0.0,-0.00478,14.56,14.56
-0.13354,-0.1651,-0.00375,-0.03126,5.31,5.33
-0.22754,-0.40705,0.00609,-0.01422,15.65,15.595
-0.1987,-0.44228,0.00464,0.01343,15.11,15.08
-0.29084,-0.40622,0.00876,-0.00349,5.76,5.71
-0.26942,-0.61181,-0.00196,0.03163,15.04,15.33
-0.16569,-0.33624,0.00088,-0.0035,5.7,5.695
-0.16067,-0.20944,-0.00604,0.01378,3.29,3.31
-0.58261,-0.7219,0.01936,-0.01,12.09,11.88
-0.18755,-0.75805,0.00817,-0.01964,10.26,10.235
-0.16865,-0.80579,0.00351,0.02029,8.57,8.55
-0.17557,-0.2987,0.01056,0.00787,1.1,1.0885
-0.201,-0.22988,0.05844,-0.0363,3.26,3.08
-0.15333,-0.38795,0.0,-0.00787,2.52,2.52
-0.39415,-0.42967,-0.00249,-0.01479,1.7207,1.725
-0.10465,-0.49837,0.00671,-0.03247,1.5,1.49
-0.22504,-0.28465,0.0027,-0.00263,1.86,1.855
-0.20609,-0.29683,0.01134,-0.00451,2.21,2.205
-0.2803,-0.91857,0.02627,0.00175,2.93,2.855
-0.15799,-0.86143,0.00213,-0.03299,4.7,4.69
-0.17394,-0.81614,0.00303,0.02409,6.61,6.59
-0.19468,-0.83571,0.00525,-0.00696,5.66,5.71
-0.15639,-0.50834,-0.01039,0.00258,3.8,3.8399
-0.20528,-0.65212,0.0,-0.01476,2.67,2.67
-0.3,-0.67651,0.00767,0.02381,2.58,2.58
-0.18462,-0.46193,0.00236,-0.00236,2.12,2.115
-0.32353,-0.32353,-0.03049,0.14087,6.36,6.56
-0.41593,-0.61176,0.02752,-0.08282,3.11,3.0267
-0.15399,-0.38053,-0.00287,-0.11671,3.33,3.48
-0.29928,-0.75629,0.04839,-0.2,1.26,1.24
-0.17,-0.69888,0.02581,-0.06627,1.59,1.55
-0.24495,-0.63316,0.0,-0.06519,0.727,0.727
-0.26829,-0.31298,-0.03927,0.04133,0.9004,0.9372
-0.24706,-0.33679,0.00054,0.00727,1.29,1.2893
-0.19111,-0.32104,0.00735,0.03785,1.3602,1.36
-0.2535,-0.8497,0.0643,0.09377,5.1,4.899
-0.18511,-0.86852,0.0,0.01991,3.996,3.996
-0.16667,-0.88003,0.00343,-0.02098,3.409,3.5
-0.29679,-0.92725,-0.00573,0.04659,2.253,2.269
-0.32161,-0.89286,0.06275,-0.05556,2.6883,2.55
-0.2348,-0.89922,0.01771,0.02007,2.5341,2.49
-0.18485,-0.87883,0.0128,0.01673,2.77,2.735
-0.21795,-0.6303,0.00855,-0.04098,1.13,1.17
-0.2284,-0.34555,0.07377,-0.024,1.28,1.22
-0.26706,-0.51649,-0.00077,-0.01462,0.8939,0.91
-0.20079,-0.28842,-0.01301,0.06164,0.85,0.8612
-0.13875,-0.13875,0.0,-0.01747,0.8044,0.8044
-0.24341,-0.24341,-0.00013,0.06094,0.7798,0.7799
-0.18343,-0.18343,-0.00223,-0.02681,1.2999,1.343
-0.26757,-0.63378,0.02868,0.00369,0.8394,0.816
-0.39977,-0.88755,0.06383,-0.02176,10.31,10.34
-0.20588,-0.80326,0.02317,0.02049,13.02,12.95
-0.36165,-0.83906,0.00958,0.02153,10.41,10.44
-0.16179,-0.73142,0.00622,-0.00116,4.3217,4.295
-0.15116,-0.77202,0.0,-0.00548,3.63,3.63
-0.52009,-0.74641,0.04204,-0.04389,3.98,3.8818
-0.11417,-0.54082,0.00119,-0.06556,4.21,4.205
-0.14769,-0.31815,0.00825,-0.01534,10.5,10.91
-0.27333,-0.46419,0.00426,0.07706,8.253,8.218
-0.28034,-0.46635,-0.00338,-0.00784,13.21,13.295
-0.24244,-0.24244,-0.00786,0.05422,13.89,14.0
-0.23438,-0.23438,0.0,0.0449,1.255,1.28
-0.6941,-0.6941,0.0,0.03465,5.714,6.33
-0.20849,-0.754,0.03987,-0.02114,4.738,4.816
-0.04661,-0.04661,-0.0025,-0.11111,7.98,8.0
-0.25644,-0.25644,0.00524,-0.02386,15.25,17.18
-0.50174,-0.63646,0.02789,-0.02092,8.46,8.425
-0.17734,-0.70701,-0.00982,0.02812,7.0,7.13
-0.61423,-0.86489,0.00943,-0.00563,3.2,3.18
-0.15417,-0.91424,0.01,-0.01478,1.98,2.0
-0.21489,-0.32418,-0.01976,0.02293,1.85,1.8873
-0.17838,-0.44322,0.01314,0.00651,1.48,1.5299
-0.12283,-0.12283,0.01629,-0.13154,3.12,3.07
-0.32292,-0.32292,0.04422,0.00513,3.07,2.94
-0.13975,-0.17437,0.0,-0.01625,5.45,5.45
-0.36481,-0.48882,0.04109,0.00551,3.5793,3.4489
-0.49125,-0.73994,0.05332,-0.04246,1.6901,1.6709
-0.16434,-0.82191,0.01211,-0.03264,1.17,1.156
-0.82553,-0.83029,0.01802,-0.00902,1.09,1.11
-0.165,-0.86589,0.00987,-0.00429,0.88,0.8813
-0.69554,-0.69554,0.29172,-0.39107,0.5567,0.495
-0.51582,-0.90543,0.02603,0.03446,0.2679,0.2612
-0.15966,-0.88625,0.02333,-0.02634,0.2952,0.2957
-0.21292,-0.50669,0.03069,0.0,0.1422,0.1401
-0.15412,-0.15412,0.04755,-0.01977,7.17,6.94
-0.46987,-0.46987,0.00629,-0.00687,7.81,7.95
-0.19054,-0.56954,0.00303,0.01692,6.51,6.61
-0.18182,-0.18182,0.00499,-0.04813,15.3999,16.02
-0.2,-0.39815,0.00672,-0.03796,11.2401,11.91
0.02878,-0.18052,0.05916,-0.29371,2.11,2.02
-0.20726,-0.2173,-0.01081,-0.0027,1.8,1.85
-0.90773,-0.91788,0.00178,-0.00022,9.014,9.0
-0.21944,-0.93591,0.08418,-0.0074,6.842,6.973
-0.05827,-0.15239,0.00552,-0.18324,5.468,5.438
-0.17028,-0.86391,-0.14573,0.18678,1.319,1.544
-0.19206,-0.19206,-0.00211,-0.00815,18.8,18.92
-0.1678,-0.1678,0.00577,0.01196,17.44,17.34
-0.19087,-0.33867,0.00433,-0.01836,13.8895,13.86
-0.47394,-0.73081,0.00595,0.05756,7.947,7.9
-0.205,-0.77654,0.03125,0.03209,6.5,6.4
-0.1331,-0.64727,0.00013,-0.03657,7.801,7.85
-0.11966,-0.40702,0.07407,-0.03883,3.19,2.97
-0.43919,-0.66465,0.02793,-0.09639,1.45,1.5
-0.21628,-0.83374,0.01248,0.02226,3.488,3.445
-0.18925,-0.64095,0.03775,-0.03024,1.897,1.828
-0.1981,-0.62435,0.0101,0.0101,0.99,0.9801
-0.37668,-0.42798,0.00719,0.0,1.38,1.39
-0.15556,-0.53086,0.00713,-0.01579,1.12,1.122
-0.13415,-0.68161,0.06016,-0.10563,0.6478,0.635
-0.14327,-0.75785,0.01289,-0.02333,0.5253,0.5274
-0.29681,-0.35045,0.0,-0.00233,4.29,4.29
-0.26269,-0.51186,-0.00794,0.02024,2.5,2.52
-0.20886,-0.26016,0.0,-0.01901,9.29,9.29
-0.17321,-0.26683,0.01988,0.00486,9.49,9.305
-0.21476,-0.21476,0.02202,-0.01678,11.9781,11.72
-0.20406,-0.24439,0.00267,-0.00076,13.15,13.115
-0.29271,-0.43299,0.00222,-0.00295,13.57,13.54
-0.15307,-0.25899,0.00039,-0.03286,12.955,12.95
-0.3443,-0.45037,0.02446,0.01577,10.75,10.63
-0.25298,-0.27963,0.00077,0.04393,13.08,13.07
-0.27333,-0.41607,0.05105,0.01835,16.05,16.65
-0.29429,-0.69014,0.00575,0.00636,17.15,17.4
-0.23207,-0.23207,-0.03412,0.0467,9.0,9.525
-0.3,-0.3,0.01508,-0.05238,2.02,1.99
-0.20482,-0.34,-0.01867,-0.05303,1.8,1.875
-0.23205,-0.36688,0.00663,-0.02677,15.15,15.09
-0.14679,-0.33571,0.00011,-0.01075,0.9201,0.92
-0.59422,-0.59422,0.01149,0.0774,1.69,1.74
-0.18182,-0.63819,0.02143,-0.02778,1.41,1.4
-0.14371,-0.6407,-0.01038,0.01049,1.4,1.445
-0.1616,-0.44598,0.0,-0.00227,2.2,2.2
-0.13721,-0.53392,-0.00822,-0.01617,1.78,1.825
-0.19022,-0.19022,0.01806,-0.00895,4.51,4.43
-0.20609,-0.29396,-0.00225,-0.0139,17.7,17.74
-0.18023,-0.43053,0.00417,-0.00758,14.4492,14.4
-0.15605,-0.59665,0.01141,-0.00755,1.33,1.315
-0.17673,-0.55852,0.00376,0.01604,1.33,1.33
-0.21661,-0.36082,0.00231,-0.00461,4.33,4.32
-0.3004,-0.39422,0.00189,0.01145,5.31,5.3
-0.19767,-0.19767,0.00295,-0.01739,1.7,1.695
-0.14865,-0.26744,0.01307,-0.02857,1.55,1.53
-0.18792,-0.62738,0.0,0.04326,0.7114,0.7114
-0.1542,-0.6712,-0.00117,-0.00283,0.5993,0.6
-0.17593,-0.46707,0.00613,-0.01101,0.8856,0.8802
-0.15829,-0.33139,0.08662,-0.03919,0.6999,0.6938
-0.18722,-0.28764,0.00129,0.00678,3.7,3.715
-0.1594,-0.51641,0.0101,-0.01198,2.48,2.475
-0.15754,-0.41807,0.00275,-0.00383,5.47,5.455
-0.18981,-0.24973,0.00105,0.02036,7.15,7.1425
-0.22105,-0.22105,0.0013,0.06216,7.8702,7.86
-0.19379,-0.35119,0.03803,0.00367,2.839,2.735
-0.17,-0.17,0.0,0.01205,2.08,2.1
-0.34048,-0.446,0.00364,-0.00722,1.375,1.375
-0.16129,-0.66116,0.04046,0.02113,0.9,0.865
-0.3,-0.3,0.01408,0.01429,0.7195,0.71
-0.16262,-0.42344,0.0,0.00654,1.77,1.77
-0.24292,-0.40541,0.00826,-0.0073,1.21,1.21
-0.15535,-0.21043,0.00457,0.00496,1.09,1.095
-0.24409,-0.24409,-0.01124,0.015,1.72,1.78
-0.16022,-0.2549,0.00984,0.00329,1.53,1.525
-0.34759,-0.40196,0.00918,-0.0091,1.21,1.2089
-0.26072,-0.4999,-0.00471,0.01931,1.01,1.0399
-0.28723,-0.70335,0.00877,-0.02772,4.6,4.56
-0.16667,-0.3511,0.01485,0.01317,8.1981,8.08
-0.29971,-0.42349,0.0,-0.00206,4.85,4.85
-0.22072,-0.29001,0.0028,0.03372,5.38,5.365
-0.157,-0.16858,0.00246,-0.00361,7.739,7.72
-0.22316,-0.22316,0.01141,-0.04364,1.3299,1.315
-0.15996,-0.22653,0.06443,-0.00044,2.1,2.0488
-0.17352,-0.31698,0.00274,0.00829,1.83,1.825
-0.26972,-0.47907,0.02353,0.10955,0.8874,0.867
-0.17903,-0.26541,0.0,0.01336,18.86,18.96
-0.15713,-0.30323,-0.00032,-0.03364,15.6,15.655
-0.13477,-0.3292,0.0,-0.0192,13.79,13.79
-0.26624,-0.49217,0.01902,-0.01274,7.5,7.36
-0.15487,-0.25969,0.02035,-0.00748,6.7309,6.635
-0.20538,-0.44332,0.07542,0.03185,2.664,2.559
-0.15474,-0.15474,-0.01985,0.00374,3.95,4.03
-0.88258,-0.88308,0.31579,0.09708,1.6197,1.52
-0.15412,-0.80084,0.0,-0.0339,2.23,2.28
-0.19355,-0.20213,0.00116,-0.04111,4.26,4.315
-0.22695,-0.41905,0.00515,0.01032,4.37,4.405
-0.15849,-0.40533,0.00533,-0.01868,6.5822,6.565
-0.14476,-0.609,0.03053,-0.02178,16.18,15.72
-0.27775,-0.55967,0.00142,0.06662,13.82,14.09
-0.16724,-0.17048,-0.00442,-0.00026,19.01,19.215
-0.29441,-0.59229,0.00173,0.02541,8.5,8.675
-0.39574,-0.39574,0.0053,0.06338,9.03,9.06
-0.36954,-0.36954,-0.06458,0.06949,3.24,3.54
-0.25163,-0.63005,-0.01933,0.07314,4.82,4.915
-0.20809,-0.69168,0.03349,-0.06209,3.69,3.58
-0.14203,-0.30141,0.02215,-0.08689,12.3,12.19
-0.1854,-0.48038,0.02003,-0.01964,9.78,9.735
-0.17333,-0.57823,0.00126,-0.01365,7.95,7.95
-0.184,-0.26085,-0.00144,-0.00644,6.93,6.94
-0.18831,-0.40476,0.01235,0.008,5.74,5.67
-0.26782,-0.26782,0.04908,-0.00263,19.88,18.95
-0.32024,-0.32024,0.01778,0.0,18.32,18.0
-0.1567,-0.29242,0.00298,-0.00027,7.355,7.371
-0.1587,-0.1587,0.0087,-0.04854,16.99,17.25
-0.21714,-0.49142,0.0,0.00821,10.93,11.05
-0.20111,-0.59926,0.01429,-0.01945,8.563,8.468
-0.20149,-0.65188,0.00187,-0.00093,7.486,7.495
-0.21018,-0.68246,0.0039,-0.02689,6.6,6.659
-0.23587,-0.37912,-0.00151,-0.01121,13.01,13.23
-0.14114,-0.18215,0.00065,-0.0165,15.35,15.5
-0.08963,-0.08963,0.03291,-0.1084,18.52,17.93
-0.25475,-0.55946,0.00127,0.0281,15.72,15.73
-0.31688,-0.89716,0.06,0.05125,15.74,16.0
-0.21508,-0.46065,0.0,-0.01246,5.55,5.55
-0.21391,-0.4412,0.01938,-0.02426,7.28,7.279
-0.17308,-0.27231,0.02929,0.01057,4.84,4.78
-0.1843,-0.1843,-0.00771,0.01168,10.94,11.025
-0.2868,-0.44974,0.00911,0.04152,4.34,4.39
-0.16028,-0.17171,0.00454,0.00548,5.52,5.505
-0.2467,-0.38602,0.04362,0.01011,11.0937,10.63
-0.21287,-0.39137,0.00761,0.002,8.4,8.3366
-0.19643,-0.19643,0.02455,-0.01854,5.43,5.2999
-0.36022,-0.52964,0.02553,-0.01261,2.36,2.35
-0.3612,-0.58297,0.0,-0.01047,1.89,1.89
-0.26887,-0.53453,0.0,-0.02581,1.51,1.51
-0.16008,-0.4236,0.0016,-0.01804,6.27,6.26
-0.16108,-0.52441,0.0,-0.0057,5.23,5.23
-0.61015,-0.61229,0.01345,0.05149,2.05,2.23
-0.64747,-0.86015,0.04763,-0.00379,0.7884,0.7621
-0.23931,-0.89104,0.02369,-0.00839,0.59,0.591
-0.35171,-0.87556,0.04727,0.02865,0.7,0.7002
-0.17683,-0.8766,-0.00105,-0.01481,0.6246,0.665
-0.21702,-0.21702,0.07979,0.02174,1.95,1.88
-0.15883,-0.22804,0.0,-0.01615,3.6,3.6
-0.26606,-0.32489,0.02795,0.00625,3.31,3.22
-0.29456,-0.51764,0.05243,-0.03793,2.2,2.26
-0.16153,-0.19236,0.01868,-0.0063,5.78,5.674
-0.25528,-0.25528,0.01237,-0.02749,5.73,5.66
-0.21079,-0.50416,-0.00261,-0.01161,3.82,3.83
-0.11852,-0.46954,-0.01458,-0.03922,3.38,3.43
-0.12722,-0.56166,-0.02857,-0.05085,2.72,2.8
-0.16962,-0.40146,0.00909,0.0061,3.27,3.3
-0.17268,-0.18321,0.02034,-0.00467,3.26,3.195
-0.14009,-0.14009,0.02632,-0.02664,18.9,19.0
-0.2638,-0.27273,0.01277,-0.02083,11.89,11.75
-0.24038,-0.53588,0.00667,0.00943,3.7,3.748
-0.10377,-0.67672,0.01818,-0.05588,2.24,2.2
-0.25,-0.77941,0.00308,0.02201,1.6,1.625
-0.19737,-0.83074,0.05858,0.02984,1.28,1.2564
-0.20539,-0.8181,0.0,0.02204,1.33,1.34
-0.15646,-0.745,0.01021,-0.00378,0.9306,0.9496
-0.17647,-0.21348,0.00582,-0.0555,1.31,1.3223
-0.23381,-0.40169,-0.00909,0.03286,1.09,1.1
-0.17687,-0.32022,0.0,0.01653,1.23,1.23
-0.17273,-0.36915,0.12003,-0.02967,18.2,17.66
-0.48128,-0.49048,0.01794,0.00643,7.87,7.8099
-0.24078,-0.29928,0.04558,-0.04604,3.8291,3.73
-0.15731,-0.15731,-0.00082,-0.02473,18.32,18.335
-0.14002,-0.23714,0.0078,-0.02109,16.7299,16.66
-0.38958,-0.65203,0.02341,-0.03154,5.3,5.22
-0.16343,-0.20307,0.0139,0.01242,6.1207,6.115
-0.2472,-0.27041,0.00821,-0.01216,7.37,7.31
-0.45039,-0.55707,0.00239,-0.00214,2.0996,2.095
-0.14066,-0.16479,-0.00114,-0.01457,4.39,4.395
-0.145,-0.35955,0.0,-0.01462,3.37,3.37
-0.48665,-0.67603,0.0029,-0.00289,1.6899,1.725
-0.23699,-0.75281,0.02801,-0.03455,1.31,1.2744
-0.1584,-0.19818,-0.0045,0.0068,2.21,2.22
-0.16327,-0.40364,-0.00306,-0.00305,1.63,1.635
-0.2859,-0.2859,0.03915,0.02742,2.78,2.81
-0.23276,-0.42802,0.00215,0.04494,2.32,2.325
-0.3136,-0.3136,0.04867,0.03576,6.4,6.37
-0.36387,-0.405,0.03115,0.00395,6.09,6.099
-0.33882,-0.62635,0.01927,0.00131,3.8201,3.82
-0.18301,-0.22539,0.00021,0.00324,8.57,8.6882
-0.21032,-0.93739,0.02521,-0.10302,17.5,17.85
-0.17842,-0.93771,0.00897,0.01364,20.0,20.07
-0.29536,-0.94746,0.0,0.05988,17.55,17.7
-0.11858,-0.93733,0.0105,-0.04367,19.15,19.05
-0.21995,-0.8,0.00862,0.01163,17.5,17.4
-0.16667,-0.8314,0.00142,-0.02552,14.0,14.13
-0.16695,-0.58288,0.01509,-0.00274,14.7,14.58
-0.19419,-0.57261,0.00262,0.02069,15.2703,15.29
-0.15765,-0.51077,0.00835,-0.01101,10.7,10.78
-0.20272,-0.44172,0.00882,0.013,12.47,12.47
-0.22129,-0.58035,0.04017,-0.023,7.16,7.22
-0.16511,-0.64395,0.0352,-0.00319,6.3,6.25
-0.32,-0.65247,0.0165,-0.0098,6.15,6.06
-0.23214,-0.7314,0.03822,-0.00423,4.8,4.71
-0.26294,-0.79784,0.01877,0.04775,3.8,3.73
-0.18729,-0.7105,0.03881,-0.02011,4.55,4.38
-0.10899,-0.15535,0.0261,-0.04962,5.6993,5.555
-0.14269,-0.14269,0.02638,-0.00864,4.475,4.36
-0.67251,-0.8607,0.01611,0.00875,0.5588,0.5649
-0.19398,-0.8877,0.0181,-0.02115,0.4108,0.4419
-0.21162,-0.80808,0.02737,0.01434,0.792,0.7709
-0.15989,-0.4383,0.00206,-0.02089,14.54,14.5301
-0.17119,-0.46028,0.00152,0.00305,13.13,13.16
-0.16592,-0.46557,-0.00718,0.0012,16.59,16.71
-0.27573,-0.61297,-0.00039,0.00178,12.68,12.69
-0.24081,-0.32184,0.01994,-0.00847,12.29,12.285
-0.19438,-0.45069,0.00961,0.00659,9.388,9.35
-0.91844,-0.93599,0.0082,0.10808,9.873,10.98
-0.37512,-0.96233,0.02961,-0.06173,5.256,5.472
-0.15284,-0.95381,0.05874,-0.02378,7.39,6.98
-0.84083,-0.87841,0.24,-0.03288,1.35,1.25
-0.17854,-0.89103,0.03704,0.01133,1.11,1.08
-0.17089,-0.86633,0.14829,0.00382,1.4381,1.315
-0.83134,-0.88044,0.35,0.05876,0.245,0.2
-0.37549,-0.91905,0.06545,0.02737,0.1317,0.1314
-0.41785,-0.41785,0.234,0.11111,5.06,5.0
-0.29395,-0.35013,0.0469,-0.01361,7.49,7.25
-0.13113,-0.13113,0.01899,-0.09517,16.83,17.115
-0.27053,-0.41663,0.01291,-0.02441,12.33,12.39
-0.17932,-0.77204,-0.00182,0.02297,16.31,16.48
-0.1683,-0.32758,0.01195,-0.00178,7.17,7.115
-0.19724,-0.2058,-0.00235,0.00572,12.71,12.74
-0.22045,-0.39825,0.0086,0.01749,1.76,1.745
-0.09714,-0.43972,0.04705,-0.06646,1.5444,1.475
-0.20286,-0.97723,0.02108,-0.00599,20.18,19.92
-0.17879,-0.17879,-0.04159,0.0203,2.65,2.765
-0.27879,-0.63633,-0.00847,-0.01675,1.17,1.18
-0.16591,-0.53562,0.07444,0.01243,0.98,0.9121
-0.27829,-0.29706,0.02238,0.01,0.4895,0.505
-0.14554,-0.32729,-0.00602,-0.02759,0.4625,0.4653
-0.25097,-0.49821,0.02083,-0.06856,14.53,14.4
-0.18868,-0.73988,-0.00531,-0.01265,5.49,5.5193
-0.28168,-0.28168,0.00678,0.00234,14.35,14.76
-0.14317,-0.32415,-0.00982,-0.11801,12.0,12.22
-0.4183,-0.50673,0.00415,0.09455,12.09,12.04
-0.13887,-0.41883,-0.03574,-0.00694,12.41,12.87
-0.20065,-0.4872,-0.00461,0.02564,7.565,7.6
-0.17234,-0.51751,0.2719,-0.09315,4.0201,3.31
-0.16398,-0.24592,0.00178,-0.01287,5.63,5.62
-0.12057,-0.50728,0.00291,-0.07527,3.1,3.44
-0.18483,-0.18483,0.01712,-0.01184,11.61,11.68
-0.14163,-0.36954,0.03352,-0.02096,9.25,8.95
-0.10519,-0.58345,-0.00702,-0.05629,5.4275,5.7
-0.14925,-0.65918,-0.00224,-0.00222,8.91,8.93
-0.08333,-0.71188,0.0,-0.09091,2.8,2.8
-0.26068,-0.80635,0.05238,0.01444,2.1074,2.1
-0.26948,-0.26948,0.00356,0.04074,6.6748,7.025
-0.18659,-0.3961,0.0566,-0.05018,5.6,5.3
-0.16776,-0.68545,0.00179,0.017,16.78,16.75
-0.1507,-0.68516,0.00124,-0.02032,16.17,16.15
-0.28052,-0.5968,0.01132,-0.04332,2.68,2.65
-0.1931,-0.51452,-0.00353,-0.03077,1.13,1.134
-0.14953,-0.62241,0.2079,-0.05385,0.95,0.861
-0.17336,-0.24517,0.00631,0.01407,3.96,3.965
-0.14162,-0.35622,0.00377,-0.01592,9.25,9.275
-0.16134,-0.17228,0.00587,0.00525,7.63,7.655
-0.22951,-0.22951,-0.00026,0.00701,0.7753,0.7755
-0.13611,-0.13611,0.00366,-0.02465,1.36,1.365
-0.13712,-0.13712,0.01604,-0.00574,1.97,1.9389
-0.15889,-0.22197,0.02382,-0.03781,2.73,2.695
-0.25053,-0.38942,0.02846,0.00596,2.6792,2.635
-0.27437,-0.55261,0.01042,0.00036,1.9202,1.92
-0.18906,-0.18906,0.00962,0.00193,1.0427,1.04
-0.13226,-0.13226,0.03479,-0.04461,1.3197,1.285
-0.23734,-0.60667,0.00127,0.00641,0.3931,0.3926
-0.23684,-0.51352,0.15473,0.01473,0.3298,0.3031
-0.26461,-0.26461,0.0124,0.06843,2.42,2.42
-0.30749,-0.57955,0.00353,0.09266,1.35,1.415
-0.12697,-0.56916,0.00389,-0.03165,1.29,1.285
-0.24102,-0.70922,0.0241,0.01943,0.925,0.913
-0.2133,-0.71393,0.0651,-0.05164,0.86,0.8356
-0.23169,-0.53179,-0.01299,0.0178,0.3951,0.4003
-0.10935,-0.10935,0.00238,-0.06731,6.32,6.305
-0.19523,-0.28854,-0.00183,0.01111,5.45,5.46
-0.19309,-0.38499,0.00319,-0.00792,9.42,9.39
-0.18325,-0.41935,0.00433,-0.01282,4.64,4.62
-0.19453,-0.60565,-0.00362,0.04151,2.75,2.76
-0.40323,-0.47026,0.00415,0.00208,2.4,2.41
-0.75461,-0.8816,0.02835,0.00653,6.2,6.0291
-0.27731,-0.915,0.01655,-0.01628,4.3,4.23
-0.19873,-0.19873,0.03019,-0.00383,2.71,2.65
-0.22564,-0.37958,0.0104,-0.01471,2.0506,2.0295
-0.16604,-0.30169,0.00433,-0.00362,2.3,2.31
-0.19586,-0.20137,0.00819,0.01201,5.9483,5.9
-0.19222,-0.19222,0.0,-0.00674,10.29,10.31
-0.1491,-0.24687,-0.00153,-0.01057,6.4505,6.55
-0.32727,-0.32727,0.00948,0.04416,3.03,3.0907
-0.2371,-0.4625,0.00837,0.01057,2.38,2.39
-0.14042,-0.17402,0.01486,-0.02366,6.46,6.395
-0.4595,-0.4595,0.00531,0.09074,14.8,15.1396
-0.42796,-0.6104,0.01969,-0.01,9.9796,9.905
-0.27394,-0.74611,0.01229,-0.00153,6.4898,6.51
-0.23503,-0.66047,0.01018,-0.03914,4.96,4.91
-0.17725,-0.51244,0.04867,0.00836,0.66,0.6637
-0.18939,-0.58467,0.01416,0.01998,0.5602,0.5719
-0.19758,-0.23468,0.06233,-0.03663,2.5539,2.551
-0.17291,-0.19382,0.01375,0.01394,2.9,2.91
-0.16826,-0.49249,-0.00049,0.00132,6.085,6.088
-0.15459,-0.15459,0.0,-0.00349,20.0,20.0
-0.17338,-0.39878,-0.00137,0.00414,10.9,10.915
-0.29106,-0.29106,0.01393,0.01997,11.5,11.49
-0.32248,-0.39388,0.01665,0.01573,16.99,17.115
-0.30774,-0.61079,0.0152,-0.03096,10.45,10.485
-0.24031,-0.61868,-0.00663,-0.00531,2.82,2.9244
-0.41304,-0.48734,0.12183,-0.02716,2.04,1.97
-0.24161,-0.70341,0.0,-0.00885,1.104,1.12
-0.34706,-0.55988,0.03102,-0.05006,12.63,12.25
-0.44638,-0.44638,0.00671,0.01274,5.87,5.96
-0.26807,-0.33895,-0.03005,0.16561,3.55,3.66
-0.23134,-0.65281,-0.01935,0.00324,1.52,1.55
-0.35169,-0.35169,0.0,-0.00147,10.17,10.17
-0.20741,-0.32095,-0.00694,0.00299,10.01,10.08
-0.25479,-0.25479,0.04472,0.02757,5.84,5.59
-0.29865,-0.29865,-0.0034,0.02769,5.84,5.8599
-0.178,-0.49446,0.0275,-0.02676,4.07,4.0
-0.24367,-0.51423,0.0431,-0.02929,1.1706,1.16
-0.27673,-0.27673,0.06977,-0.06522,2.26,2.15
-0.19824,-0.53195,0.03646,-0.05289,0.85,0.8201
-0.13699,-0.65946,0.04166,-0.03984,0.6001,0.6049
-0.24144,-0.74865,0.01854,0.03226,0.4889,0.48
-0.39863,-0.64103,0.00797,0.01571,0.4292,0.4266
-0.11404,-0.11404,0.04564,-0.04554,2.47,2.41
-0.24074,-0.44966,-0.00123,-0.01024,0.8106,0.8116
-0.26321,-0.69208,0.0,-0.03248,7.15,7.15
-0.24069,-0.61276,-0.00124,0.01761,8.08,8.09
-0.43785,-0.474,0.00228,0.02575,19.7514,19.715
-0.4444,-0.58907,0.00375,0.00645,14.79,14.835
-0.14364,-0.30938,0.00439,-0.03185,2.2618,2.28
-0.35897,-0.68412,0.01695,0.01143,17.7,17.7
-0.15,-0.72383,0.04762,-0.03922,15.4,14.7
-0.39994,-0.91123,0.01702,0.05985,3.912,4.055
-0.26144,-0.82137,0.02654,0.06823,7.601,7.499
-0.22409,-0.84819,0.01628,0.02984,6.19,6.144
-0.1656,-0.80897,0.01086,0.00633,5.305,5.248
-0.29963,-0.41743,0.01279,0.02625,1.98,1.955
-0.31813,-0.31813,-0.00083,0.00125,12.04,12.05
-0.16511,-0.6469,0.00823,-0.00224,13.37,13.37
-0.21917,-0.86552,0.00478,-0.00377,4.1191,4.0995
-0.4331,-0.87222,0.02194,-0.00932,3.26,3.19
-0.26489,-0.32704,0.0,-0.00477,5.01,5.07
-0.18003,-0.32633,0.03055,0.0266,8.1416,8.14
-0.15439,-0.29502,0.00798,0.00164,10.03,10.02
-0.14992,-0.39464,0.02279,-0.00409,8.67,8.555
-0.22215,-0.46884,0.00515,0.00431,5.82,5.82
-0.19423,-0.19423,0.0,-0.01148,7.2899,7.32
-0.15528,-0.22031,0.00865,-0.01066,9.4498,9.4185
-0.1605,-0.77605,0.04305,-0.02139,15.7,15.1
-0.24551,-0.67744,0.0251,0.02778,10.62,10.36
-0.37624,-0.37624,0.0,0.01938,8.94,8.94
-0.24973,-0.33775,0.00144,-0.00571,6.97,6.96
-0.21375,-0.39658,0.0,0.00473,4.25,4.25
-0.26859,-0.4179,0.00125,0.01271,3.9304,3.985
-0.18153,-0.41163,0.00171,-0.01958,6.25,6.2992
-0.64434,-0.76402,0.00858,0.04484,2.35,2.33
-0.19616,-0.28868,0.00162,0.0,3.71,3.77
-0.1683,-0.29656,-0.00057,-0.00562,17.68,17.69
-0.84477,-0.92314,-0.00155,0.0094,11.0,12.88
-0.32704,-0.94585,0.02148,-0.02103,8.38,8.38
-0.14081,-0.952,0.02254,-0.01389,7.18,7.1
-0.13871,-0.95955,-0.01818,0.02996,5.38,5.5
-0.1746,-0.97199,0.19403,-0.09406,3.89,3.35
-0.14325,-0.97644,0.05297,0.00161,3.28,3.115
-0.28571,-0.98447,0.00985,-0.00976,1.8701,2.03
-0.23234,-0.27901,0.0122,-0.01225,5.7288,5.74
-0.32867,-0.32867,0.01169,0.01247,2.95,2.9159
-0.18506,-0.52699,0.00396,-0.00355,2.03,2.022
-0.21704,-0.7965,-0.00554,0.01375,0.8728,0.885
-0.29,-0.54325,0.00495,-0.01478,0.708,0.7065
-0.20413,-0.50356,0.00138,0.00878,0.502,0.5058
-0.48411,-0.74129,0.41643,0.08075,0.3155,0.2824
-0.22268,-0.71693,0.04457,0.00455,0.2909,0.2872
-0.29624,-0.50385,0.0,0.01008,0.1303,0.1303
-0.15573,-0.38419,0.07647,-0.00995,11.7873,10.95
-0.48074,-0.48074,0.01149,0.02113,10.75,10.875
-0.21148,-0.37856,0.001,-0.001,10.03,10.02
-0.96302,-0.96302,0.03713,0.00352,19.88,19.93
-0.23382,-0.97156,0.0,0.04257,15.75,15.92
-0.5283,-0.98883,0.07191,0.1125,6.33,6.675
-0.28375,-0.99126,0.11364,-0.01597,4.635,4.62
-0.26423,-0.99494,0.23034,-0.01657,3.12,2.67
-0.34198,-0.99504,0.02397,0.09568,2.83,2.92
-0.17378,-0.99748,-0.00714,0.03321,1.39,1.4
-0.15663,-0.99739,0.00356,0.00357,1.41,1.405
-0.16071,-0.52365,0.05154,-0.03546,1.4,1.36
-0.31836,-0.59242,0.07782,-0.03794,0.8199,0.7607
-0.20661,-0.20661,0.0,-0.03125,1.85,1.86
-0.19598,-0.24761,0.02437,-0.01439,0.81,0.8083
-0.19383,-0.31878,0.0086,0.01101,17.55,17.45
-0.1993,-0.52597,0.00493,0.01245,12.2,12.16
-0.18285,-0.78972,0.00299,0.01135,13.41,13.37
-0.15156,-0.41616,0.00879,-0.0035,17.22,17.07
-0.17358,-0.31667,-0.00155,0.01358,19.2421,19.4
-0.40737,-0.55801,0.0067,-0.01763,12.1494,12.1618
-0.1252,-0.41628,-0.00119,-0.02569,15.845,15.93
-0.19033,-0.19033,0.01497,0.0027,16.94,16.7
-0.29854,-0.53281,0.00791,-0.01508,9.5,9.4651
-0.17466,-0.46301,0.01171,-0.00747,6.04,5.98
-0.14543,-0.28204,0.01097,-0.01521,10.09,10.0399
-0.14943,-0.39015,0.01205,-0.00348,15.9102,15.74
-0.26327,-0.30577,-0.00585,-0.05263,1.7,1.71
-0.3259,-0.5385,0.01626,0.02509,1.25,1.23
-0.13743,-0.43269,0.00694,-0.02373,1.45,1.44
-0.16304,-0.55577,0.00433,0.0,1.16,1.155
-0.19376,-0.32916,0.06897,-0.01001,0.88,0.87
-0.15039,-0.15039,0.01158,-0.00377,1.3,1.295
-0.17483,-0.51037,0.02593,0.0,1.2106,1.18
-0.1809,-0.41682,0.0155,-0.01074,6.4301,6.45
-0.32442,-0.39866,0.00594,0.02538,5.08,5.05
-0.17486,-0.49498,0.01661,-0.00331,1.52,1.505
-0.30328,-0.30328,0.0098,0.0,5.1,5.1
-0.08935,-0.56585,0.0013,-0.10928,0.999,0.9977
-0.32432,-0.56395,0.02,-0.00667,0.74,0.745
-0.12658,-0.172,-0.04306,0.00966,4.0,4.18
-0.22674,-0.45492,0.00379,-0.00752,2.61,2.64
-0.2975,-0.36996,0.0,-0.00356,1.36,1.4
-0.16382,-0.51433,0.01004,0.00983,0.6638,0.6572
-0.07863,-0.35186,-0.11338,-0.0399,0.8,0.9023
-0.15306,-0.48266,0.0066,0.00952,0.53,0.5301
-0.28933,-0.36111,0.00787,0.00395,1.27,1.27
-0.16472,-0.24825,0.00111,-0.00344,0.9,0.899
-0.18011,-0.18011,0.0129,0.01639,1.53,1.55
-0.27851,-0.31743,0.04321,-0.0152,1.65,1.62
-0.19505,-0.39212,0.02341,0.02048,1.5296,1.495
-0.16037,-0.39956,0.00185,-0.01399,8.1,8.105
-0.17461,-0.17461,-0.00222,-0.00056,17.95,18.0
-0.23662,-0.38025,0.00122,-0.02032,12.22,12.295
-0.22137,-0.45455,0.00097,0.00686,5.14,5.135
-0.13729,-0.4649,-0.00226,-0.04946,4.41,4.42
-0.18829,-0.28434,0.02892,0.00828,6.4,6.2201
-0.34981,-0.34981,0.02083,-0.0201,5.1316,5.0269
-0.17017,-0.19246,0.00156,0.01188,3.2,3.195
-0.21192,-0.50619,0.00783,-0.00818,1.91,1.915
-0.2,-0.36424,0.0,0.03125,18.5,19.8
-0.17143,-0.44937,-0.00714,-0.03448,16.68,16.8
-0.56479,-0.80443,0.0221,-0.01909,5.914,6.062
-0.16565,-0.88715,0.00275,0.01795,3.61,3.63
-0.15846,-0.8524,0.01557,-0.011,4.54,4.496
-0.2634,-0.87802,0.01608,-0.03322,2.75,2.736
-0.19425,-0.86233,0.00246,0.01753,3.258,3.25
-0.31799,-0.62589,0.01747,0.02637,1.948,1.946
-0.26418,-0.56153,0.0,0.05181,1.95,2.02
-0.17899,-0.50283,0.00476,-0.00474,2.06,2.1
-0.25263,-0.54971,0.01351,-0.04565,1.5,1.48
-0.1988,-0.43955,0.00067,-0.06546,7.5,7.495
-0.77363,-0.7791,0.03743,0.00538,2.84,2.805
-0.25647,-0.55259,0.00088,0.00959,5.64,5.705
-0.42119,-0.73832,0.0,0.0469,3.44,3.46
-0.19744,-0.27546,0.0041,-0.0599,5.88,5.885
-0.625,-0.7934,0.05605,-0.05042,1.78,1.695
-0.15088,-0.71991,0.0166,-0.00413,2.42,2.41
-0.38181,-0.54127,0.00842,0.00187,5.36,5.345
-0.18202,-0.19179,0.00091,0.00923,5.47,5.465
-0.88913,-0.93799,0.11036,0.01275,4.198,4.132
-0.39225,-0.97377,0.17492,0.0533,1.856,1.818
-0.19251,-0.97182,0.0,0.00647,1.83,1.866
-0.17738,-0.97667,0.03205,0.01629,1.58,1.56
-0.54922,-0.76423,0.04046,-0.00575,10.8,10.38
-0.15603,-0.22977,-0.00086,-0.02017,9.32,9.328
-0.19028,-0.35275,0.0398,0.005,8.2,8.04
-0.15677,-0.47605,0.02913,-0.04571,6.2,6.18
-0.2952,-0.55056,0.0125,0.06268,2.538,2.56
-0.24386,-0.24386,-0.01435,-0.03016,2.06,2.09
-0.20103,-0.45614,0.0,0.0129,1.57,1.57
-0.13356,-0.18387,-0.00806,-0.01976,1.23,1.24
-0.14418,-0.14418,-0.00631,-0.02009,3.15,3.17
-0.14489,-0.37563,-0.01057,0.00208,2.34,2.365
-0.36453,-0.49805,0.01493,0.03876,1.31,1.34
-0.24951,-0.24951,0.07414,-0.06822,1.159,1.079
-0.26864,-0.56507,0.02597,-0.01892,0.6755,0.6584
-0.20737,-0.6081,0.00048,0.02348,0.6192,0.6189
-0.14809,-0.53098,-0.00513,-0.00401,0.7171,0.7208
-0.23791,-0.23791,0.0209,0.02267,1.612,1.579
-0.27033,-0.27033,-0.03636,-0.0554,8.216,8.526
-0.20427,-0.32149,0.00439,0.01916,16.03,15.96
-0.26918,-0.86321,0.03275,-0.0299,10.69,10.351
-0.14401,-0.7477,0.05441,-0.06602,18.85,18.38
-0.15916,-0.30175,-0.02873,0.04429,13.7,14.62
-0.15655,-0.6293,-0.00826,-0.0312,12.01,12.11
-0.21029,-0.74051,0.01636,-0.02171,8.61,8.56
-0.20671,-0.80242,0.01411,0.00469,6.4903,6.4
-0.23837,-0.61241,0.10606,0.00763,1.46,1.32
-0.19087,-0.42088,0.01648,-0.06667,1.85,1.82
-0.16316,-0.50313,0.01961,-0.03774,1.5,1.53
-0.29628,-0.29628,0.03246,-0.07029,6.3477,6.15
-0.19672,-0.47872,0.00395,0.03265,5.05,5.06
-0.25937,-0.7266,0.01559,-0.02685,2.54,2.501
-0.15966,-0.78723,0.02041,-0.02,2.0,1.96
-0.17941,-0.2299,0.00063,-0.01174,7.92,7.915
-0.20089,-0.22548,0.0036,0.03414,8.36,8.33
-0.1745,-0.30726,0.0,-0.00542,11.01,11.01
-0.38745,-0.41706,0.00801,0.01463,6.29,6.24
-0.23321,-0.47476,0.00621,-0.02068,8.1,8.05
-0.1629,-0.3743,0.00377,-0.04505,5.32,5.3
-0.18764,-0.20657,-0.00133,0.00534,3.76,3.765
-0.21636,-0.21636,0.02046,0.01856,2.21,2.195
-0.16588,-0.16588,0.03204,-0.03195,6.14,5.9591
-0.34237,-0.36836,0.02344,0.06186,7.61,7.465
-0.44541,-0.49006,0.01998,-0.01852,9.83,10.01
-0.31914,-0.696,0.01584,-0.00752,5.97,6.0344
-0.16097,-0.60776,0.01011,0.0083,7.8801,7.91
-0.048,-0.048,0.00971,-0.13445,1.04,1.03
-0.18806,-0.18806,4e-05,-0.0368,2.56,2.6199
-0.30198,-0.31719,0.03105,-0.07482,2.69,2.609
-0.53442,-0.59156,-0.01061,0.04607,3.6999,3.7599
-0.4012,-0.77273,0.0203,-0.015,2.01,1.97
-0.20928,-0.52557,0.0,-0.00359,4.16,4.16
-0.19832,-0.66931,-0.00333,0.03089,2.99,3.0
-0.16479,-0.17778,0.00272,-0.00811,3.67,3.67
-0.1902,-0.69325,-0.00584,-0.00324,13.63,13.71
-0.147,-0.73025,0.00346,-0.04511,11.59,11.55
-0.15017,-0.72614,0.00738,-0.00733,12.05,12.19
-0.21665,-0.73307,0.02048,0.04601,9.34,9.1526
-0.24518,-0.74631,0.03526,0.06596,7.78,7.515
-0.23789,-0.76653,-0.01308,0.03083,5.28,5.35
-0.15556,-0.15769,-0.00413,0.00038,13.16,13.305
-0.25908,-0.86227,0.01735,0.00051,19.48,19.6
-0.19861,-0.81358,0.02499,0.02228,19.24,18.81
-0.76265,-0.93391,0.00628,-0.02049,4.8,4.78
-0.15525,-0.78868,0.00892,0.00074,13.55,13.45
-0.17553,-0.57815,-0.00429,0.01356,19.6,19.805
-0.184,-0.54987,0.02577,0.02462,19.52,19.205
-0.15117,-0.67771,0.01657,-0.01043,13.45,13.28
-0.15408,-0.7745,0.0182,-0.00742,9.37,9.32
-0.12735,-0.79965,0.00768,-0.06383,7.87,7.81
-0.1549,-0.73271,0.00457,-0.01707,10.96,10.94
-0.34656,-0.90463,0.01071,-0.10543,13.8,14.0
-0.16822,-0.91865,0.02157,-0.02772,13.1,12.98
-0.1888,-0.91176,0.00337,0.02555,14.85,14.85
-0.17822,-0.76046,0.00121,-0.0012,16.4,16.58
-0.1456,-0.77561,0.00796,-0.03023,15.14,15.08
-0.23167,-0.56509,0.00719,0.00506,14.0,13.9
-0.16196,-0.51509,0.0,0.00454,15.48,15.49
-0.17402,-0.38459,0.00179,-0.00475,8.4,8.385
-0.20772,-0.4965,0.02564,-0.00464,2.18,2.145
-0.13691,-0.13691,0.24048,-0.02283,6.0,5.385
-0.14484,-0.42762,0.0,-0.00696,4.28,4.28
-0.1521,-0.29094,0.01911,-0.02887,4.8,4.71
-0.1496,-0.27638,-0.01939,-0.01902,6.07,6.19
-0.47399,-0.85002,0.01436,0.00556,17.74,18.1
-0.17123,-0.83869,0.13025,-0.04029,20.94,18.58
-0.17732,-0.86702,0.02038,-0.01629,15.58,15.7
-0.22587,-0.81907,0.00128,0.00386,13.6,15.62
-0.37084,-0.88558,0.00803,0.0122,8.64,9.96
-0.18526,-0.90488,0.02174,0.01222,7.64,8.28
-0.14423,-0.91721,0.10145,-0.0309,7.02,6.9
-0.12945,-0.92312,0.02703,-0.03717,5.18,5.18
-0.17371,-0.9497,0.01183,-0.03977,3.36,3.38
-0.20077,-0.37082,0.00917,0.00048,2.07,2.071
-0.17842,-0.2852,0.00508,-0.00505,1.98,1.97
-0.22222,-0.44404,0.04616,-0.01948,1.44,1.51
-0.17105,-0.54513,0.02354,0.00802,1.3,1.2701
-0.16316,-0.42599,0.00946,-0.00314,1.6,1.585
-0.2691,-0.63,0.00432,0.01211,0.8901,0.9025
-0.21695,-0.21695,0.04291,-0.05505,2.5531,2.575
-0.18182,-0.37931,0.03774,-0.01852,2.12,2.12
-0.19779,-0.55678,0.00027,0.03306,0.3675,0.375
-0.17009,-0.6199,0.0,-0.00418,0.3076,0.31
-0.16728,-0.24683,0.01879,0.01508,11.59,11.445
-0.17304,-0.17304,0.00212,-0.01021,16.49,16.485
-0.13903,-0.2562,0.00617,-0.03926,13.05,12.97
-0.19512,-0.27737,-0.01511,0.00253,3.91,3.97
-0.24286,-0.50467,0.06679,0.0566,0.5891,0.56
-0.22382,-0.54692,-0.0218,0.01258,0.4802,0.4909
-0.23803,-0.56662,-0.02439,-0.00216,0.31,0.3239
-0.15661,-0.15661,0.0,-0.00937,11.63,11.63
-0.15467,-0.69374,0.00241,-0.04603,16.62,16.58
-0.23429,-0.83783,0.00597,9e-05,18.4851,18.44
-0.17203,-0.85618,0.00368,-0.00077,16.37,16.3399
-0.11057,-0.87335,0.00297,-0.06319,13.45,13.49
-0.29136,-0.91142,0.03859,0.08362,16.05,15.55
-0.14524,-0.93243,0.00948,-0.02043,10.6,10.55
-0.17639,-0.9212,0.0,-0.01274,12.15,12.4
-0.31421,-0.88167,0.01614,-0.00873,13.65,13.63
-0.16812,-0.54006,0.01083,-0.03484,13.85,13.85
-0.14072,-0.47452,0.00815,-0.02714,16.02,15.95
-0.15346,-0.15346,0.00412,-0.00037,13.3,13.345
-0.13816,-0.13816,0.01515,-0.04249,1.9,1.8815
-0.16138,-0.30482,0.00631,-0.00946,1.55,1.57
-0.23464,-0.23464,0.03734,0.02904,1.2109,1.205
-0.34583,-0.51781,0.0,-0.00164,0.5379,0.5488
-0.24873,-0.33333,0.00667,0.01351,1.49,1.5
-0.17399,-0.44932,0.04036,-0.08793,1.12,1.115
-0.1383,-0.22115,-0.00324,-0.01975,2.77,2.779
-0.76884,-0.82409,0.00655,0.00078,0.6399,0.6408
-0.24032,-0.86852,0.02587,-0.0631,0.46,0.4484
-0.41094,-0.48461,0.01323,-0.065,0.3402,0.3553
-0.1823,-0.60396,0.03401,-0.02329,0.2932,0.2852
-0.43454,-0.74441,0.07204,-0.02497,2.009,1.874
-0.13975,-0.13975,0.01124,-0.0361,2.7,2.67
-0.1602,-0.19177,0.0,-0.00926,2.13,2.13
-0.26351,-0.59023,0.02752,0.0,1.12,1.09
-0.2125,-0.68026,0.00833,0.00247,0.8597,0.8526
-0.27273,-0.41748,0.00016,0.01667,1.2202,1.22
-0.24814,-0.24814,-0.00658,0.0033,3.02,3.04
-0.30095,-0.47094,0.00985,-0.04789,2.03,2.03
-0.28878,-0.48344,-0.00362,-0.00923,2.31,2.3184
-0.90108,-0.90108,0.04258,0.02732,3.7,3.76
-0.25776,-0.91595,0.0,-0.00643,3.07,3.09
-0.20712,-0.93378,0.01646,-0.00816,2.47,2.43
-0.18995,-0.95271,-0.0084,0.02017,1.76,1.785
-0.26563,-0.26563,0.01047,0.01596,1.86,1.91
-0.26756,-0.26756,0.00418,0.09132,2.4,2.39
-0.25528,-0.25528,0.03713,0.04124,4.19,4.04
-0.17831,-0.34549,0.0,-0.05279,3.0,3.23
-0.25625,-0.54319,0.01255,0.0042,2.42,2.39
-0.17007,-0.51587,0.00813,0.0082,1.24,1.23
-0.18927,-0.6647,0.0327,-0.0498,0.6883,0.685
-0.22625,-0.78117,0.00111,0.04085,0.447,0.451
-0.00969,-0.59671,0.01852,-0.18956,0.5,0.4968
-0.13423,-0.72461,0.02639,-0.02246,0.42,0.4092
-0.325,-0.4,0.01124,0.09265,1.74,1.7701
-0.21405,-0.21405,-0.00415,0.02553,2.22,2.41
-0.24457,-0.53512,0.00353,0.01799,1.42,1.415
-0.19523,-0.67836,0.00011,-0.08495,0.88,0.88
-0.57049,-0.73712,0.04575,-0.02672,0.713,0.765
-0.21307,-0.40558,0.00358,0.00722,14.0,13.95
-0.17081,-0.27049,0.01873,0.0,13.6,13.35
-0.79409,-0.79446,0.01288,-0.01601,13.9,14.75
-0.1938,-0.21644,0.0,-0.00787,11.3499,11.35
-0.25324,-0.53902,0.002,0.08302,10.0,9.98
-0.15032,-0.46263,0.0019,-0.00189,10.57,10.55
-0.38584,-0.94171,0.01885,-0.00831,19.15,19.1
-0.27962,-0.97823,0.00997,0.05992,7.364,7.624
-0.17713,-0.96429,0.00595,-0.00339,11.76,11.76
-0.21508,-0.9724,0.00131,0.00262,7.5,7.64
-0.19994,-0.97113,0.01515,0.01095,6.7,6.6
-0.15663,-0.49029,-0.00503,-0.05238,1.98,1.99
-0.15714,-0.15714,0.04203,-0.03058,1.49,1.4299
-0.24354,-0.45479,0.0,0.00488,1.0,1.03
-0.27351,-0.33028,0.00091,0.00182,5.4505,5.495
-0.21233,-0.25325,0.02655,-0.01739,1.102,1.13
-0.22677,-0.32479,0.00473,-0.00814,0.9555,0.951
-0.20259,-0.42015,0.0,-0.03475,0.75,0.75
-0.10745,-0.29549,-0.00205,-0.05437,4.86,4.87
-0.25,-0.25,0.01667,-0.00917,3.294,3.24
-0.23264,-0.23264,0.01686,-0.07241,16.87,16.905
-0.28081,-0.48884,0.025,-0.01153,12.05,12.0
-0.37092,-0.67579,0.16015,0.02987,9.0116,7.93
-0.16302,-0.64547,0.00359,-0.00713,8.39,8.36
-0.15947,-0.81137,0.00667,0.00446,4.53,4.5
-0.18084,-0.6404,0.00671,-0.01812,5.9,5.96
-0.12114,-0.2358,0.19983,-0.10781,0.62,0.6
-0.23784,-0.25,-0.02721,0.04255,2.86,2.94
-0.19643,-0.37063,0.00694,-0.2,1.45,1.44
-0.38235,-0.41814,0.0,-0.01299,2.28,2.28
-0.27079,-0.27079,0.0,0.04111,7.85,7.85
-0.18981,-0.38491,-0.01408,0.00472,6.3,6.39
-0.25556,-0.54642,0.00231,-0.07889,4.05,4.32
-0.1486,-0.40613,0.00223,-0.01427,4.45,4.49
-0.13942,-0.29712,0.00193,-0.03352,2.6,2.595
-0.15737,-0.19612,0.00118,-0.04767,8.5,8.49
-0.19101,-0.32898,0.00141,-0.01181,14.25,14.23
-0.28441,-0.55479,0.0,-0.0074,7.38,7.38
-0.1623,-0.34487,0.03288,0.01174,2.59,2.585
-0.15644,-0.36636,-0.00557,-0.02,2.68,2.695
-0.19635,-0.24786,0.00146,-0.02841,3.425,3.42
-0.18102,-0.40064,0.0,0.01604,2.85,2.85
-0.18269,-0.34109,0.0,0.02353,1.74,1.74
-0.28367,-0.28367,0.00559,0.074,2.68,2.685
-0.18475,-0.23236,0.01109,0.0,3.14,3.155
-0.249,-0.48655,0.02775,0.00934,2.17,2.13
-0.1609,-0.54779,0.0,0.01151,1.8798,1.88
-0.22638,-0.28675,0.0,0.0229,4.02,4.02
-0.13235,-0.18558,0.00289,-0.02354,5.2,5.185
-0.14962,-0.32275,0.0,-0.00354,11.27,11.27
-0.14734,-0.20053,0.00113,-0.01338,4.41,4.425
-0.24034,-0.60764,0.02953,-0.02197,15.75,15.58
-0.46535,-0.66186,0.03371,-0.05086,11.8,11.57
-0.21485,-0.46758,0.00358,-0.00072,13.83,13.95
-0.14418,-0.27956,-0.0165,-0.02495,13.32,13.5434
-0.29458,-0.58143,-0.00336,0.10533,8.38,8.92
-0.13862,-0.92016,0.09286,-0.12949,11.71,11.63
-0.20716,-0.94674,0.01423,-0.02968,7.627,7.52
-0.23082,-0.95997,0.01391,0.01167,5.855,5.893
-0.23782,-0.97057,0.00027,-0.01154,2.5807,2.6293
-0.21678,-0.85211,0.0087,0.02679,1.16,1.15
-0.38267,-0.85754,0.05635,0.00756,0.6859,0.6531
-0.36538,-0.47354,0.00522,-0.00887,6.71,6.705
-0.40054,-0.55029,0.00607,-0.00239,5.78,5.765
-0.18805,-0.22123,0.00438,0.03166,17.09,17.105
-0.35774,-0.38744,0.00023,0.01029,13.1994,13.25
-0.16585,-0.41126,0.0238,0.01069,19.36,18.91
-0.19737,-0.19737,0.0,0.0,0.61,0.61
-0.19954,-0.81192,0.01158,-0.00432,13.81,13.82
-0.28349,-0.44355,-0.00484,-0.0113,6.789,6.822
-0.22919,-0.63145,0.02064,-0.03111,4.45,4.36
-0.18374,-0.45909,0.00101,0.00208,4.97,4.965
-0.19079,-0.40992,-0.00063,-0.00253,15.77,15.78
-0.20857,-0.24253,0.00074,-0.02904,13.29,13.54
-0.19473,-0.22874,0.0,-0.01217,12.8936,12.99
-0.15482,-0.55681,0.00105,-0.01297,4.76,4.755
-0.384,-0.54803,0.00031,0.00715,16.21,16.205
-0.38233,-0.52467,0.0,0.00633,7.9,7.95
-0.12671,-0.30328,0.00176,-0.02133,1.23,1.2478
-0.1348,-0.1348,0.03931,-0.07885,5.99,5.81
-0.18471,-0.34911,0.01461,0.00948,4.857,4.79
-0.13596,-0.33745,0.00106,-0.02588,4.6987,4.705
-0.33511,-0.41899,0.01835,-0.00343,4.41,4.36
-0.16573,-0.40837,0.00775,0.01347,4.5038,4.515
-0.15621,-0.26168,-0.00162,-0.02057,6.18,6.19
-0.17371,-0.29676,0.00867,0.01922,0.535,0.5304
-0.23651,-0.32422,0.0465,-0.04538,0.2777,0.2903
-0.23043,-0.23043,0.0,0.01525,0.3299,0.3594
-0.13641,-0.26667,-0.02935,0.00682,0.43,0.443
-0.13433,-0.51667,0.0168,-0.03517,0.2845,0.2798
-0.11259,-0.23387,-0.01999,-0.04389,0.5295,0.5403
-0.15044,-0.44414,-0.00843,-0.01585,0.4001,0.4035
-0.14865,-0.15436,-0.01587,0.0,1.24,1.26
-0.22532,-0.3553,0.01476,0.01562,0.99,0.9756
-0.14428,-0.16606,0.03883,-0.00799,7.09,6.825
-0.24411,-0.33939,0.1273,0.12294,6.03,6.12
-0.27835,-0.27835,0.00835,-0.08194,8.93,9.58
-0.15155,-0.43818,0.00064,-0.03679,7.83,7.825
-0.2035,-0.30705,0.03365,-0.0509,9.83,9.51
-0.13282,-0.45367,0.0285,-0.02278,7.9,7.72
-0.91642,-0.91642,0.14535,0.01775,1.64,1.72
-0.10526,-0.16393,0.0001,-0.06461,0.954,0.9541
-0.08865,-0.08865,0.01607,-0.08106,4.1,4.045
-0.27083,-0.27083,-0.00327,-0.0797,6.1,6.12
-0.218,-0.218,0.25526,-0.02813,4.5,3.8
-0.15534,-0.15534,-0.01848,-0.0046,4.25,4.33
-0.87203,-0.87203,0.03668,-0.00093,1.36,1.3987
-0.18841,-0.61003,0.02393,-0.04779,2.73,2.6662
-0.22179,-0.72145,0.01241,0.0075,1.98,2.015
-0.17067,-0.56685,0.00165,-0.02412,3.04,3.035
-0.20555,-0.47186,0.02604,0.02405,3.94,3.84
-0.21535,-0.57512,0.00338,0.01408,2.95,2.96
-0.25293,-0.641,0.00629,-0.00546,2.34,2.385
-0.18519,-0.66295,0.02929,-0.0124,2.45,2.39
-0.20499,-0.24277,0.01687,-0.03135,3.6086,3.5501
-0.16436,-0.23333,0.00618,-0.00828,2.381,2.395
-0.3826,-0.7623,-0.00262,-0.35844,0.1521,0.1525
-0.13615,-0.59015,0.0,-0.02939,1.09,1.09
-0.14779,-0.24718,-0.00089,-0.00704,11.25,11.28
-0.25244,-0.25244,0.0,0.04731,3.13,3.21
-0.38167,-0.4576,0.0026,0.03774,1.9,1.925
-0.19849,-0.19849,0.0031,0.01254,1.61,1.615
-0.14886,-0.18792,-0.00305,-0.02439,3.27,3.28
-0.17615,-0.27191,0.003,0.00298,3.34,3.33
-0.44725,-0.48172,0.08696,-0.14108,2.2298,2.07
-0.17476,-0.63441,0.01205,-0.02353,1.68,1.66
-0.15044,-0.32394,-0.03093,0.01042,1.88,1.94
-0.15922,-0.40278,0.00671,-0.00997,1.4999,1.49
-0.16458,-0.58229,-0.00051,-0.01845,0.5901,0.5904
-0.16133,-0.83269,0.09755,-0.01657,0.2073,0.1958
-0.15518,-0.87632,0.07853,-0.0156,0.1378,0.1388
-0.37554,-0.79115,0.00904,0.00642,0.1848,0.1881
-0.1625,-0.75423,0.00142,-0.00047,0.2022,0.2107
-0.14793,-0.14793,0.09615,-0.02002,0.4311,0.416
-0.16719,-0.16719,0.17979,-0.01883,0.6437,0.5679
-0.24913,-0.36076,0.01613,-0.07628,0.6205,0.62
-0.28823,-0.57971,0.02273,-0.00295,0.4497,0.44
-0.19952,-0.55219,0.03183,-0.00447,0.4765,0.4681
-0.15976,-0.56171,0.01954,-0.02151,0.45,0.4503
-0.1563,-0.66533,0.05282,-0.03017,0.3473,0.3408
-0.2716,-0.63705,0.01399,-0.00604,0.377,0.3788
-0.14916,-0.35281,0.0029,-0.03818,0.3407,0.3451
-0.26306,-0.31542,0.0,-0.00253,3.94,3.94
-0.20737,-0.35821,0.00568,0.02326,1.75,1.76
-0.07273,-0.6194,0.00971,-0.09088,0.9363,0.9273
-0.10069,-0.43202,0.05556,-0.02703,1.26,1.26
-0.1261,-0.3993,0.00321,-0.03073,12.3608,12.46
-0.59178,-0.73511,0.04895,-0.04027,2.9,2.86
-0.33566,-0.83111,0.48718,0.02632,2.38,1.95
-0.23538,-0.54667,0.00029,0.01147,5.04,5.1585
-0.26163,-0.66133,0.01328,0.01625,3.9,3.8719
-0.14767,-0.23488,-0.00154,-0.01064,3.2408,3.255
-0.16787,-0.46395,0.0022,-0.01302,2.28,2.275
-0.12791,-0.56395,0.00826,-0.032,1.83,1.815
-0.18098,-0.68953,0.00366,0.02247,1.36,1.365
-0.28468,-0.40854,0.01188,-0.03128,2.96,2.945
-0.18143,-0.18143,0.00251,0.02835,4.0,3.99
-0.16129,-0.39662,0.00352,-0.00699,2.84,2.84
-0.15136,-0.15347,0.01034,-0.01023,3.4,3.385
-0.28019,-0.28019,0.05506,-0.02356,3.04,2.9098
-0.15435,-0.29273,0.00136,-0.05527,3.5746,3.675
-0.17032,-0.23364,0.00705,0.00915,5.0,4.965
-0.48501,-0.54082,-0.00091,-0.02222,0.2198,0.22
-0.2024,-0.2024,0.02061,-0.00742,1.01,0.9896
-0.31572,-0.5209,-0.02557,-0.01865,2.91,3.089
-0.18151,-0.25305,-0.00268,0.01497,3.72,3.73
-0.17308,-0.30081,0.0,0.02326,0.22,0.22
-0.24797,-0.4127,-0.00402,0.04203,3.78,3.8555
-0.70028,-0.87691,0.08349,-0.05359,9.7298,9.2275
-0.14997,-0.87176,0.024,-0.01553,10.1,10.0
-0.14921,-0.7477,0.00655,-0.00676,19.9392,19.85
-0.15111,-0.39172,0.03098,-0.03665,18.3,18.4
-0.39719,-0.77,0.06617,0.00424,3.029,2.841
-0.19182,-0.71089,0.01212,0.02053,3.55,3.629
-0.24128,-0.72941,0.014,-0.00155,3.11,3.215
-0.1694,-0.77874,0.02755,-0.03494,2.458,2.541
-0.15573,-0.6011,0.0285,-0.03151,0.8233,0.8422
-0.35544,-0.79445,0.01548,-0.02235,0.42,0.42
-0.16867,-0.24672,0.02183,-0.00435,3.51,3.435
-0.16208,-0.20691,-0.00059,0.00836,16.88,16.89
-0.22793,-0.58222,-0.05405,0.08245,3.85,4.07
-0.31023,-0.84135,0.04835,0.01224,0.273,0.273
-0.52556,-0.75155,0.06762,-0.0165,0.39,0.3934
-0.24453,-0.8154,0.04458,0.03398,0.3099,0.3073
-0.30841,-0.6251,0.09109,-0.01751,0.46,0.449
-0.19094,-0.65554,0.00392,-0.02739,0.3965,0.4084
-0.09738,-0.63172,0.04566,-0.07601,0.3,0.2869
-0.19513,-0.51325,-0.02394,0.01045,0.1794,0.1838
-0.19002,-0.32821,0.00104,-0.0164,19.39,19.79
-0.08889,-0.1964,0.03684,-0.05426,0.64,0.76
-0.34742,-0.34742,0.0,0.0,1.3554,1.39
-0.14724,-0.34742,0.00966,-0.01734,1.35,1.3659
-0.22316,-0.57329,0.01087,0.01221,0.92,0.92
-0.20641,-0.65723,0.00014,0.00397,0.733,0.733
-0.21494,-0.69408,0.02456,0.01857,0.68,0.6637
-0.18646,-0.56663,0.0187,-0.05312,6.825,6.738
-0.22342,-0.70963,-0.02893,0.03529,4.7,4.84
-0.19149,-0.76398,0.00125,0.04868,3.99,3.985
-0.1752,-0.1752,-0.00385,-0.01258,12.94,12.99
-0.18952,-0.18952,0.00347,0.01704,17.37,17.31
-0.24831,-0.333,-0.00354,-0.01299,19.68,19.75
-0.16272,-0.42283,0.00521,-0.00318,17.35,17.26
-0.14027,-0.49333,0.00671,-0.01974,14.9,14.9
-0.16267,-0.28658,-0.00124,0.01199,8.04,8.05
-0.30189,-0.50224,0.01118,0.04775,5.88,5.815
-0.15902,-0.38634,0.01256,-0.02388,6.122,6.05
-0.16667,-0.46487,-0.00205,0.00256,1.951,1.955
-0.36061,-0.5155,0.00984,-0.0225,1.5,1.525
-0.16129,-0.51553,0.0,-0.00641,1.55,1.55
-0.05028,-0.71548,0.0585,-0.13529,14.25,14.7
-0.15739,-0.70431,0.08753,-0.00728,20.25,19.08
-0.42301,-0.57014,0.0492,-0.01047,6.135,5.955
-0.19105,-0.49986,0.00516,-0.01208,18.5,18.405
-0.13258,-0.13258,0.07878,-0.04063,4.916,4.557
0.02443,-0.24196,0.03037,-0.07179,3.6,3.853
-0.22942,-0.54364,0.02785,-0.08043,2.362,2.298
-0.11244,-0.63532,-0.02112,-0.02804,1.9,1.941
-0.20838,-0.24729,0.02713,-0.02069,5.162,5.16
-0.15929,-0.45186,0.01421,0.0086,3.81,3.87
-0.21639,-0.597,0.00849,0.00177,2.85,2.826
-0.23132,-0.69429,0.00249,-0.06308,2.01,2.005
-0.23941,-0.74357,0.00285,-0.02228,1.76,1.755
-0.20199,-0.64745,0.0041,0.01245,2.45,2.44
-0.25702,-0.33888,-0.00901,-0.00401,6.16,6.216
-0.15798,-0.35025,0.00966,-0.01429,10.45,10.35
-0.1581,-0.37168,0.00078,0.00078,6.4,6.395
-0.23302,-0.24547,0.00596,0.06204,8.11,8.39
-0.36493,-0.48806,0.00741,0.00746,5.39,5.4
-0.18367,-0.56044,0.07658,-0.0125,0.8505,0.79
-0.25737,-0.3436,0.0,-0.01805,13.5,13.6
-0.21533,-0.49052,0.00917,0.01395,10.9,10.9
-0.13699,-0.55213,0.02273,-0.06878,9.0,8.8
-0.47246,-0.70498,0.0,0.02811,6.4,6.4
-0.04571,-0.04571,-0.01338,-0.10479,14.75,14.95
-0.32484,-0.83403,0.00962,-0.01887,15.75,15.6
-0.32698,-0.88935,0.04386,0.07547,11.45,11.4
-0.09705,-0.88831,0.0099,-0.05607,10.2,10.1
-0.29532,-0.93711,0.02586,-0.03734,5.85,5.8
-0.15293,-0.94872,0.0373,-0.0287,4.95,4.772
-0.18905,-0.95979,0.03422,-0.02129,3.899,3.77
-0.09556,-0.97451,0.06164,-0.10319,2.255,2.19
-0.31803,-0.9786,0.01942,0.00488,2.07,2.06
-0.21429,-0.98278,0.01221,-0.01206,1.65,1.6301
-0.21746,-0.21746,0.0,0.01215,2.58,2.59
-0.53008,-0.53008,0.00639,0.1138,3.67,3.915
-0.2132,-0.58556,0.003,0.07419,3.2,3.33
-0.47897,-0.82543,0.02319,-0.0748,9.0,9.4
-0.44723,-0.90979,0.56371,-0.00308,7.41,5.18
-0.25253,-0.87153,0.02778,0.07027,7.798,7.92
-0.16585,-0.8794,0.00029,-0.00147,6.252,6.78
-0.17421,-0.91422,-0.00692,-0.0105,4.272,4.334
-0.29372,-0.64806,-0.00148,-0.06759,13.5,13.52
-0.31082,-0.56786,-0.02084,-0.02273,16.03,16.555
-0.31125,-0.54593,-0.07207,0.0,11.02,16.165
-0.56489,-0.79294,0.01193,0.30966,8.41,9.22
-0.30659,-0.79412,0.00276,0.03429,7.26,7.24
-0.22454,-0.74722,0.02466,0.00275,18.0,18.25
-0.30872,-0.77764,0.0,0.02124,15.9598,16.35
-0.36788,-0.84176,0.06667,-0.01639,12.7,12.0
-0.1066,-0.9063,0.04106,-0.05606,7.099,6.819
-0.1404,-0.21032,0.0979,-0.08917,5.67,5.465
-0.29387,-0.48853,0.02361,0.0223,3.896,3.896
-0.51223,-0.74581,0.01774,-0.01795,1.855,1.86
-0.18271,-0.48445,0.03036,-0.02242,3.016,3.096
-0.15548,-0.4838,0.00844,-0.00837,2.39,2.37
-0.24923,-0.64118,0.01692,-0.00113,0.9914,0.9749
-0.23673,-0.72004,0.04762,-0.0093,0.77,0.735
-0.2518,-0.79245,0.01695,-0.03455,0.54,0.531
-0.18191,-0.78774,0.00781,0.00926,0.516,0.512
-0.20162,-0.82232,-0.00098,0.00346,0.4061,0.4065
-0.27735,-0.87254,0.01782,-0.00198,0.257,0.2525
-0.26178,-0.90032,0.01422,0.01878,0.1926,0.1899
-0.16235,-0.92385,0.04406,0.00421,0.1468,0.143
-0.48609,-0.92777,0.03828,-0.01005,0.1312,0.128
-0.31036,-0.60291,-0.00278,0.01525,17.5125,17.98
-0.16403,-0.24103,0.0,-0.02994,6.155,6.155
-0.23438,-0.38974,0.01297,-0.02821,8.08,8.095
-0.243,-0.5641,0.00704,-0.04538,5.69,5.68
-0.16095,-0.51113,0.01807,-0.01194,10.78,10.6365
-0.20279,-0.41722,0.01036,0.01224,11.58,11.58
-0.22606,-0.30268,0.01339,-0.02703,14.95,14.94
-0.33653,-0.33653,0.00501,0.00189,15.95,15.94
-0.16106,-0.16507,0.0,-0.01433,1.72,1.72
-0.1722,-0.65352,0.01592,-0.00373,10.64,10.68
-0.19315,-0.4815,0.01316,-0.03884,10.57,10.64
-0.16284,-0.43937,0.00405,-0.00323,8.68,8.645
-0.11644,-0.15132,0.01683,-0.08516,8.259,8.261
-0.18254,-0.30405,0.00971,0.0,7.14,7.21
-0.27749,-0.425,0.0,0.02899,9.94,9.94
-0.16653,-0.39226,0.05828,-0.05044,10.2,9.695
-0.19673,-0.48792,0.06612,-0.01546,8.33,8.47
-0.07553,-0.78435,0.02319,-0.17886,2.94,2.975
-0.18043,-0.47831,0.0,-0.01972,18.39,18.39
-0.17241,-0.45038,0.00707,-0.01806,14.06,14.14
-0.15197,-0.5229,0.00398,0.004,12.6,12.55
-0.13239,-0.16062,0.00503,-0.02652,9.558,9.544
-0.17315,-0.17513,0.0,-0.0091,6.825,6.825
-0.24206,-0.4,0.00862,0.02096,5.1591,5.115
-0.51389,-0.76744,0.0,0.09048,6.86,6.87
-0.19879,-0.79681,0.00719,0.01012,5.6,5.56
-0.07692,-0.30716,-0.00352,-0.05333,2.68,2.84
-0.21587,-0.30226,0.02193,0.00231,2.45,2.4757
-0.19383,-0.48305,-0.0087,0.01093,1.83,1.85
-0.14964,-0.19419,0.0,-0.02049,6.93,6.93
-0.15533,-0.37756,0.0,-0.03568,5.27,5.27
-0.35215,-0.35215,0.0373,0.04729,2.82,2.775
-0.14589,-0.2161,0.02547,-0.02378,9.16,9.03
-0.1283,-0.1283,0.03688,-0.03026,14.1,14.1
-0.17868,-0.17868,0.00811,-0.01596,18.58,18.5
-0.19029,-0.33727,0.0,-0.02571,14.7687,14.78
-0.4047,-0.4047,0.00288,0.01435,13.81,13.8401
-0.16176,-0.16176,0.00571,0.00506,14.95,14.895
-0.16616,-0.57293,0.01552,-0.01266,0.3009,0.2963
-0.16346,-0.28099,0.01714,0.00575,1.77,1.75
-0.16452,-0.46488,0.03557,-0.02317,1.27,1.265
-0.18866,-0.57421,0.04255,-0.08773,0.9338,0.94
-0.22263,-0.22263,0.01895,-0.01399,1.069,1.0501
-0.35526,-0.57101,0.02326,-0.02494,1.0998,1.075
-0.18033,-0.63024,0.0,-0.00454,3.99,3.99
-0.23846,-0.72034,0.00058,-0.02683,2.3399,2.4086
-0.38589,-0.82506,0.01351,0.0,1.4502,1.48
-0.19242,-0.5,0.01073,-0.01444,2.7593,2.73
-0.1875,-0.31579,0.00885,0.00296,1.6931,1.695
-0.83594,-0.84622,0.03289,-0.12139,14.8,15.2
-0.61311,-0.94756,0.06299,0.07627,6.2,6.35
-0.29726,-0.96346,0.0,-0.01168,4.05,4.063
-0.14543,-0.96924,0.0,-0.01271,3.416,3.417
-0.13669,-0.94667,0.02564,-0.025,6.0,5.85
-0.19885,-0.62926,0.01925,0.01349,3.6,3.532
-0.29292,-0.29292,0.02166,-0.00767,4.689,4.659
-0.15701,-0.40965,0.0166,-0.00125,3.9001,3.915
-0.15543,-0.47349,0.00879,-0.01215,2.87,2.845
-0.16489,-0.19211,0.00956,-0.00106,4.7413,4.705
-0.21099,-0.47647,0.00227,-0.00899,2.2,2.205
-0.17584,-0.44925,0.01316,0.01503,15.4,15.2
-0.25553,-0.42036,0.00821,0.03448,9.74,9.75
-0.1394,-0.32275,0.00523,-0.02131,11.4,11.48
-0.13311,-0.14373,0.01043,-0.03155,11.63,11.51
-0.16746,-0.1924,-0.00118,-0.00739,3.475,3.4791
-0.25139,-0.55249,0.0038,-0.02593,3.96,3.945
-0.27953,-0.27953,0.0049,-0.00649,6.15,6.12
-0.06459,-0.50877,0.08503,-0.16667,3.48,3.5
-0.22157,-0.68772,0.00385,-0.02622,2.6,2.6
-0.13984,-0.74547,0.01444,-0.00744,2.1912,2.16
-0.27286,-0.82736,0.0,0.00942,1.46,1.49
-0.21429,-0.81988,0.02581,0.00649,1.54,1.55
-0.14583,-0.8971,-0.00207,-0.01,0.8692,0.871
-0.2141,-0.90993,0.01007,0.03168,0.8025,0.7945
-0.13122,-0.14729,0.04,-0.03176,6.23,6.25
-0.17797,-0.29524,0.00935,0.00281,5.4,5.35
-0.1507,-0.18053,0.00113,-0.00113,13.21,13.285
-0.1609,-0.35714,0.00278,0.01078,10.8,10.78
-0.15617,-0.34574,0.00096,-0.00335,10.35,10.42
-0.17699,-0.17699,0.00561,-0.00023,5.4,5.5787
-0.19172,-0.61136,0.0221,-0.02467,2.6,2.57
-0.2454,-0.59804,0.041,-0.02439,5.85,6.0
-0.22743,-0.84766,0.02454,0.00468,1.62,1.63
-0.35063,-0.85029,0.01809,0.02626,0.7448,0.7464
-0.24674,-0.32068,0.00374,-0.00957,16.1,16.04
-0.17009,-0.17009,0.00078,-0.00387,12.89,12.88
-0.1457,-0.82591,0.07874,-0.0155,15.48,15.24
-0.43894,-0.5722,0.00541,0.03933,5.359,5.549
-0.09233,-0.707,0.07847,-0.16059,2.941,2.88
-0.29958,-0.5448,0.03591,-0.00908,1.321,1.309
-0.22034,-0.64174,0.05034,-0.05,0.9,0.874
-0.19932,-0.725,0.00257,-0.00878,0.6949,0.7
-0.15967,-0.15967,0.00089,0.00535,5.64,5.635
-0.19271,-0.30285,-0.00213,0.0086,4.68,4.69
-0.18804,-0.23697,0.01033,0.03308,4.85,4.84
-0.20599,-0.27724,0.00331,0.00554,4.53,4.535
-0.25758,-0.25758,0.00114,0.00855,4.58,4.575
-0.27828,-0.33411,0.00877,-0.04407,6.8006,6.8301
-0.16915,-0.16915,0.00463,0.01791,10.85,10.8
-0.26958,-0.32492,0.0,0.0798,4.33,4.33
-0.17355,-0.42418,-0.00666,0.00167,5.97,6.01
-0.12559,-0.46545,0.00376,-0.04488,5.34,5.32
-0.19101,-0.328,-0.00394,0.00595,5.05,5.07
-0.29691,-0.49779,3e-05,0.0029,3.4181,3.4199
-0.16226,-0.31692,0.0,0.01351,2.25,2.25
-0.16174,-0.37646,0.00052,-0.00259,19.24,19.23
-0.23323,-0.23323,0.06053,-0.04489,0.743,0.7021
-0.26733,-0.74796,0.02046,0.03158,6.633,6.5
-0.1932,-0.49018,0.03746,-0.16486,6.861,6.94
-0.1762,-0.65714,0.02041,-0.04722,3.3,3.43
-0.20398,-0.69524,0.00309,0.0125,3.25,3.24
-0.17786,-0.55587,0.0052,-0.00142,18.63,18.5337
-0.21193,-0.59457,-0.00652,0.02677,15.24,15.34
-0.29887,-0.41028,0.01311,-0.01747,10.6,10.65
-0.15166,-0.29946,-0.00071,-0.00142,14.01,14.02
-0.1597,-0.20789,0.03636,-0.00452,2.18,2.2
-0.15536,-0.15536,0.00219,-0.03594,4.57,4.56
-0.16617,-0.26593,0.0,-0.03668,3.91,3.96
-0.37143,-0.45,0.04575,-0.00649,3.1,3.06
-0.42327,-0.43171,0.04681,0.00858,1.18,1.175
-0.2822,-0.5378,0.01031,0.00285,0.9576,0.9502
-0.16912,-0.50217,0.01211,-0.00253,0.7103,0.7101
-0.30415,-0.30415,6e-05,0.03539,1.6,1.6499
-0.16137,-0.26832,0.0057,-0.02891,3.5201,3.51
-0.17068,-0.5333,0.00621,0.0128,2.34,2.335
-0.1537,-0.53745,0.01545,-0.00875,2.2998,2.265
-0.18411,-0.26639,0.00924,-0.00802,4.33,4.33
-0.23784,-0.25014,-0.00212,0.08762,14.12,14.15
-0.15297,-0.31066,-0.00127,-0.01547,11.76,11.775
-0.19611,-0.29906,0.00715,-0.00332,6.5928,6.546
-0.20364,-0.416,0.0321,-0.07534,11.25,12.15
-0.40199,-0.66671,0.05821,-0.0172,7.796,7.37
-0.13618,-0.13618,-0.0185,-0.00873,6.525,6.81
-0.26194,-0.3689,0.00014,0.12639,7.097,7.103
-0.25327,-0.42232,0.00317,-0.01078,5.7281,5.71
-0.22484,-0.53169,-0.0044,0.03633,3.735,3.7515
-0.28864,-0.28864,0.01754,0.01109,4.5001,4.56
-0.17755,-0.50315,0.06962,0.00317,3.38,3.16
-0.22385,-0.23508,0.02098,0.01418,4.38,4.29
-0.19717,-0.40477,0.00455,0.00103,3.31,3.295
-0.19196,-0.6347,0.0198,-5e-05,2.06,2.02
-0.16698,-0.16698,-0.00226,-0.00569,4.32,4.3899
-0.16152,-0.16152,0.00658,-0.01299,4.59,4.56
-0.16149,-0.39737,0.0423,-0.00316,3.3,3.31
-0.17349,-0.3775,0.04768,-0.03994,3.45,3.293
-0.91281,-0.91281,0.01778,0.01124,4.34,4.5
-0.16223,-0.86442,0.00437,-0.00867,6.88,6.86
-0.1351,-0.87833,0.02024,-0.04509,6.04,5.93
-0.26547,-0.30775,0.00111,-0.00554,8.98,8.97
-0.22313,-0.40836,0.00303,-0.00752,3.255,3.3
-0.35499,-0.35499,0.00216,0.01168,13.43,13.86
-0.1503,-0.40113,0.00598,-0.01454,12.51,12.535
-0.18419,-0.44115,0.00587,0.00505,12.0,11.93
-0.14835,-0.60264,0.00723,-0.01658,8.3371,8.3
-0.17249,-0.40536,0.00096,-0.01878,10.46,10.45
-0.16536,-0.53444,0.00061,-0.02316,8.15,8.145
-0.20104,-0.65606,0.00332,-0.0211,6.05,6.03
-0.14951,-0.65967,0.0,-0.00913,4.34,4.34
-0.32997,-0.54643,-0.00238,-0.01596,4.19,4.2
-0.15057,-0.20053,-0.00339,-0.01338,1.47,1.475
-0.80897,-0.89906,0.22772,0.15945,11.5,10.1
-0.17935,-0.82503,0.0062,-0.03907,14.5,14.51
-0.55332,-0.55332,0.00358,0.02479,5.37,5.58
-0.15632,-0.72316,-0.00294,0.0075,3.39,3.4
-0.13977,-0.56598,0.01254,-0.04719,16.04,15.95
-0.73805,-0.98206,0.13539,0.0525,12.0,12.63
-0.29078,-0.98655,0.0604,-0.00667,8.97,8.94
-0.22868,-0.99066,0.03,0.00503,6.15,6.0
-0.175,-0.99199,0.07784,0.01212,5.28,5.01
-0.20118,-0.99332,0.00714,0.03704,3.87,4.2
-0.22588,-0.9825,0.03395,-0.0152,9.87,9.72
-0.1358,-0.98511,0.05725,-0.06429,7.8,7.86
-0.26712,-0.95879,0.01422,-0.01402,6.39,6.33
-0.16409,-0.16409,0.00539,0.01719,13.7035,13.63
-0.14739,-0.71998,-0.0177,-0.01094,2.22,2.26
-0.27027,-0.67301,0.0107,-0.01058,1.89,1.87
-0.16908,-0.59145,0.01205,-0.03488,1.67,1.66
-0.1369,-0.64109,0.00704,-0.02069,1.42,1.42
-0.59579,-0.59579,0.01047,-0.00521,15.28,15.28
-0.14257,-0.49404,0.01023,-0.03372,3.204,3.324
-0.1855,-0.6969,0.00592,-0.01664,1.7,1.69
-0.29355,-0.42901,0.09741,0.0,2.481,2.433
-0.2928,-0.2928,0.04063,-0.01953,3.826,3.815
-0.19393,-0.47419,0.02859,0.01555,3.022,2.938
-0.3774,-0.49836,0.03223,0.00036,2.72,2.761
-0.1716,-0.49109,-0.01389,0.02857,2.84,2.88
-0.16135,-0.22597,-0.01182,-0.04465,9.0,9.31
-0.19245,-0.37013,0.0138,0.00503,8.08,7.97
-0.1721,-0.53574,-0.0058,0.03251,6.0,6.035
-0.23037,-0.88324,0.0,0.0,1.45,1.47
-0.19357,-0.76492,0.00843,0.00182,2.92,2.965
-0.19924,-0.83209,0.01896,-0.00189,2.15,2.11
-0.19326,-0.27432,0.03088,0.03187,4.75,4.695
-0.18723,-0.39075,0.01298,0.00262,3.85,3.83
-0.23178,-0.5328,0.02206,0.03226,2.77,2.72
-0.22756,-0.61502,0.0,-0.0083,1.195,1.195
-0.5735,-0.5735,0.08818,0.13404,4.7,5.33
-0.47759,-0.72505,6.32063,0.0396,19.3,3.15
-0.28571,-0.42377,0.01109,-0.0063,6.0,6.31
-0.19516,-0.57713,0.00222,-0.03219,4.4432,4.51
-0.20367,-0.56715,0.01289,-0.02411,4.715,4.655
-0.21264,-0.76884,-0.00474,0.02676,2.09,2.11
-0.20331,-0.47913,0.00298,-0.00297,3.37,3.36
-0.227,-0.59737,0.0058,-0.00768,2.6,2.585
-0.14712,-0.33608,0.0,-0.00676,4.405,4.405
-0.19877,-0.2471,0.00775,-0.00616,3.2499,3.225
-0.15239,-0.15239,0.01574,0.0,6.09,6.035
-0.2027,-0.2027,0.0215,-0.0059,6.89,6.745
-0.09945,-0.09945,0.07603,-0.0708,0.651,0.605
-0.05189,-0.44167,0.198,-0.10448,0.5391,0.45
-0.09907,-0.31389,-0.02482,-0.08664,0.55,0.564
-0.19595,-0.81478,-0.03464,0.0028,0.1728,0.179
-0.3066,-0.76231,0.03128,0.00049,6.263,6.107
-0.16391,-0.16391,0.00382,0.03564,5.2373,5.23
-0.33533,-0.60048,0.01339,0.003,2.27,2.24
-0.26364,-0.26364,0.0098,0.00741,4.05,4.08
-0.19259,-0.79356,-0.01809,0.00908,1.08,1.0999
-0.1489,-0.53527,-0.04196,-0.02316,1.31,1.43
-0.16456,-0.34225,-0.0234,-0.00169,2.02,2.0684
-0.21104,-0.21104,0.07396,-0.02399,2.35,2.2254
-0.1445,-0.35467,-0.02139,0.00268,1.83,1.87
-0.14934,-0.21816,-0.00977,-0.00853,0.76,0.7675
-0.26401,-0.26401,0.01351,0.02607,0.71,0.74
-0.24372,-0.36728,0.0,-0.01226,0.6123,0.6124
-0.45455,-0.45455,0.04654,-0.04978,8.826,8.552
-0.39179,-0.47821,0.05885,-0.00448,4.6801,4.42
-0.21614,-0.21614,0.00233,0.01775,4.31,4.3
-0.17905,-0.93159,0.02006,0.01218,17.7,17.45
-0.15164,-0.87238,0.00493,-0.01932,10.1,10.15
-0.13912,-0.59216,-0.00088,-0.02395,6.801,6.807
-0.16591,-0.41233,0.00907,-0.00362,5.56,5.51
-0.13596,-0.49292,0.01575,-0.03299,3.87,3.81
-0.34029,-0.63003,0.04149,-0.03851,7.0,6.99
-0.14431,-0.74028,0.00241,-0.01425,4.16,4.15
-0.17006,-0.61471,-0.00669,-0.0056,2.82,2.839
-0.15656,-0.27429,0.00724,-0.04806,3.34,3.316
-0.24,-0.525,0.01271,0.03509,2.39,2.36
-0.20921,-0.60625,0.00515,0.02646,1.95,1.94
-0.26081,-0.6458,0.01667,0.00832,1.18,1.2
-0.27778,-0.6131,-0.00763,0.00769,1.3,1.31
-0.19183,-0.3865,0.00583,-0.01999,0.7756,0.8237
-0.21124,-0.53803,0.01869,0.01469,0.65,0.6422
-0.22472,-0.5964,-0.02206,0.00747,0.5374,0.553
-0.18615,-0.35836,0.0,-0.05186,3.565,3.565
-0.20036,-0.48727,0.05039,-0.02433,2.27,2.1611
-0.17241,-0.66197,0.01724,-0.03333,1.18,1.16
-0.18405,-0.6989,0.0,-0.00833,1.05,1.06
-0.26199,-0.76173,0.07851,-0.0447,0.68,0.6305
-0.1876,-0.8557,0.01222,0.02402,0.4143,0.4093
-0.27146,-0.27146,0.04977,0.00445,1.11,1.105
-0.27027,-0.46358,0.02081,-0.05667,0.7699,0.7641
-0.12145,-0.55543,-0.00079,-0.05199,0.63,0.6364
-0.16269,-0.16269,0.02703,0.01003,2.9892,2.96
-0.15541,-0.46429,0.0303,-0.032,1.8409,1.815
-0.25393,-0.6776,0.0386,0.0,1.43,1.425
-0.20545,-0.69862,0.05568,-0.03649,0.8001,0.7579
-0.12658,-0.16867,0.00746,-0.02899,1.3497,1.34
-0.14845,-0.22727,0.0011,-0.02353,4.5424,4.565
-0.18139,-0.57107,0.00392,-0.01734,2.52,2.55
-0.21127,-0.37546,0.02381,0.0,1.72,1.68
-0.27586,-0.39306,0.00971,-0.01905,1.02,1.03
-0.33763,-0.51048,0.0031,0.06673,0.55,0.5483
-0.18787,-0.18787,0.00862,0.01301,1.16,1.16
-0.18234,-0.18234,0.02103,0.00042,4.08,4.09
-0.17224,-0.17224,0.00652,0.01694,7.5982,7.5508
-0.27758,-0.5344,0.00948,0.03941,2.13,2.11
-0.15192,-0.265,0.0,0.00227,1.09,1.105
-0.07569,-0.35607,-0.0111,-0.05777,0.895,0.9101
-0.42702,-0.85418,0.02337,-0.0119,2.89,2.824
-0.27098,-0.80637,-0.01608,0.02303,3.06,3.11
-0.32245,-0.73776,0.00625,-0.03614,1.55,1.6
-0.2246,-0.73636,0.02013,0.02759,1.52,1.49
-0.29,-0.79898,0.01942,-0.03286,1.04,1.03
-0.56667,-0.91535,0.00132,0.01115,0.4469,0.4535
-0.16379,-0.87817,0.01102,0.00142,0.3577,0.3538
-0.30969,-0.86821,0.01923,0.02476,0.3613,0.3849
-0.19628,-0.88937,0.00254,-0.00254,0.2364,0.3145
-0.1849,-0.90982,-0.01078,0.01089,0.2566,0.2598
-0.65354,-0.73861,0.00771,-0.03423,9.6,9.593
-0.15923,-0.71237,0.00363,0.00915,11.0,11.03
-0.15717,-0.59921,0.01131,-0.01313,15.2,15.03
-0.52062,-0.69714,0.02368,-0.07687,13.09,13.09
-0.1173,-0.74605,0.00998,-0.04794,11.33,11.32
-0.14422,-0.81546,0.01663,-0.02546,8.41,8.42
-0.1243,-0.79987,0.00348,-0.08004,8.45,8.62
-0.14739,-0.17273,0.00614,-0.02335,15.75,15.7632
-0.65234,-0.73783,0.0055,-0.03581,7.25,7.27
-0.16701,-0.71645,0.00362,0.01533,8.26,8.28
-0.16134,-0.60779,0.00723,-0.00718,11.28,11.199
-0.5204,-0.69637,0.02434,-0.07696,9.63,9.655
-0.12188,-0.74867,0.01759,-0.04773,8.34,8.245
-0.1407,-0.81741,0.00327,-0.02704,6.11,6.12
-0.12903,-0.80406,0.004,-0.07333,6.03,6.255
-0.14738,-0.17651,0.00556,-0.0229,11.32,11.305
-0.18602,-0.86965,0.00123,0.0303,15.8,16.32
-0.22468,-0.89607,0.00804,-0.01504,12.53,12.44
-0.14135,-0.83904,0.01812,-0.0409,18.8,18.76
-0.18509,-0.82147,0.00531,-0.03186,18.92,18.84
-0.32803,-0.88385,-0.00155,0.02212,12.68,12.94
-0.42098,-0.78338,0.02564,0.04,13.33,13.26
-0.16759,-0.71319,0.00197,0.014,15.04,15.21
-0.20295,-0.64686,0.00901,-0.02203,11.1,11.1
-0.41026,-0.79963,0.00296,0.04969,6.742,6.76
-0.17116,-0.75958,0.00662,-0.01789,6.038,6.04
-0.19536,-0.81001,0.00073,0.00955,4.91,4.9064
-0.17438,-0.31361,-0.00073,-0.02227,6.8,6.805
-0.6294,-0.64342,0.0037,0.03709,2.01,2.0524
-0.25733,-0.72434,-0.01911,0.02621,1.54,1.57
-0.87291,-0.8738,0.02083,7e-05,1.39,1.44
-0.2449,-0.90272,0.00901,0.0,1.11,1.11
-0.29473,-0.49632,0.01536,-0.01434,18.4,18.22
-0.24865,-0.33424,0.00206,-0.0041,19.4,19.44
-0.25,-0.38988,0.00403,0.00124,16.17,16.115
-0.17696,-0.44214,0.00891,-0.00632,11.89,11.785
-0.13761,-0.25,0.00348,-0.02215,8.57,8.61
-0.33478,-0.55,0.02531,0.06379,0.8344,0.8138
-0.15734,-0.35904,-0.00847,-0.02075,1.17,1.18
-0.15951,-0.26344,0.09091,0.00365,7.5,6.875
-0.3587,-0.62935,0.02963,0.02814,3.295,3.544
-0.18584,-0.21368,0.01886,0.00283,4.7,4.613
-0.32857,-0.32857,7e-05,-0.0508,2.9,2.8998
-0.32081,-0.80185,0.01731,-0.0442,17.95,17.969
-0.30653,-0.85002,0.01227,-0.02739,13.98,13.8402
-0.1828,-0.8808,0.0,-0.00707,11.1,11.23
-0.18611,-0.77827,0.0611,-0.04242,19.99,19.64
-0.30825,-0.7667,-0.0089,0.03626,8.3,8.43
-0.52738,-0.52738,0.05418,-0.06096,17.9,18.64
-0.17723,-0.87179,0.03119,0.01207,5.41,5.45
-0.17479,-0.89321,0.04125,0.0,4.475,4.485
-0.14739,-0.91048,-0.01855,0.01077,3.72,3.8005
-0.17021,-0.91663,0.01408,0.01379,3.6,3.55
-0.19635,-0.85633,0.0,0.01705,1.79,1.79
-0.27273,-0.89437,0.00826,0.00833,1.2,1.21
-0.28039,-0.30842,0.00084,-0.01781,11.81,11.86
-0.38205,-0.69416,0.01594,0.04149,2.5,2.51
-0.14603,-0.99017,0.10295,-0.00956,19.83,18.65
-0.18065,-0.99171,0.02102,-0.00718,15.54,15.22
-0.14129,-0.99011,0.04848,-0.01339,15.7,15.47
-0.17629,-0.98832,0.02178,0.00058,15.95,15.61
-0.35038,-0.45567,0.02004,-0.00633,11.2,10.98
-0.37662,-0.81084,0.0056,-0.00536,3.77,3.8194
-0.21687,-0.21687,0.03053,0.00769,15.84,15.72
-0.19381,-0.35894,0.01422,-0.00861,12.6,12.66
-0.54702,-0.54702,0.00338,0.14717,0.1486,0.1481
-0.16228,-0.3228,-0.00911,0.00919,5.37,5.49
-0.44424,-0.44424,0.0034,-0.06541,4.305,4.415
-0.15517,-0.42353,0.01103,-0.00082,4.755,4.896
-0.32026,-0.46207,0.01384,-0.07372,2.93,2.89
-0.17252,-0.24928,0.00257,0.00129,7.78,7.78
-0.22222,-0.22222,-0.00279,0.02286,3.56,3.58
-0.1763,-0.21846,0.0,-0.01754,4.2,4.2
-0.13927,-0.33037,0.01796,-0.01061,1.87,1.865
-0.24151,-0.24255,0.04163,-0.01846,16.89,16.215
-0.2115,-0.34676,0.00377,-0.00935,10.6,10.6
-0.22103,-0.4049,0.05485,0.01079,2.5,2.37
-0.16814,-0.23577,-0.02538,0.04787,1.92,1.97
-0.13099,-0.31313,0.03042,-0.03309,2.58,2.63
-0.15758,-0.38767,0.05263,-0.04317,1.4,1.33
-0.15003,-0.25079,0.0082,-0.0101,2.44,2.44
-0.1588,-0.60484,0.0202,0.0051,1.9698,1.97
-0.23148,-0.74899,0.00821,-0.01213,1.23,1.2299
-0.1875,-0.36667,0.00446,-0.0004,1.23,1.2345
-0.69223,-0.69223,0.0,-0.03352,0.4168,0.4209
-0.19933,-0.76184,-0.00442,0.00801,0.3371,0.3397
-0.34495,-0.65336,0.0072,0.01916,0.4999,0.4999
-0.13731,-0.13731,-0.00154,-0.02252,3.25,3.255
-0.19444,-0.39896,0.00417,0.03448,2.41,2.4
-0.10566,-0.30904,0.00223,-0.05274,2.25,2.245
-0.38333,-0.67257,0.00441,0.02252,1.1,1.135
-0.17808,-0.32075,0.00562,-0.01111,3.58,3.56
-0.08297,-0.08297,0.03316,-0.08247,5.5,5.73
-0.2691,-0.38179,-0.00248,-0.04038,3.91,4.04
-0.28536,-0.57709,0.00694,0.0,2.9,2.88
-0.26808,-0.26808,0.04225,-0.02995,7.1,7.1
-0.21151,-0.59393,0.01263,-0.0248,4.01,3.96
-0.13525,-0.6835,-0.00331,-0.04581,3.01,3.02
-0.23,-0.23,0.00049,-0.05197,3.6517,3.6499
-0.17969,-0.37,0.01923,-0.00952,3.18,3.12
-0.15647,-0.531,-0.00437,-0.02345,2.24,2.29
-0.27644,-0.27644,0.03268,-0.11525,1.5693,1.53
-0.40031,-0.49105,0.00137,0.00517,0.5705,0.5832
-0.2023,-0.59184,0.02626,-0.026,0.4599,0.4532
-0.4199,-0.58709,0.0,0.0,8.51,8.51
-0.38043,-0.64047,0.01165,-0.01552,7.2516,7.295
-0.284,-0.284,0.03761,0.00178,8.725,8.428
-0.16098,-0.34664,0.00194,0.00756,7.57,7.735
-0.26422,-0.70613,0.24566,-0.19838,3.182,2.768
-0.2636,-0.5976,0.02041,-0.0019,3.68,3.675
-0.32003,-0.72132,0.00039,0.00749,2.51,2.569
-0.19424,-0.77377,0.00474,0.01932,2.12,2.11
-0.19734,-0.20936,0.00962,-0.01468,2.1,2.08
-0.21759,-0.36704,0.01182,-0.02367,1.6695,1.65
-0.13202,-0.42135,0.04138,-0.06149,1.5,1.45
-0.17416,-0.44944,0.0,0.0,1.47,1.47
-0.21891,-0.21891,0.01102,0.01115,3.21,3.175
-0.15194,-0.55488,-0.01105,0.01151,1.79,1.81
-0.15671,-0.64338,0.01337,-0.00879,1.44,1.421
-0.25215,-0.82455,0.00681,-0.04296,0.6625,0.675
-0.19823,-0.84244,0.01992,-0.00931,0.625,0.6275
-0.27426,-0.6983,0.00572,0.06494,0.4418,0.4723
-0.20997,-0.71153,-0.00326,0.03226,0.2137,0.2144
-0.22577,-0.58614,0.02868,0.00447,0.2028,0.2022
-0.24549,-0.24549,-0.00621,-0.01348,0.3131,0.322
-0.3263,-0.43158,0.00248,-0.01423,0.2387,0.2424
-0.15966,-0.53768,0.0155,0.032,0.2096,0.2064
-0.13915,-0.51664,0.00386,-0.00956,0.2037,0.2071
-0.135,-0.24093,0.01997,-0.02627,0.1865,0.1853
-0.20944,-0.54402,0.00035,0.01144,14.14,14.145
-0.12003,-0.62089,0.01372,-0.07383,10.4501,10.4565
-0.31262,-0.75856,0.01192,0.00904,7.31,7.255
-0.20633,-0.80625,0.01951,0.02166,6.01,5.895
-0.28862,-0.85446,0.1074,0.0,4.45,4.19
-0.15605,-0.21078,0.01487,-0.00382,10.5,10.425
-0.53443,-0.78887,0.04886,-0.05393,3.09,3.07
-0.15574,-0.35961,-0.01327,-0.01587,10.41,10.55
-0.14481,-0.28889,0.00479,-0.01118,15.59,15.5257
-0.20775,-0.64075,0.02555,-0.02289,9.58,9.39
-0.26981,-0.70055,0.0,-0.00252,7.99,7.99
-0.21277,-0.76486,0.00784,0.01431,6.36,6.38
-0.1621,-0.72561,0.0027,0.00817,7.42,7.4
-0.28772,-0.55533,0.01432,-0.03009,8.45,8.38
-0.15422,-0.36567,0.00915,-0.02771,7.0854,7.105
-0.25783,-0.32353,0.05229,-0.04969,1.61,1.53
-0.14561,-0.14561,-0.00395,-0.02271,2.52,2.53
-0.28149,-0.46922,-0.00101,0.02965,19.6001,19.62
-0.15148,-0.54018,0.02372,0.0,8.1397,8.01
-0.46539,-0.75572,0.00642,0.06133,12.06,12.46
-0.25252,-0.25252,0.0,0.0,12.42,12.61
-0.21327,-0.6556,0.10315,-0.01549,5.775,5.72
-0.17008,-0.47652,0.0058,-0.00741,6.065,6.03
-0.23194,-0.30345,0.00387,-0.07178,3.7645,3.75
-0.16992,-0.404,0.00056,-0.00503,8.9,8.895
-0.17466,-0.17466,-0.00414,0.00207,14.43,14.49
-0.16744,-0.19531,-0.00826,0.00693,3.6,3.63
-0.11456,-0.11456,0.02822,-0.04492,10.61,10.63
-0.24498,-0.62846,-0.01667,-0.04255,1.77,1.8
-0.25,-0.52542,0.01826,0.04286,2.23,2.19
-0.22564,-0.50492,-0.00613,0.07947,1.62,1.63
-0.545,-0.688,0.01111,-0.01099,2.7,2.7
-0.26994,-0.864,0.03306,0.01681,1.23,1.21
-0.18858,-0.81082,0.02955,-0.00248,1.64,1.6512
-0.16536,-0.44236,0.05833,-0.0603,1.24,1.2
-0.0625,-0.41099,0.0,-0.00444,1.09,1.12
-0.30331,-0.49509,0.04418,-0.34865,0.341,0.3486
-0.16606,-0.38135,0.00898,0.00167,15.06,15.015
-0.29246,-0.55468,0.00268,0.01578,10.94,10.9603
-0.12446,-0.28073,-0.03183,-0.0189,11.56,11.94
-0.15668,-0.45922,1e-05,-0.01094,8.81,9.0499
-0.1768,-0.55969,-0.0028,-0.04027,7.11,7.15
-0.19035,-0.64303,-0.0099,0.00331,6.0,6.06
-0.29481,-0.67908,-0.01718,-0.03499,5.15,5.24
-0.19355,-0.61929,0.0,-0.04,0.72,0.72
-0.77065,-0.924,0.00398,-0.02807,4.89,5.02
-0.1275,-0.76394,-0.00069,-0.0255,14.5,14.52
-0.14861,-0.33155,0.00209,-0.02443,19.21,19.17
-0.16765,-0.4632,0.0,0.00444,15.7979,15.85
-0.13822,-0.69775,0.02235,-0.04333,8.69,8.5
-0.22581,-0.22581,-0.00668,-0.00167,16.8,17.97
-0.33565,-0.79008,0.05389,0.04768,2.454,2.505
-0.27951,-0.82708,0.04222,-0.00387,1.764,1.8
-0.15909,-0.83532,-0.00714,-0.05405,1.39,1.4
-0.15523,-0.86981,0.00423,-0.02991,1.1398,1.135
-0.17442,-0.62301,0.02447,-0.04069,3.14,3.065
-0.11429,-0.48548,0.07292,-0.06048,2.49,2.33
-0.18325,-0.52221,0.00694,-0.00203,2.12,2.16
-0.17318,-0.17318,0.01335,0.01216,7.57,7.49
-0.18629,-0.60223,-0.00285,-0.01404,3.5,3.51
-0.07899,-0.07899,-0.03968,-0.08029,4.83,5.04
-0.15534,-0.15534,0.0,-0.01665,8.09,8.09
-0.2267,-0.48403,0.02653,-0.01792,6.06,6.03
-0.16044,-0.17849,0.00787,-0.00521,3.83,3.8001
-0.37699,-0.37699,0.007,-0.02073,4.52,4.5879
-0.31288,-0.47644,0.01282,-0.00945,3.93,3.9
-0.80167,-0.82051,0.02419,0.04202,10.08,9.92
-0.40655,-0.88901,0.07037,-0.02242,5.56,5.755
-0.26536,-0.48941,-0.01639,0.02007,3.0,3.05
-0.21384,-0.35963,-0.00266,0.00267,3.75,3.76
-0.13289,-0.5543,-0.00397,-0.03448,2.46,2.52
-0.56921,-0.56921,0.05638,-0.00667,7.6,7.45
-0.29542,-0.69931,-0.00562,0.05079,5.42,5.5009
-0.1543,-0.76829,-0.00498,-0.00347,3.98,4.02
-0.14409,-0.25607,-0.0546,-0.12563,3.24,3.48
-0.5199,-0.54139,0.00387,0.06095,9.96,10.1109
-0.19668,-0.36192,0.00114,-0.02064,8.79,8.78
-0.28317,-0.52705,0.00142,0.05643,7.03,7.02
-0.12603,-0.20036,-0.00409,-0.03224,17.02,17.11
-0.17732,-0.56248,0.00149,0.00602,6.7,6.69
-0.25181,-0.44863,0.00169,0.01368,5.91,5.93
-0.37132,-0.49408,0.1105,0.02939,7.261,7.041
-0.30405,-0.39053,-0.00802,-0.0017,8.0,8.226
-0.43059,-0.48724,0.02538,-0.0199,1.9679,1.97
-0.20428,-0.27564,-0.00854,0.01381,0.4295,0.4332
-0.57316,-0.68431,0.04015,-0.01639,0.1349,0.132
-0.12414,-0.70534,0.01188,-0.04287,10.35,10.94
-0.28431,-0.77239,0.00752,-0.00623,4.02,3.99
-0.17658,-0.17658,0.00802,0.00115,8.8,8.73
-0.17701,-0.37955,0.03942,-0.0433,6.81,6.85
-0.17373,-0.35855,0.0,-0.00769,1.935,1.935
-0.22744,-0.28188,0.0591,-0.01168,2.15,2.115
-0.19266,-0.4094,0.00885,-0.03693,1.71,1.695
-0.26505,-0.26505,0.0116,-0.01934,4.36,4.31
-0.24905,-0.24905,0.00124,0.01202,8.02,8.0101
-0.19345,-0.43305,-0.00375,-0.01476,1.33,1.335
-0.31633,-0.47492,0.01475,0.01194,1.69,1.695
-0.19591,-0.32927,0.0219,-0.00364,1.4,1.37
-0.20103,-0.2439,-0.00322,0.00323,1.55,1.555
-0.26547,-0.6886,0.0927,-0.20085,0.3029,0.2837
-0.34118,-0.34118,0.0011,0.01116,8.9,9.06
-0.18131,-0.46544,0.01788,0.0,7.4,7.27
-0.19204,-0.49375,0.01262,-0.0216,3.21,3.17
-0.06941,-0.06941,0.02121,-0.0884,3.32,3.3
-0.13365,-0.13365,-0.01813,-0.01783,3.25,3.31
-0.16837,-0.3963,0.00649,-0.05521,1.55,1.54
-0.22475,-0.71521,0.00658,-0.00977,15.3,15.2
-0.16761,-0.54186,-0.00838,0.01015,5.92,5.97
-0.16188,-0.52444,0.04905,-0.04676,3.21,3.0599
-0.2408,-0.35069,0.00767,0.01917,13.1,13.0301
-0.14993,-0.27123,0.00041,-0.00202,12.3,12.335
-0.19725,-0.27686,-0.0113,0.01143,3.5,3.54
-0.21613,-0.56203,0.04183,0.00755,2.74,2.63
-0.25227,-0.25227,0.04641,0.0152,6.99,6.68
-0.20213,-0.5356,0.0163,-0.0226,1.46,1.4661
-0.16667,-0.3838,0.04205,-0.03794,0.85,0.8418
-0.22737,-0.32231,0.00866,-0.03347,6.99,6.93
-0.15667,-0.43669,0.0,0.00459,4.38,4.38
-0.15698,-0.32558,-0.00087,-0.00603,5.76,5.765
-0.2154,-0.3446,0.0,-0.01331,5.93,5.93
-0.36755,-0.78173,0.02345,0.01259,14.3101,14.07
-0.3272,-0.3272,0.00031,-0.0155,16.01,16.195
-0.34372,-0.34372,0.00165,0.02881,6.05,6.07
-0.35421,-0.3885,0.01876,0.00289,3.53,3.465
-0.18817,-0.28774,0.02717,0.03046,3.9957,3.89
-0.22875,-0.60577,0.02083,-0.06019,13.14,12.96
-0.20178,-0.61549,0.03152,0.01413,13.8,13.64
-0.15803,-0.76878,0.03202,-0.00371,8.172,8.058
-0.14223,-0.32284,0.04247,-0.01972,8.178,8.052
-0.36591,-0.36591,0.03226,-0.01976,7.32,7.44
-0.1371,-0.51729,0.01726,-0.03738,5.592,5.562
-0.63433,-0.83375,0.47253,-0.08543,2.13,1.82
-0.32143,-0.89683,-0.00735,0.10121,1.341,1.36
-0.18609,-0.81369,0.00862,0.04031,2.2703,2.32
-0.07756,-0.07756,-0.00836,-0.08599,14.23,14.35
-0.27048,-0.54493,0.00794,-0.0242,5.08,5.04
-0.115,-0.53216,0.02371,-0.12618,4.75,4.64
-0.17052,-0.49427,-0.0131,-0.00261,5.65,5.725
-0.16213,-0.37621,0.02346,-0.03672,6.98,6.82
-0.14832,-0.42673,0.00302,-0.14206,3.32,3.31
-0.08078,-0.25,0.03448,-0.07727,3.04,3.045
-0.25417,-0.25417,-0.00285,-0.01955,3.5,3.51
-0.24267,-0.51562,-0.01915,0.01075,2.305,2.35
-0.36603,-0.65198,0.00629,-0.04819,1.58,1.59
-0.35938,-0.35938,0.00427,0.0067,2.24,2.2701
-0.15215,-0.25484,0.00661,-0.013,3.81,3.795
-0.15669,-0.38476,0.00475,-0.04532,6.32,6.32
-0.28352,-0.28352,-0.00251,-0.04305,3.51,3.579
-0.19243,-0.52969,0.00604,0.01222,2.48,2.485
-0.17978,-0.30077,-0.0112,-0.02192,3.53,3.57
-0.24016,-0.56726,-0.00261,-0.00777,1.91,1.915
-0.19796,-0.30761,-0.0047,0.01592,6.35,6.38
-0.24426,-0.35233,0.00324,-0.0112,6.2,6.18
-0.2957,-0.46194,0.00404,0.00763,9.92,9.9
-0.2439,-0.68331,0.00087,0.03136,5.71,5.755
-0.25868,-0.44261,0.0,0.01603,16.48,16.48
-0.06528,-0.24096,0.0,-0.17143,2.61,2.61
-0.28414,-0.61706,-0.00292,0.07916,1.64,1.715
-0.28426,-0.58639,0.0494,0.00089,1.06,1.0101
-0.33962,-0.33962,0.09493,-0.08057,0.7001,0.6436
-0.16744,-0.25934,0.02027,-0.05108,0.7323,0.745
-0.27223,-0.373,0.0375,-0.01853,0.83,0.8
-0.16233,-0.25254,0.02066,-0.0387,0.89,0.9341
-0.60347,-0.60347,0.04473,-0.01806,0.9491,0.9189
-0.14767,-0.18966,0.00172,-0.11702,5.76,5.81
-0.278,-0.54741,0.00285,-0.0449,3.48,3.51
-0.3047,-0.68103,0.05357,-0.13514,2.26,2.24
-0.45531,-0.75985,0.02328,-0.01774,1.9101,1.9154
-0.67862,-0.67862,0.01961,-0.14407,2.453,2.55
-0.1358,-0.77346,0.01184,-0.00238,2.0799,2.095
-0.17708,-0.87217,0.0393,-0.03376,1.132,1.145
-0.18422,-0.36285,0.0,-0.03895,7.55,7.55
-0.20842,-0.20842,0.02498,0.0135,12.1,12.01
-0.23407,-0.29057,0.05879,-0.03697,16.7,16.67
-0.18342,-0.45082,0.02598,0.00522,13.76,13.47
-0.13481,-0.63123,-0.00045,-0.022,8.78,8.8
-0.18693,-0.22231,0.0059,-0.00061,9.88,9.824
-0.16816,-0.16816,0.00288,-0.03837,15.17,15.1264
-0.25346,-0.42111,0.02204,-0.02638,17.15,16.79
-0.16562,-0.45226,-0.00083,0.00083,11.99,12.0
-0.21448,-0.29639,0.00172,0.01692,8.73,8.715
-0.15921,-0.34661,0.0026,-0.00389,7.7,7.68
-0.1776,-0.32511,0.0915,0.01661,1.67,1.53
-0.20349,-0.38565,0.0,0.0292,1.41,1.41
-0.20571,-0.37668,0.0,0.05755,1.47,1.47
-0.15,-0.39013,0.03008,-0.02206,1.37,1.33
-0.14564,-0.48645,0.0,-0.06363,0.88,0.88
0.08383,-0.54417,0.06667,-0.24784,0.62,0.6
-0.15159,-0.64259,-0.02661,-0.00832,0.5451,0.56
-0.27332,-0.27332,0.00641,0.00023,8.4017,8.395
-0.25268,-0.45714,0.01272,0.00319,6.37,6.29
-0.16575,-0.60563,0.04916,0.00439,4.57,4.575
-0.21646,-0.66005,0.02024,-0.03891,1.25,1.235
-0.643,-0.6895,0.06344,-0.44012,14.4,16.55
-0.53264,-0.91458,0.02564,-0.04083,7.952,7.8
-0.25413,-0.93735,0.00402,0.00134,5.96,5.972
-0.27456,-0.93483,0.04308,-0.01225,6.388,6.128
-0.26238,-0.53321,0.22909,0.10738,3.392,3.3
-0.1841,-0.78677,-0.00251,0.02051,3.84,3.98
-0.07044,-0.81602,0.13793,-0.13819,2.95,2.9
-0.24919,-0.24919,0.04437,-0.04664,4.3002,4.395
-0.4635,-0.80037,-0.0097,0.02041,7.375,8.25
-0.25496,-0.85173,0.01753,0.09242,6.5,6.56
-0.21111,-0.80771,0.09769,-0.013,5.0,4.555
-0.31472,-0.75455,0.02218,-0.03981,5.0,5.185
-0.24228,-0.82159,0.02211,-0.02038,3.93,3.845
-0.20034,-0.86115,-0.00639,0.02465,3.0805,3.13
-0.16319,-0.29331,-0.00404,-0.00079,4.93,4.95
-0.17885,-0.36214,0.0384,0.02072,18.59,18.23
-0.14596,-0.35428,0.01515,-0.01439,18.09,17.82
-0.20815,-0.49661,-0.00143,-0.01029,13.93,13.95
-0.24506,-0.62442,0.00518,0.00939,10.67,10.615
-0.11074,-0.66875,0.00057,-0.06146,8.71,8.705
-0.16825,-0.54156,-0.01313,0.01718,5.25,5.33
-0.1499,-0.64523,0.00251,-0.01603,4.0,3.99
-0.15,-0.69858,0.00151,-0.02794,3.3,3.305
-0.17225,-0.34275,0.01698,-0.00758,5.99,5.89
-0.28227,-0.52391,-0.00099,-0.05538,4.03,4.034
-0.16384,-0.51708,0.0,0.01159,17.2,17.45
-0.21515,-0.72886,0.02292,-0.00878,9.8005,9.6
-0.36345,-0.4116,0.04315,-0.00043,0.7081,0.6999
-0.15829,-0.54607,0.00631,-0.01552,1.6,1.649
-0.13289,-0.39862,0.00794,-0.03448,1.2695,1.26
-0.11957,-0.27679,-0.00862,-0.04527,1.15,1.16
-0.26382,-0.80583,0.01064,0.00858,14.25,14.1
-0.17082,-0.67624,0.00225,-0.04721,6.675,6.66
-0.25996,-0.77586,-0.00216,0.11415,1.38,1.386
-0.19167,-0.463,-0.00361,-0.04811,2.71,2.77
-0.10601,-0.53312,-0.00791,0.0,2.51,2.53
-0.25098,-0.61179,-0.01053,-0.00524,1.88,1.9
-0.13824,-0.37393,-0.00858,-0.00512,2.8,2.915
-0.40758,-0.7837,0.04208,-0.17471,0.7333,0.7676
-0.18317,-0.85419,0.01538,0.03668,0.62,0.65
-0.19133,-0.19133,0.01727,0.00473,3.24,3.185
-0.23847,-0.40058,0.01032,0.0,7.3372,7.265
-0.22066,-0.50459,0.03111,-0.018,0.1856,0.18
-0.24889,-0.63459,-0.01522,0.02071,0.1345,0.138
-0.16665,-0.29693,-0.01671,0.0369,0.724,0.7363
-0.33333,-0.44414,0.01991,0.055,0.1076,0.1055
-0.18409,-0.22763,0.00073,-0.01187,13.74,13.73
-0.17148,-0.32991,0.0,0.01369,12.22,12.22
-0.15517,-0.33118,0.00215,-0.00215,9.31,9.29
-0.30552,-0.59052,0.01975,-0.06693,8.18,8.1
-0.33631,-0.59302,0.00022,0.0459,9.026,9.024
-0.19082,-0.21546,-0.01561,-0.04478,9.4501,9.6
-0.20869,-0.42011,0.0,0.00703,12.24,12.24
-0.25393,-0.25393,0.0,0.01053,1.44,1.44
-0.16667,-0.37173,0.0,-0.00833,1.19,1.19
-0.3,-0.52356,-0.01065,0.01121,0.9104,0.9202
-0.17879,-0.31681,0.00812,-0.00062,0.8004,0.8125
-0.15909,-0.28571,0.00546,-0.01081,1.84,1.83
-0.20962,-0.32386,0.00336,-0.00034,14.92,14.87
-0.43525,-0.88218,0.00629,0.01274,9.18,9.54
-0.14375,-0.81611,0.02967,-0.0365,7.92,7.92
-0.26885,-0.90103,-0.01438,0.06215,2.832,3.059
-0.1875,-0.87811,0.01798,-0.0145,2.487,2.447
-0.14375,-0.1517,0.15038,-0.04745,2.9675,2.61
-0.3064,-0.44698,0.01222,-0.00728,4.1,4.09
-0.16274,-0.75105,0.03662,0.0,1.84,1.775
-0.1478,-0.29793,0.00752,-0.01845,1.34,1.33
-0.28424,-0.37647,-0.00086,0.04762,11.65,11.66
-0.43593,-0.63874,0.01899,-0.04749,6.2413,6.125
-0.76713,-0.97764,0.07243,-0.01193,10.36,9.94
-0.42,-0.987,0.05298,0.04138,6.22,6.04
-0.40924,-0.99197,0.29231,0.08939,4.3,3.9
-0.5122,-0.99048,0.03553,-0.015,4.02,3.94
-0.31388,-0.99303,0.02436,0.002,2.78,2.75
-0.2429,-0.2429,0.05021,-0.00417,2.5,2.39
-0.19474,-0.51735,-0.00654,0.0,1.52,1.53
-0.23036,-0.5994,-0.00806,-0.02355,1.23,1.24
-0.37755,-0.37755,0.00406,-0.03005,3.25,3.55
-0.25843,-0.55102,0.01338,-0.00947,2.6,2.615
-0.2306,-0.2306,0.00947,-0.03222,3.35,3.3582
-0.23408,-0.49214,0.01157,-0.01385,6.12,6.05
-0.16185,-0.79907,0.00301,-0.00697,15.01,14.965
-0.26864,-0.73812,0.00323,0.11786,15.0,15.46
-0.17743,-0.56515,0.0,-0.01715,10.89,10.89
-0.16014,-0.61449,0.00275,-0.00412,7.27,7.26
-0.18189,-0.25538,-0.00203,-0.01994,9.81,9.83
-0.13271,-0.19545,0.00529,-0.00037,1.9,1.89
-0.20833,-0.20833,0.01661,-0.04962,2.57,2.528
-0.24653,-0.36735,0.00922,0.0,2.1005,2.17
-0.16461,-0.33443,0.0025,-0.01478,2.005,2.0
-0.30481,-0.55326,0.0,-0.03077,1.2029,1.26
-0.26494,-0.67947,0.04306,-0.08867,0.5789,0.555
-0.1726,-0.55427,0.01781,-0.00452,0.56,0.5502
-0.16478,-0.42245,0.01127,-0.03615,0.46,0.4612
-0.15,-0.58962,0.01913,-0.01588,0.341,0.3346
-0.27254,-0.70074,-0.00168,0.0,0.175,0.1783
-0.15546,-0.18293,0.00101,-0.01095,19.9,19.88
-0.18783,-0.28562,0.00284,-0.01217,10.58,10.55
-0.24302,-0.42827,0.0,0.0,6.775,6.775
-0.30972,-0.43069,0.01884,-0.02679,7.45,7.43
-0.19558,-0.49847,0.00102,-0.00203,4.91,4.905
-0.22672,-0.4284,0.0099,-0.01425,4.08,4.04
-0.41823,-0.4267,0.01394,-0.02794,5.78,5.74
-0.17636,-0.57379,0.03218,-0.00911,4.4676,4.35
-0.14281,-0.81194,-0.01047,-0.00526,1.89,1.91
-0.11452,-0.41957,0.16865,-0.04388,2.12,2.07
-0.16901,-0.22295,0.00245,0.00149,10.04,10.07
-0.3257,-0.43676,0.01538,0.01828,1.98,1.95
-0.4887,-0.63211,0.03763,0.02762,7.72,7.44
-0.18529,-0.6794,0.00529,-0.04477,5.242,5.292
-0.20968,-0.75439,0.00505,0.0102,3.98,3.96
-0.22955,-0.43406,-0.00809,0.0944,3.37,3.71
-0.09479,-0.50518,0.00571,-0.08377,1.75,1.75
-0.19312,-0.68941,0.03713,-0.03078,8.19,8.188
-0.2975,-0.81567,-0.00567,0.07045,5.002,5.288
-0.19627,-0.20822,0.0,0.00221,9.05,9.07
-0.2963,-0.32093,0.00054,-0.01128,9.21,9.205
-0.29552,-0.29552,-0.00994,0.17695,2.52,2.7776
-0.1769,-0.3194,0.03112,0.02193,2.35,2.33
-0.20323,-0.22979,0.01475,-0.00092,11.01,10.85
-0.19531,-0.19531,0.00172,-0.00343,8.7305,8.725
-0.21397,-0.45122,0.01571,0.06111,1.94,1.91
-0.23261,-0.31234,0.04753,0.00183,5.64,5.47
-0.16733,-0.47355,0.01439,-0.00239,4.23,4.17
-0.3177,-0.3177,0.0,0.0,6.4,6.4
-0.15898,-0.19325,0.01981,-0.01515,6.96,6.825
-0.82803,-0.97866,0.01092,0.12063,4.84,5.128
-0.21347,-0.97951,0.00174,0.04918,4.472,4.608
-0.1409,-0.97657,0.02913,-0.01592,4.96,4.944
-0.44842,-0.97466,0.0197,-0.02798,5.16,5.28
-0.18806,-0.9797,0.02783,-0.00919,4.312,4.312
-0.16141,-0.98313,0.00887,-0.00221,3.56,3.608
-0.1957,-0.98297,0.00275,-0.00589,3.64,3.63
-0.2027,-0.98899,0.02991,-0.00847,2.35,2.34
-0.33173,-0.99352,0.50419,-0.11518,1.5,1.2299
-0.24528,-0.63801,0.01438,0.0,16.0,16.0
-0.11709,-0.47358,0.03828,-0.04032,11.12,10.71
-0.20092,-0.45426,0.03414,0.01171,6.806,7.001
-0.16487,-0.67708,0.03947,-0.08473,2.164,2.128
-0.16803,-0.65709,0.0,-0.00985,2.01,2.01
-0.16687,-0.53377,0.02725,-0.01625,2.4052,2.385
-0.26503,-0.74135,0.0021,0.06097,1.4,1.427
-0.20805,-0.33708,0.00402,0.05508,1.23,1.245
-0.23611,-0.29936,-0.01333,0.02273,1.08,1.125
-0.10516,-0.37574,0.03043,-0.09401,0.711,0.69
-0.21465,-0.35245,0.00809,-0.02397,3.74,3.71
-0.16667,-0.33383,-0.00446,0.00674,2.23,2.24
-0.17113,-0.45492,0.0011,-0.00165,18.25,18.23
-0.22922,-0.22922,0.06189,0.00327,3.26,3.07
-0.46409,-0.61044,0.00526,-0.02062,1.91,1.9
-0.20886,-0.20886,0.01613,-0.008,1.2402,1.24
-0.11475,-0.11475,-0.00395,-0.06296,2.52,2.53
-0.17063,-0.31475,0.00236,0.01196,2.12,2.115
-0.162,-0.42864,-0.07402,0.03182,0.1201,0.1297
-0.20267,-0.25623,0.0,-0.00372,10.7,10.7
-0.18169,-0.39249,0.0057,-0.00622,8.95,8.9291
-0.22013,-0.51391,0.03419,0.04132,4.692,4.914
-0.26764,-0.37608,0.00542,0.00794,6.123,6.09
-0.27817,-0.52982,0.02427,0.00488,2.0,2.06
-0.1831,-0.37803,0.02165,-0.00431,2.3099,2.31
-0.29875,-0.50604,-0.05362,0.03527,0.754,0.8131
-0.20165,-0.23772,0.00135,-0.0451,3.71,3.705
-0.1686,-0.29764,0.00562,-0.0042,3.58,3.56
-0.19798,-0.35019,0.03687,-0.03484,6.75,6.51
-0.18094,-0.20312,-0.00642,0.0183,7.6002,7.79
-0.20515,-0.3724,-0.01058,0.01992,6.08,6.145
-0.16611,-0.17434,0.02381,0.00398,2.58,2.52
-0.18287,-0.3092,0.02571,-0.0085,3.59,3.5
-0.18996,-0.26389,0.03232,0.0009,5.75,5.57
-0.26716,-0.27976,0.0183,0.00331,5.47,5.463
-0.21357,-0.21357,-0.00065,0.03525,15.41,15.42
-0.37357,-0.44693,0.0,-0.00381,6.54,6.54
-0.19555,-0.37098,0.0,0.00867,12.22,12.22
-0.15772,-0.29967,-0.00315,0.01195,6.33,6.35
-0.15673,-0.26758,0.0,-0.00965,3.09,3.09
-0.26938,-0.30735,0.0235,-0.00906,3.83,3.83
-0.77029,-0.82493,0.11765,0.0163,1.83,1.87
-0.37083,-0.71265,0.04381,-0.01659,3.0,2.9699
-0.20819,-0.77926,0.00866,-0.00431,2.28,2.31
-0.11704,-0.83844,0.00621,-0.03523,1.61,1.61
-0.28587,-0.44261,0.00406,-0.00954,9.9,9.86
-0.2891,-0.2891,0.05195,0.033,3.26,3.099
-0.13,-0.38152,0.0,-0.03831,2.51,2.51
-0.19802,-0.2199,0.00251,-0.00297,4.0,3.99
-0.21562,-0.47046,0.06676,-0.0439,1.28,1.1999
-0.26293,-0.42424,0.00301,-0.02924,3.33,3.32
-0.3599,-0.50722,0.01205,0.00258,1.25,1.245
-0.13611,-0.23881,0.01794,-0.017,1.05,1.07
-0.44875,-0.70849,0.0491,0.05363,0.3812,0.387
-0.33884,-0.33884,-0.001,0.0,10.0,10.01
-0.45777,-0.45777,0.0,-0.0005,10.0,10.01
-0.1833,-0.1833,-0.00846,-0.00316,4.69,4.73
-0.94837,-0.94837,0.64773,-0.2605,29.75,22.0
-0.32692,-0.96963,-0.00057,0.00914,17.25,17.66
-0.18414,-0.97501,0.07639,0.0,15.5,14.4
-0.24352,-0.98178,0.0158,0.02476,10.57,10.76
-0.16609,-0.98408,0.00356,0.01003,9.26,9.265
-0.38205,-0.9902,0.05445,0.0085,6.003,5.693
-0.21931,-0.98302,0.0091,0.01155,9.273,9.895
-0.2589,-0.98993,0.0352,-0.01154,5.755,5.738
-0.20544,-0.98926,0.00492,-0.01448,6.1,6.1
-0.29461,-0.9941,0.00279,0.05294,3.47,3.58
-0.23077,-0.48403,0.02649,0.00667,2.17,2.114
-0.27941,-0.31944,0.0038,-0.00605,6.59,6.575
-0.61391,-0.788,0.04628,0.01315,18.22,17.72
-0.3244,-0.8503,0.02963,-0.01619,12.21,12.15
-0.30075,-0.85172,0.05965,-0.01161,6.693,6.639
-0.17444,-0.79494,0.07661,-0.01615,2.181,2.193
-0.15033,-0.60943,0.01984,-0.03077,2.57,2.52
-0.25781,-0.49602,0.01907,-0.03421,1.8638,1.835
-0.17726,-0.43477,0.03738,0.00427,2.22,2.14
-0.1466,-0.46205,0.09377,-0.10429,1.47,1.46
-0.13356,-0.58251,0.10518,-0.11462,1.0501,1.12
-0.22655,-0.55562,0.0013,-0.01032,3.79,3.835
-0.49124,-0.54552,0.01299,-0.03599,3.12,3.08
-0.16452,-0.33929,-0.00391,-0.01158,1.27,1.28
-0.17627,-0.36723,0.00096,0.02483,6.1102,6.1541
-0.20552,-0.5295,0.00342,-0.01904,4.36,4.38
-0.1994,-0.22467,0.00477,0.00964,9.365,9.425
-0.17919,-0.4103,0.0108,-0.02183,7.0,6.945
-0.13776,-0.64909,0.01324,-0.01657,4.17,4.155
-0.22481,-0.37206,-0.00257,-0.0275,1.94,1.945
-0.44891,-0.58242,-0.00413,-0.01469,0.7949,0.7982
-0.22304,-0.22304,0.0,-0.02473,0.8714,0.8714
-0.22252,-0.3887,0.01556,-0.00462,0.8095,0.7971
-0.15671,-0.46763,-0.006,0.00401,0.696,0.7002
-0.33083,-0.35653,0.02043,-0.02637,16.98,16.64
-0.39923,-0.5345,0.01031,0.035,1.39,1.455
-0.10461,-0.49153,0.00875,-0.06667,0.5649,0.56
-0.1528,-0.20414,0.0,0.00267,0.79,0.79
-0.15949,-0.33996,0.0,-0.02711,3.23,3.23
-0.11146,-0.42942,-0.00364,-0.04181,2.74,2.75
-0.1634,-0.59105,-0.01186,-0.01172,1.25,1.265
-0.19964,-0.38731,0.00459,0.02994,0.9192,0.915
-0.89443,-0.92255,0.0219,-0.03446,1.37,1.37
-0.14495,-0.31013,0.02169,-0.01922,7.3,7.145
-0.20561,-0.24125,0.00144,0.00216,6.96,6.95
-0.1871,-0.36183,0.0392,-0.04273,7.65,7.3614
-0.16513,-0.47552,-0.01509,-0.01842,6.1091,6.2036
-0.36964,-0.76095,0.42662,-0.23881,1.045,0.8061
-0.31768,-0.66531,-0.00395,0.02429,1.2004,1.265
-0.14599,-0.68293,0.01715,-0.00846,1.1699,1.1601
-0.18103,-0.28571,-0.0495,0.06316,0.96,1.01
-0.19279,-0.2709,0.03641,-0.0523,1.0996,1.071
-0.14667,-0.29901,0.00316,-0.0125,6.34,6.32
-0.16787,-0.61806,0.01722,-0.05531,4.43,4.355
-0.27465,-0.62816,-0.00073,-0.00485,2.0485,2.05
-0.15433,-0.17638,0.0,-0.00186,5.36,5.36
-0.16014,-0.16014,0.01913,-0.00777,5.86,5.75
-0.41396,-0.76953,0.00241,-0.05072,0.7511,0.7898
-0.23193,-0.81538,0.0,0.07843,0.4312,0.44
-0.22704,-0.25,0.05489,-0.03902,0.4902,0.4901
-0.26499,-0.44118,0.01993,0.00368,0.381,0.3814
-0.34496,-0.34496,-0.02356,0.06548,0.89,0.9422
-0.12036,-0.45919,0.06237,-0.16327,0.6177,0.6109
-0.20145,-0.63326,0.02883,0.01575,0.5019,0.5029
-0.26095,-0.63874,0.01995,0.0896,0.49,0.5314
-0.33553,-0.33553,0.0,0.0297,0.9671,1.04
-0.30808,-0.52658,0.02842,-0.00737,0.71,0.7143
-0.22216,-0.62408,0.0082,0.00333,0.5601,0.5733
-0.25008,-0.39809,0.02687,-0.01541,0.9,0.9008
-0.26709,-0.58533,0.03501,0.08774,0.7095,0.6856
-0.19184,-0.57874,0.00665,-0.01589,10.4,10.53
-0.34573,-0.76307,0.00838,-0.00831,5.96,5.968
-0.15448,-0.15448,0.00657,-0.08043,19.23,19.78
-0.14657,-0.33645,0.07043,-0.0741,16.3,15.63
-0.43066,-0.64819,-0.00612,0.06927,9.2044,9.57
-0.14047,-0.65605,0.01754,-0.02286,8.65,8.55
-0.28639,-0.75904,0.02349,-0.02772,6.1,5.96
-0.19865,-0.72879,0.02695,-0.01516,6.9781,6.795
-0.1674,-0.85142,0.00804,-0.01323,3.76,3.73
-0.18447,-0.18447,0.01695,-0.01667,4.11,4.13
-0.20887,-0.5668,0.03371,-0.00269,2.3,2.225
-0.37607,-0.4652,0.01144,-0.00228,2.17,2.185
-0.28378,-0.47,0.02803,-0.01887,2.1383,2.08
-0.29113,-0.62158,0.05412,-0.0198,1.5601,1.48
-0.44444,-0.52118,0.0,-0.01923,5.05,5.1
-0.13795,-0.27188,0.0,-0.02029,6.15,6.52
-0.8025,-0.97273,0.09414,-0.35456,7.345,9.688
-0.29028,-0.98762,0.03861,0.08703,7.289,7.407
-0.11538,-0.98297,0.04653,-0.08084,9.009,8.619
-0.16723,-0.35575,0.01062,4e-05,2.5499,2.59
-0.16292,-0.19022,0.01357,-0.01119,2.23,2.21
-0.1506,-0.27816,0.01193,-0.00946,2.12,2.095
-0.20829,-0.20829,-0.00209,-0.0124,14.26,14.34
-0.32479,-0.4296,0.01836,0.03418,8.16,8.17
-0.46987,-0.66319,0.01663,0.01294,2.14,2.105
-0.34038,-0.34954,0.01684,0.05694,3.0198,2.97
-0.17003,-0.4294,0.0,-0.00811,2.445,2.445
-0.23887,-0.44988,0.01152,-0.02139,4.365,4.3499
-0.30775,-0.48404,0.01752,-0.07477,12.6507,12.56
-0.46216,-0.68673,-0.00075,0.00832,6.62,6.665
-0.30823,-0.41518,0.00065,0.03854,15.37,15.36
-0.18378,-0.81641,0.02884,-0.04305,17.04,17.34
-0.23333,-0.49647,0.03538,-0.02468,3.48,3.477
-0.24254,-0.41499,0.00488,0.00985,4.12,4.1
-0.15274,-0.32396,0.01315,-0.00385,6.55,6.465
-0.15715,-0.21053,-0.00342,-0.02556,4.31,4.385
-0.24716,-0.53509,0.01141,-0.00755,2.66,2.63
-0.24407,-0.3592,0.00455,-0.01345,2.21,2.2
-0.14484,-0.14484,0.0127,-0.02552,6.38,6.3
-0.13996,-0.13996,0.0022,-0.0257,4.56,4.55
-0.25365,-0.25365,-0.00377,-0.01735,3.96,3.975
-0.21824,-0.25,0.0,-0.02083,2.35,2.35
-0.72273,-0.72273,0.03774,-0.13115,13.8,15.9
-0.39087,-0.85141,0.12076,0.00989,11.1,9.904
-0.19343,-0.87902,0.0,0.00188,7.996,8.0
-0.20501,-0.90958,0.03317,0.00536,6.001,6.0
-0.15761,-0.90606,0.0,-0.02419,6.012,6.05
-0.15898,-0.55172,0.02953,-0.01,0.52,0.5148
-0.12969,-0.29955,0.19121,0.00392,0.6099,0.512
-0.21318,-0.28014,-0.01408,0.04926,1.05,1.065
-0.1904,-0.6187,0.01205,-0.02708,4.572,4.563
-0.17736,-0.26759,0.00537,0.00226,5.788,5.769
-0.16667,-0.16667,0.00292,-0.02,17.1,17.15
-0.20214,-0.60867,0.00024,0.00852,8.279,8.288
-0.2,-0.46448,0.03015,0.01531,1.97,1.99
-0.15142,-0.15142,0.00613,-0.00835,6.56,6.53
-0.15577,-0.16221,0.00229,-0.00683,4.37,4.36
-0.12762,-0.2042,0.02239,-0.03597,4.0007,4.02
-0.14209,-0.18725,0.00254,-0.01868,3.95,3.94
-0.18517,-0.18517,0.00257,0.01144,0.975,0.9725
-0.15758,-0.29322,0.02073,-0.02266,0.832,0.8151
-0.40351,-0.50092,-0.00372,-0.01103,2.68,2.69
-0.14737,-0.34209,-0.00147,-0.01017,13.61,13.63
-0.16116,-0.41934,-0.00295,0.00296,10.15,10.18
-0.29697,-0.49123,0.04724,0.09483,2.66,2.54
-0.21345,-0.77961,0.04783,-0.01688,0.9399,0.897
-0.22851,-0.83283,0.0,-0.00997,0.6852,0.6852
-0.20777,-0.20777,0.01014,0.03851,2.46,2.4353
-0.17886,-0.17886,0.00826,-0.00165,3.001,3.025
-0.1875,-0.1875,0.01545,0.01175,7.8461,7.7601
-0.30658,-0.43896,0.00112,0.03241,4.25,4.46
-0.19149,-0.53117,0.00121,-0.01227,3.55,3.5657
-0.16368,-0.30669,0.00538,-0.00268,1.87,1.86
-0.14935,-0.48895,0.00513,-0.00763,3.92,3.9
-0.20346,-0.68166,0.0163,0.0,1.83,1.84
-0.16447,-0.78028,0.00781,0.00787,1.29,1.28
-0.1996,-0.3217,-0.01928,-0.00445,0.702,0.7158
-0.42324,-0.42324,-0.01739,-0.01292,2.25,2.3
-0.11473,-0.36015,0.02663,-0.0542,2.4594,2.4449
-0.20601,-0.54208,0.01622,0.0,1.84,1.85
-0.2377,-0.6547,0.03571,0.00358,1.4,1.4
-0.2033,-0.64109,0.01805,-0.04483,1.38,1.385
-0.1374,-0.7203,-0.00893,-0.00885,1.11,1.12
-0.21407,-0.5461,0.0,0.02462,0.8301,0.8697
-0.14051,-0.60027,-0.018,0.00348,0.735,0.7501
-0.1501,-0.40733,-0.01417,0.01425,0.8,0.8115
-0.24354,-0.38231,0.00211,-0.00429,11.34,11.366
-0.21605,-0.21605,0.01717,0.01626,8.5695,8.445
-0.16608,-0.33443,0.01767,0.00283,7.18,7.075
-0.14359,-0.51605,0.00601,-0.02727,5.02,4.99
-0.16223,-0.26923,0.00296,0.00596,5.0741,5.065
-0.15395,-0.5032,-0.00359,-0.01256,6.11,6.132
-0.22099,-0.52338,-0.00346,0.03122,11.2,11.56
-0.24069,-0.80043,0.05671,0.05806,5.12,4.92
-0.32661,-0.6476,0.01365,-0.05716,5.04,5.13
-0.03654,-0.29268,0.0254,-0.06897,18.17,18.9
-0.27678,-0.45192,0.02144,0.00826,15.62,15.86
-0.34613,-0.6439,0.03255,0.08219,11.4,11.06
-0.38751,-0.71394,0.02463,0.0027,7.05,7.0074
-0.16702,-0.82928,0.01892,-0.00628,3.681,3.7
-0.18452,-0.87402,0.02459,-0.10949,2.3,2.44
-0.23221,-0.82138,0.01523,0.01416,4.0,3.94
-0.53212,-0.6725,0.04169,-0.02996,20.21,19.43
-0.22473,-0.75294,0.0112,0.00463,15.33,15.18
-0.27136,-0.82153,0.00447,0.02519,11.24,11.19
-0.18412,-0.72613,0.01463,-0.0203,16.5,16.41
-0.24727,-0.27116,0.06522,0.00181,2.83,2.76
-0.50174,-0.62037,0.0681,-0.02787,1.44,1.395
-0.4745,-0.86836,0.14123,-0.15474,0.4271,0.4206
-0.39574,-0.60867,0.02369,0.02227,0.8427,0.8401
-0.15833,-0.15833,-0.01751,0.01782,3.03,3.084
-0.18316,-0.18316,-0.00596,-0.0171,10.0,10.06
-0.23156,-0.31336,-0.00166,-0.02335,15.03,15.055
-0.1788,-0.60824,0.0,-0.00569,8.745,8.745
-0.18165,-0.79733,0.00106,0.03626,4.72,4.715
-0.16667,-0.84633,0.02616,-0.0029,3.46,3.44
-0.14751,-0.38194,-0.00231,-0.02697,2.16,2.165
-0.1639,-0.26076,-0.00321,-0.00224,3.11,3.12
-0.16079,-0.41847,0.0164,0.0002,0.5083,0.5001
-0.18378,-0.18378,0.02357,-0.01656,7.5,7.425
-0.21068,-0.21068,0.05296,0.02164,11.93,11.33
-0.17,-0.25893,-0.03321,0.00319,1.61,1.6653
-0.235,-0.31696,-0.01993,-0.01967,1.47,1.4999
-0.26224,-0.31589,0.06011,-0.02727,1.8138,1.83
-0.36782,-0.6,0.0102,-0.10909,0.99,0.98
-0.16792,-0.79818,0.016,-0.00901,0.55,0.55
-0.3822,-0.89778,0.31899,0.0249,0.24,0.2881
-0.1705,-0.92127,-0.04502,0.02587,0.2121,0.2221
-0.109,-0.88569,-0.00654,-0.02134,0.136,0.1376
-0.33992,-0.33992,0.01771,-0.02205,6.2102,6.21
-0.44,-0.80594,0.0,-0.03041,0.9501,0.9502
-0.1869,-0.19614,0.04097,-0.02361,0.7093,0.6907
-0.20788,-0.27311,-0.00461,0.00347,4.32,4.34
-0.22135,-0.22135,-0.00332,0.00836,6.01,6.03
-0.23118,-0.33796,0.02143,-0.02098,1.43,1.4
-0.17277,-0.26852,-0.00455,-0.03994,1.51,1.5169
-0.41794,-0.53977,0.02493,-0.00164,0.77,0.7903
-0.17346,-0.61076,0.05652,-0.06706,0.6313,0.6246
-0.18921,-0.6968,0.02297,-0.00671,0.5103,0.518
-0.112,-0.69329,0.05361,-0.09181,0.4301,0.4234
-0.4781,-0.4781,0.02923,-0.01688,0.4094,0.431
-0.22489,-0.61143,0.03188,-0.00061,0.332,0.3262
-0.17266,-0.73417,0.0451,-0.03672,0.2248,0.2151
-0.18146,-0.18146,0.00356,0.00566,0.3358,0.3375
-0.13863,-0.13863,0.05304,-0.06464,4.54,4.3588
-0.16751,-0.22778,0.02153,0.00229,13.4331,13.15
-0.39095,-0.53649,0.01456,0.00381,7.8896,7.905
-0.24126,-0.74456,0.00346,-0.00115,4.34,4.335
-0.2517,-0.70745,0.00909,0.0,9.72,9.9
-0.22609,-0.44686,0.02857,0.0,14.4,14.0
-0.23121,-0.23121,0.02256,0.0,11.88,11.97
-0.17192,-0.33899,0.00075,-0.01799,6.66,6.66
-0.28788,-0.55238,0.02987,0.08416,4.723,4.586
-0.56177,-0.56177,0.01728,-0.0065,7.772,7.641
-0.22661,-0.39715,0.0,0.00378,10.17,10.62
-0.15316,-0.55704,0.01364,0.02791,7.893,7.991
-0.16848,-0.64256,0.00079,0.00351,6.298,6.295
-0.17431,-0.475,0.01477,-0.0328,1.85,1.828
-0.23024,-0.5203,0.00181,0.07697,6.63,6.618
-0.2026,-0.53835,0.01736,0.01028,5.86,5.76
-0.16559,-0.33307,0.00403,0.0041,7.47,7.44
-0.47078,-0.58664,-2e-05,-0.02861,4.73,4.7501
-0.20632,-0.68132,-0.00809,-0.01592,3.68,3.71
-0.247,-0.73457,0.00629,0.01274,3.2,3.18
-0.23144,-0.42857,5e-05,0.05108,1.85,1.8499
-0.23149,-0.25904,0.03529,-0.04323,0.87,0.8897
-0.20919,-0.36736,0.01374,0.02704,0.7913,0.7862
-0.3927,-0.3927,0.0108,0.02209,8.33,8.33
-0.19324,-0.62668,0.06931,0.00798,5.4,5.05
-0.30514,-0.82861,0.04615,0.00991,2.41,2.3228
-0.15949,-0.42534,0.00568,-0.02152,1.77,1.76
-0.35,-0.54313,0.02509,-0.02448,1.2,1.395
-0.22335,-0.45745,0.00315,0.03595,1.5714,1.585
-0.22013,-0.56028,0.06418,-0.01613,1.22,1.22
-0.11139,-0.19144,0.01183,-0.0585,1.71,1.69
-0.33344,-0.61568,-0.01704,-0.0988,0.7299,0.7689
-0.17659,-0.27028,0.02059,-0.00405,18.84,18.46
-0.57891,-0.57891,0.0,0.02074,6.8,6.89
-0.40607,-0.53623,0.0,0.02797,10.65,10.66
-0.16077,-0.34751,0.00339,0.01078,10.35,10.315
-0.27019,-0.31614,0.00962,0.01861,10.4761,10.4
-0.42852,-0.89918,-0.01562,0.00758,16.1,17.28
-0.09686,-0.53685,-0.00568,-0.05346,5.915,5.984
-0.18794,-0.64181,0.01149,0.0131,3.52,3.48
-0.29767,-0.29767,0.0,-0.03032,0.7898,0.79
-0.15865,-0.54922,0.06423,-0.08587,0.47,0.478
-0.17049,-0.65353,0.07089,-0.00323,0.395,0.4006
-0.13576,-0.69707,0.08472,-0.00911,0.36,0.3482
-0.2,-0.68421,-0.03015,0.03933,0.3024,0.3118
-0.21379,-0.21379,0.03626,0.06848,7.62,7.7201
-0.16062,-0.28303,0.00252,-0.00321,7.9,7.89
-0.18571,-0.74185,0.02783,-0.05439,2.77,2.695
-0.16382,-0.72809,0.01695,0.00237,3.06,3.009
-0.19202,-0.19202,0.00219,0.03304,2.16,2.1952
-0.15625,-0.18372,0.05131,-0.00274,1.8201,1.7502
-0.29032,-0.52586,-0.02679,0.01818,1.09,1.12
-0.09253,-0.68885,-0.05858,-0.03483,0.54,0.5736
-0.32724,-0.32724,0.0066,0.02485,0.9176,0.9239
-0.31884,-0.47427,0.03125,-0.04681,2.31,2.24
-0.15138,-0.4378,0.00087,-0.00943,5.78,5.775
-0.37677,-0.47657,0.00785,-0.00574,3.19,3.185
-0.158,-0.18693,0.00119,-0.01303,8.42,8.41
-0.17141,-0.29479,0.005,0.01202,11.8,11.79
-0.27531,-0.27531,0.02429,0.04818,15.5521,15.23
-0.19337,-0.49027,0.00492,0.02153,10.4912,10.44
-0.36681,-0.41153,0.01392,0.00276,7.26,7.27
-0.29221,-0.37356,0.0463,-0.00917,11.2,10.8
-0.22792,-0.62075,0.01515,-0.03,6.498,6.401
-0.201,-0.71776,0.36364,-0.0371,6.057,4.62
-0.07292,-0.61448,0.04758,-0.08674,5.344,5.422
-0.16224,-0.70494,0.0106,-0.04489,4.296,4.34
-0.316,-0.81981,0.00485,0.03964,2.862,2.885
-0.27554,-0.28367,0.00143,-0.0057,3.495,3.49
-0.13249,-0.17788,-0.00095,-0.04273,5.26,5.265
-0.15487,-0.15487,0.00604,0.00121,8.2998,8.25
-0.27064,-0.27064,0.01242,0.01258,1.6295,1.61
-0.16266,-0.74153,0.00418,-0.00157,19.11,19.12
-0.15392,-0.25041,0.00332,0.00109,9.06,9.0799
-0.17328,-0.3967,0.00137,0.00275,7.32,7.32
-0.15354,-0.19534,0.00046,0.00065,2.61,2.6088
-0.30829,-0.34878,0.00725,0.03371,1.39,1.38
-0.24797,-0.28295,0.00251,0.07838,2.0,1.995
-0.14905,-0.22708,0.00372,-0.00463,5.39,5.37
-0.19519,-0.62899,0.01071,0.00358,8.45,8.4
-0.18006,-0.2668,0.0,0.00181,11.0,11.04
-0.18207,-0.34972,0.00085,-0.00085,11.77,11.76
-0.17294,-0.6414,-0.00141,0.00711,7.07,7.08
-0.31489,-0.81687,0.01385,0.00557,3.66,3.61
-0.18347,-0.72672,-0.00254,-0.02716,3.9,3.94
-0.2854,-0.40479,0.01237,0.00103,4.7,4.85
-0.15744,-0.34582,0.0038,-0.01221,5.249,5.26
-0.16042,-0.27081,-0.00082,0.01158,6.1026,6.115
-0.28991,-0.53317,0.00518,-0.00258,3.86,3.86
-0.17369,-0.6428,0.01319,0.00628,14.5,14.41
-0.30863,-0.81616,0.01627,1e-05,7.4699,7.3701
-0.18245,-0.72866,0.00629,-0.03291,7.86,7.9301
-0.28571,-0.40462,0.01327,0.0,9.5,9.8
-0.15641,-0.35117,0.00427,-0.01215,10.51,10.55
-0.16001,-0.27673,0.00366,0.00863,12.3064,12.285
-0.28878,-0.53711,0.00786,-0.00462,7.7599,7.759
-0.17464,-0.39431,0.00115,0.00464,17.29,17.33
-0.3126,-0.8151,0.01597,0.00138,11.77,11.585
-0.18421,-0.72601,0.00397,-0.03379,12.51,12.58
-0.28467,-0.40357,0.01282,-0.00055,15.17,15.6
-0.15623,-0.34582,0.00526,-0.01227,16.86,16.91
-0.28837,-0.53343,0.00972,-0.00224,13.33,13.37
-0.14314,-0.54407,0.00295,-0.00993,16.913,16.95
-0.24063,-0.24063,0.0188,0.01593,13.0,12.7601
-0.16202,-0.44827,0.08293,0.01089,9.99,9.225
-0.1558,-0.23672,0.00171,-0.00891,11.63,11.68
-0.4282,-0.57297,0.01384,-0.00573,8.7893,8.67
-0.18645,-0.40959,0.00103,-0.00617,9.67,9.67
-0.21873,-0.40547,0.00576,-0.00105,13.84,13.7905
-0.25966,-0.375,0.00581,-0.0029,1.7,1.72
-0.2288,-0.49948,0.00053,-0.02853,9.37,9.365
-0.16726,-0.54534,0.00144,-0.00143,6.97,6.96
-0.1961,-0.39777,0.01538,0.01997,3.63,3.575
-0.19205,-0.51004,-0.00398,0.02869,2.5,2.51
-0.20467,-0.28084,0.00993,0.02257,9.07,9.06
-0.15714,-0.67935,0.004,0.00953,2.99,2.9781
-0.22738,-0.63804,0.0,0.01201,3.37,3.37
-0.08115,-0.2451,-0.0412,-0.04491,3.5256,3.6771
-0.12207,-0.275,-0.00569,-0.02225,8.67,8.79
-0.23563,-0.46371,0.00896,0.00752,6.76,6.7
-0.2266,-0.87339,-0.00292,0.00293,1.53,1.5746
-0.36806,-0.36806,0.04192,-0.08242,1.73,1.67
-0.33366,-0.33366,0.00143,0.0416,3.47,3.505
-0.23009,-0.48317,-0.0019,0.00575,2.62,2.625
-0.24918,-0.54653,0.00057,0.0038,2.3,2.2987
-0.15114,-0.21534,0.0,-0.01606,3.675,3.675
-0.18235,-0.2042,-0.00235,0.01918,2.1,2.125
-0.19115,-0.21875,0.0,0.04,1.3,1.3
-0.12828,-0.7208,-0.0153,-0.01762,5.38,5.4636
-0.20407,-0.44976,0.01554,0.03433,7.19,7.08
-0.84183,-0.84691,0.02285,-0.00153,6.55,6.5699
-0.06992,-0.47862,0.23125,-0.24369,1.63,1.6601
-0.181,-0.181,0.01442,-0.06838,3.85,3.815
-0.17197,-0.74,0.06282,0.00769,1.3923,1.31
-0.16689,-0.78006,0.00617,-0.02701,1.0766,1.07
-0.20071,-0.28308,0.00119,-0.00739,16.8,16.78
-0.16335,-0.20037,0.04497,-0.02219,3.19,3.0801
-0.25573,-0.44286,-0.00752,0.02308,1.98,1.995
-0.12222,-0.22801,-0.01747,-0.03376,2.25,2.29
-0.22015,-0.61296,-0.01033,-0.07397,0.9577,0.9677
-0.24718,-0.74756,-0.00014,0.03888,0.708,0.7081
-0.16667,-0.28733,-0.00662,-0.04127,1.5,1.51
-0.13855,-0.24339,0.0,-0.01399,1.41,1.41
-0.34641,-0.60152,0.03518,-0.00792,6.47,6.2501
-0.6997,-0.6997,0.00297,-0.06804,6.07,6.16
-0.18333,-0.77737,0.00528,0.0051,4.94,4.925
-0.20484,-0.806,0.02506,0.0281,4.35,4.39
-0.20173,-0.70972,0.0,0.04999,0.86,0.8717
-0.21675,-0.77541,0.02556,-0.0383,0.618,0.6026
-0.19136,-0.84627,0.06467,-0.0767,0.39,0.3804
-0.16417,-0.89362,0.02006,0.01403,0.2898,0.2891
-0.23294,-0.92284,0.02674,-0.00532,0.197,0.2057
-0.21659,-0.94007,0.03655,0.03923,0.1705,0.1669
-0.18963,-0.95041,0.05031,-0.04289,0.128,0.1272
-0.19162,-0.9597,0.10185,0.0,0.108,0.108
-0.13443,-0.22831,0.00072,-0.01968,6.98,6.975
-0.14596,-0.26108,0.00809,-0.00965,12.15,12.0525
-0.16946,-0.31229,0.05401,-0.07734,1.05,0.9962
-0.24322,-0.27309,-0.00407,-0.00036,1.1,1.1045
-0.20408,-0.20408,-0.00654,-0.01923,1.52,1.53
-0.07857,-0.12838,-0.08072,-0.03868,1.14,1.2401
-0.3848,-0.70746,0.00781,0.01992,1.24,1.28
-0.14664,-0.3922,0.0,-0.02899,14.07,14.07
-0.18725,-0.21989,0.0012,0.01716,8.31,8.3
-0.25021,-0.36784,-0.00132,-0.00985,7.5,7.58
-0.1881,-0.34339,0.00214,0.00665,5.16,5.149
-0.17542,-0.25395,0.00096,0.00288,5.17,5.185
-0.17262,-0.38261,0.00253,0.00617,4.8405,4.895
-0.19242,-0.38453,0.00454,0.00469,5.3302,5.355
-0.18298,-0.26391,0.00184,0.00276,5.43,5.44
-0.17574,-0.38636,0.00299,0.004,5.03,5.015
-0.14789,-0.14789,0.00559,-0.01377,1.8,1.79
-0.17163,-0.17517,-0.00505,0.02585,1.9514,1.98
-0.21189,-0.31794,0.0076,0.01741,2.6497,2.63
-0.19863,-0.19863,0.0109,-0.01714,13.82,13.76
-0.20192,-0.45135,0.00105,-0.00261,9.4202,9.56
-0.1715,-0.26313,0.00308,0.01376,8.11,8.105
-0.24793,-0.51437,0.00378,0.00432,4.97,4.97
-0.4657,-0.67509,0.03065,0.01556,2.39,2.61
-0.25439,-0.78508,0.00615,0.05235,1.8,1.789
-0.23198,-0.78445,0.05605,-0.00587,1.7,1.695
-0.2486,-0.65992,0.01042,0.07063,2.81,2.88
-0.15548,-0.15548,0.02861,-0.02781,7.49,7.34
-0.17302,-0.36913,0.01894,-0.01684,5.56,5.545
-0.2208,-0.56508,0.01289,-0.00211,3.93,3.88
-0.16695,-0.60864,0.02951,-0.02555,3.47,3.4094
-0.15159,-0.60547,0.00042,0.00094,0.9596,0.9596
-0.19781,-0.67643,0.0237,0.0135,0.799,0.7805
-0.16486,-0.20463,0.01266,0.01351,1.18,1.185
-0.18301,-0.18301,0.00783,0.03192,1.29,1.2899
-0.13758,-0.19688,0.00392,-0.00778,1.25,1.275
-0.22941,-0.54671,0.01931,-0.01145,1.3,1.295
-0.14972,-0.22118,0.01066,-0.0178,0.915,0.9103
-0.2161,-0.4697,0.00574,0.02703,19.049,19.0
-0.15911,-0.29827,0.0,0.00842,17.96,17.96
-0.26923,-0.95948,-0.00571,-0.00284,13.92,14.02
-0.18973,-0.96726,0.01833,0.05634,11.84,12.0
-0.20074,-0.97499,0.37028,-0.02304,10.14,8.48
-0.19682,-0.96942,0.01313,0.00471,10.5,10.66
-0.32432,-0.81203,0.00805,-0.006,4.92,4.97
-0.6087,-0.676,0.03667,0.00988,4.08,4.09
-0.27241,-0.27241,-0.00474,0.0,1.91,2.11
-0.22857,-0.44138,0.00578,0.0679,1.74,1.73
-0.27456,-0.55955,0.01639,-0.0227,0.471,0.4821
-0.18347,-0.64277,0.0219,0.02724,0.41,0.411
-0.17486,-0.36825,0.00094,0.02259,10.63,10.64
-0.16191,-0.3011,-0.01725,-0.01011,7.9,8.0387
-0.35365,-0.64757,0.0,0.06471,4.36,4.36
-0.22709,-0.70998,0.003,-0.01184,3.34,3.33
-0.1514,-0.50273,0.00741,-0.01189,5.44,5.4
-0.1874,-0.32969,0.0101,0.0102,5.0,4.95
-0.20463,-0.30988,0.04232,0.00364,4.31,4.135
-0.46795,-0.65243,0.01463,-0.01205,2.07,2.05
-0.17098,-0.17098,-0.00741,0.0125,8.04,8.1
-0.01506,-0.15285,-0.28104,-0.1425,1.5,7.0101
-0.71032,-0.8487,0.02,0.0137,1.47,1.48
-0.14527,-0.86891,0.01644,-0.00451,1.25,1.2593
-0.01485,-0.89689,0.04686,-0.16784,0.8668,0.828
-0.22537,-0.22537,0.00426,0.0203,7.08,7.05
-0.20178,-0.358,-0.00555,0.00558,2.69,2.705
-0.14106,-0.42184,0.02151,-0.04689,3.24,3.2501
-0.14706,-0.23768,0.00296,-0.03017,6.77,6.75
-0.19044,-0.24278,0.00992,0.00727,5.6,5.545
-0.15281,-0.2451,0.0,-0.00577,3.445,3.445
-0.28125,-0.35133,-0.00186,0.00373,16.13,16.16
-0.21885,-0.49234,0.00204,-0.02738,12.28,12.255
-0.17144,-0.17144,0.00532,-0.03215,15.01,15.0201
-0.24618,-0.39348,0.01449,0.03256,11.84,11.73
-0.2292,-0.51233,0.05674,-0.01578,9.0117,8.9899
-0.13268,-0.52536,0.01848,-0.02587,8.75,8.66
-0.17439,-0.37235,0.00065,0.03465,12.5482,12.54
-0.16046,-0.55567,-0.00119,-0.02216,8.35,8.39
-0.23699,-0.6507,0.03088,0.00815,6.78,6.8
-0.16352,-0.68897,0.0,0.01234,6.08,6.08
-0.26411,-0.58217,0.00798,-0.01475,5.05,5.01
-0.17456,-0.31869,0.00589,0.00039,12.8,12.725
-0.20027,-0.32844,0.0088,-0.00173,14.9674,14.8493
-0.36767,-0.36767,0.03073,-0.07942,5.32,5.239
-0.29265,-0.46556,0.02947,0.00936,4.86,4.855
-0.39805,-0.45853,0.00213,0.01187,4.625,4.69
-0.39872,-0.49005,0.00263,0.01152,11.43,11.41
-0.14642,-0.72451,0.02874,-0.05907,13.58,13.22
-0.13136,-0.40652,0.01075,-0.02669,18.6,18.6
-0.1381,-0.6,0.05919,-0.01705,9.162,8.65
-0.20904,-0.56433,-0.00331,-0.01236,8.44,8.468
-0.24778,-0.56039,0.00481,-0.00319,6.2501,6.24
-0.12581,-0.62184,-0.00487,-0.04643,5.11,5.135
-0.20756,-0.3421,0.00167,-0.00222,18.01,17.98
-0.16938,-0.40471,0.00124,-0.01319,16.11,16.09
-0.15658,-0.50146,0.00219,0.0011,13.7,13.67
-0.16788,-0.58379,0.00351,-0.00088,11.43,11.39
-0.47177,-0.54939,0.00205,-0.00204,14.41,14.66
-0.3125,-0.73006,0.01259,-0.00682,8.7099,8.74
-0.18325,-0.30987,0.00677,0.01775,19.34,19.21
-0.32222,-0.95591,0.0,0.13388,7.8,8.3
-0.26034,-0.95979,0.04258,0.01974,6.44,6.2
-0.18868,-0.9518,0.04278,-0.04162,6.48,6.264
-0.15483,-0.84092,0.00244,-0.00796,4.11,4.1
-0.2561,-0.8826,0.11885,-0.0623,3.1999,2.86
-0.19494,-0.85278,0.08449,0.02358,3.4,3.255
-0.26664,-0.73871,0.01595,0.00607,4.46,4.39
-0.24207,-0.24207,0.0112,-0.00418,7.22,7.14
-0.10676,-0.46934,0.07273,-0.12351,4.33,4.4
-0.47947,-0.47947,0.01812,-0.04259,5.8236,6.07
-0.16318,-0.28883,0.00389,-0.03332,15.21,15.2
-0.16667,-0.16667,0.00149,-0.00444,6.5,6.72
-0.15675,-0.50292,0.00983,-0.04235,4.11,4.07
-0.20696,-0.20696,0.02776,0.0252,12.96,12.61
-0.21701,-0.31141,0.00282,-0.00281,10.68,10.65
-0.19698,-0.34816,0.001,-0.01088,9.96,10.0
-0.603,-0.74404,0.0,0.0,3.89,3.97
-0.18354,-0.83366,0.0058,0.00194,2.5999,2.585
-0.17603,-0.66846,0.02752,-0.02731,1.12,1.09
-0.16009,-0.74565,0.01195,0.00147,0.814,0.8202
-0.13731,-0.20714,0.01529,-0.01802,1.6561,1.635
-0.27614,-0.4122,0.00137,0.02384,7.29,7.3
-0.46407,-0.66687,0.00959,0.03195,4.16,4.17
-0.22913,-0.35526,0.00251,0.00084,11.89,11.97
-0.22174,-0.60143,-0.00221,-0.08365,6.6997,6.775
-0.16324,-0.36442,-0.00382,0.00042,11.54,11.795
-0.18974,-0.43827,0.01523,0.00863,10.67,10.5099
-0.1584,-0.5385,0.01179,0.00782,4.71,4.665
-0.1555,-0.42108,0.00466,0.0,4.93,4.915
-0.17131,-0.81046,0.0281,0.0,0.5963,0.58
-0.27271,-0.27271,0.00741,0.04752,3.4,3.375
-0.22563,-0.37246,0.01029,-0.01439,2.67,2.74
-0.13751,-0.63203,-0.01242,-0.01233,1.59,1.61
-0.18619,-0.38826,0.00108,-0.00845,2.69,2.6871
-0.25258,-0.67269,0.03546,-0.02759,1.46,1.41
-0.19691,-0.3716,0.03116,-0.02649,0.4434,0.43
-0.20935,-0.20935,0.04797,0.00318,0.4266,0.4107
-0.10057,-0.57703,0.0565,-0.08626,1.5,1.43
-0.18084,-0.18084,0.00642,0.02636,6.0291,6.23
-0.13631,-0.13631,0.01775,-0.03013,6.8384,6.76
-0.16129,-0.29651,0.02291,-0.02083,6.15,6.11
-0.19505,-0.28865,0.03326,-0.01916,1.55,1.5001
-0.17041,-0.17041,0.03627,-0.03307,5.0,4.825
-0.13134,-0.13134,0.06557,-0.02918,1.75,1.83
-0.23744,-0.44931,-0.00144,-0.01563,17.01,17.325
-0.16629,-0.64178,0.00441,-0.0095,11.39,11.34
-0.18834,-0.45465,0.00382,0.00861,17.0,16.995
-0.33696,-0.49119,0.00681,-0.01343,13.16,13.22
-0.16555,-0.70573,0.02608,-0.01032,7.87,7.67
-0.16898,-0.77218,0.01157,0.00833,6.11,6.05
-0.17399,-0.18707,-0.00192,0.01461,1.56,1.563
-0.34899,-0.36188,-0.00332,0.01416,14.6754,15.04
-0.17655,-0.17655,0.02113,-0.01909,9.18,8.99
-0.12594,-0.12594,-0.0118,-0.03281,6.53,6.78
-0.23582,-0.3616,0.01544,0.01172,5.26,5.18
-0.33175,-0.47257,-0.00471,0.00473,4.23,4.25
-0.17669,-0.17941,0.02851,-0.01425,5.05,4.91
-0.01919,-0.2067,0.00737,-0.16169,4.1,4.07
-0.23139,-0.3884,0.00054,0.02829,18.55,18.54
-0.2687,-0.45624,0.01373,0.02215,16.61,16.385
-0.17431,-0.54206,0.00096,-0.00022,13.5,13.497
-0.20714,-0.51255,-0.0007,-0.01184,14.08,14.2
-0.14146,-0.44066,-0.00115,-0.0125,8.66,8.69
-0.24956,-0.61799,0.03671,-0.04825,5.8,5.72
-0.17256,-0.79342,0.00151,0.02,3.32,3.315
-0.17419,-0.61019,0.01366,-0.00211,2.2497,2.225
-0.38859,-0.66216,0.05485,0.05333,1.22,1.185
-0.15054,-0.27073,0.02554,-0.05039,5.0,5.09
-0.14996,-0.41249,0.0446,-0.01348,4.45,4.26
-0.14948,-0.47452,-0.0061,-0.00606,1.63,1.64
-0.17131,-0.61705,-0.00493,0.00396,1.01,1.015
-0.33411,-0.82197,0.00671,0.00263,3.282,3.429
-0.20319,-0.8569,0.0,0.004,2.73,2.76
-0.15517,-0.76329,0.0,-0.0102,2.199,2.231
-0.14234,-0.80004,-0.00749,-0.01786,1.829,1.87
-0.14286,-0.14286,0.01681,-0.00833,12.1,11.9
-0.64078,-0.73571,0.04199,0.02973,3.77,3.81
-0.18346,-0.77429,0.0,-0.00316,3.03,3.15
-0.23492,-0.82786,0.0249,0.0,2.44,2.41
-0.18151,-0.76796,0.02469,0.01674,2.49,2.43
-0.19644,-0.22954,0.01379,0.00071,9.4891,9.36
-0.37076,-0.4584,0.00308,-0.00059,6.51,6.49
-0.14527,-0.20315,0.00407,-0.02767,4.94,4.92
-0.10565,-0.39232,0.00175,-0.06399,11.43,11.41
-0.42609,-0.65354,0.00685,0.05036,7.0,7.3
-0.21776,-0.55457,0.01124,-0.02951,15.3,15.13
-0.28065,-0.74659,0.03942,-0.00807,5.725,5.53
-0.19292,-0.79254,0.02817,-0.06579,4.165,4.26
-0.15318,-0.84531,0.0,-0.00882,3.288,3.37
-0.23718,-0.85073,0.01467,0.03126,3.037,3.068
-0.32075,-0.87987,0.0,0.01852,16.5,16.5
-0.27101,-0.9254,0.05869,-0.10567,9.267,8.997
-0.21543,-0.95506,-0.0367,0.07921,6.227,6.54
-0.16541,-0.98206,0.01364,-0.00901,2.23,2.2
-0.30657,-0.97173,0.01639,-0.03684,0.93,0.915
-0.43638,-0.9739,0.02531,-0.03045,0.765,0.7705
-0.43598,-0.75665,0.03448,0.00911,12.6,12.18
-0.15683,-0.80851,0.08723,-0.03313,2.526,2.568
-0.16327,-0.81565,0.03627,-0.05854,1.994,1.93
-0.14634,-0.27548,0.01136,-0.03297,4.3808,4.4
-0.17676,-0.39944,0.0,-0.00912,3.63,3.63
-0.53045,-0.83592,0.00411,0.0461,16.84,17.02
-0.26351,-0.86109,-0.0042,-0.01896,11.84,11.9
-0.15855,-0.8539,0.01763,0.0128,9.583,9.417
-0.19183,-0.51508,0.01512,0.01758,4.65,4.63
-0.28305,-0.5137,0.00808,-0.01382,18.33,18.56
-0.18481,-0.60904,0.01153,-0.02512,14.19,14.75
-0.18357,-0.18357,0.01174,-0.0315,5.4,5.535
-0.19966,-0.287,0.00928,0.01677,9.51,9.7
-0.17478,-0.32458,0.01305,0.00536,15.11,15.0
-0.1834,-0.38524,0.0,0.03976,14.12,14.12
-0.18505,-0.43481,0.00606,-0.00881,12.43,12.375
-0.18621,-0.5885,0.00159,0.03575,9.25,9.415
-0.20805,-0.51529,0.00753,-0.00814,10.63,10.62
-0.17684,-0.17684,-0.0007,0.0035,14.28,14.34
-0.16782,-0.39264,0.0126,0.01276,15.83,15.87
-0.23196,-0.23196,-0.033,-0.02123,9.37,9.6898
-0.16035,-0.16823,0.0,-0.02757,14.64,14.64
-0.12056,-0.28867,0.01866,-0.06369,12.28,12.055
-0.13801,-0.46877,0.057,-0.08882,9.1737,8.679
-0.37194,-0.61131,0.01655,-0.04819,5.22,5.135
-0.18698,-0.60768,0.00629,0.01017,4.0,3.975
-0.2076,-0.39101,0.0037,-0.00369,2.71,2.7
-0.1431,-0.44157,0.01639,-0.01811,2.48,2.44
-0.20302,-0.26857,0.01329,0.00172,3.4,3.385
-0.23262,-0.37879,0.04561,-0.00697,2.98,2.85
-0.16709,-0.29329,0.00763,0.00306,3.3,3.275
-0.2164,-0.2164,0.00385,-0.01208,6.52,6.495
-0.17095,-0.5,0.00235,0.01549,4.2302,4.26
-0.27617,-0.62957,0.01355,-0.0234,1.87,1.845
-0.24497,-0.50658,0.0455,0.01778,1.17,1.145
-0.36504,-0.50289,0.02282,-0.00821,0.755,0.7494
-0.4514,-0.48141,0.09668,-0.04324,6.471,6.351
-0.17966,-0.59297,0.05225,-0.00077,5.299,5.206
-0.17456,-0.4659,0.01259,-0.01563,3.7,3.654
-0.20567,-0.20567,0.00592,0.00595,3.39,3.38
-0.15227,-0.23455,-0.00063,0.00173,15.87,15.88
-0.16005,-0.4033,0.00164,-0.00651,6.11,6.1
-0.29352,-0.57003,0.00171,0.00784,11.67,11.67
-0.15107,-0.51657,9e-05,-0.00825,12.15,12.1489
-0.17507,-0.22437,0.01991,0.001,15.08,15.07
-0.0841,-0.0841,0.00184,-0.09349,2.4999,2.715
-0.1498,-0.40171,0.01679,-0.00714,2.12,2.085
-0.1525,-0.1525,0.05175,-0.02016,19.94,19.93
-0.34856,-0.61375,0.01978,-0.01834,9.11,9.1
-0.16503,-0.68758,0.04845,-0.00907,7.7199,7.43
-0.24205,-0.41431,0.01059,-0.00996,9.53,9.44
-0.1519,-0.3198,0.0,0.0,1.34,1.34
-0.15259,-0.2136,0.0202,0.00712,1.0,0.99
-0.20109,-0.25758,-0.00446,0.01587,2.23,2.24
-0.14793,-0.14793,-0.0335,0.01283,19.91,20.6
-0.14043,-0.68192,0.51795,-0.24127,2.75,1.95
-0.23926,-0.84653,0.19033,-0.01613,1.2519,1.22
-0.37903,-0.9047,0.07624,-0.06481,0.775,0.7201
-0.12293,-0.91152,0.02084,-0.03343,0.7049,0.691
-0.17744,-0.17744,0.00613,-0.00422,1.64,1.63
-0.17988,-0.32412,0.00769,-0.03346,1.31,1.3
-0.10526,-0.40201,-0.01739,-0.03361,1.13,1.15
-0.16302,-0.26351,0.00425,-0.00353,14.12,14.12
-0.2307,-0.25134,-0.03571,0.00358,4.05,4.2
-0.21687,-0.58244,0.02564,0.0,2.0,1.95
-0.16113,-0.16113,0.02105,-0.04833,1.94,1.9
-0.27528,-0.27528,0.00015,0.05411,1.31,1.3598
-0.16176,-0.35955,0.0131,0.00439,1.15,1.145
-0.18206,-0.18206,0.0058,0.00065,1.56,1.551
-0.20149,-0.26712,0.05505,0.01869,1.11,1.09
-0.2,-0.25333,0.02941,0.0119,1.7,1.7
-0.13934,-0.5,-0.0236,0.00467,1.0217,1.0549
-0.01875,-0.18653,0.0111,-0.16217,1.29,1.3154
-0.18049,-0.42857,0.0,-0.01786,1.65,1.65
-0.24029,-0.24029,-0.00096,-0.0142,5.17,5.205
-0.24583,-0.35984,0.0,0.00861,4.1,4.1
-0.48771,-0.48771,0.00202,-0.01049,9.92,9.9
-0.17449,-0.20846,0.00891,-0.00883,10.13,10.105
-0.47248,-0.52368,0.0099,-0.01222,6.1155,6.06
-0.20875,-0.66579,0.0,0.00263,9.3,9.52
-0.44018,-0.95586,0.03638,0.0346,4.496,4.425
-0.37267,-0.37267,0.01803,-0.03755,0.8298,0.8151
-0.1791,-0.20863,0.04933,0.01364,1.1625,1.115
-0.24888,-0.24888,0.10132,-0.06144,2.3611,2.27
-0.30623,-0.30623,0.01655,-0.10469,4.04,4.23
-0.13358,-0.1361,0.05882,-0.02612,5.76,5.78
-0.38326,-0.55836,0.04584,0.05179,3.02,2.945
-0.20779,-0.60897,0.00197,0.03893,2.4497,2.535
-0.25798,-0.66309,0.01245,-0.00372,1.18,1.205
-0.2059,-0.29614,0.00752,0.00204,4.65,4.655
-0.12887,-0.48788,0.00314,-0.05917,3.19,3.18
-0.25853,-0.25853,0.0,-0.09735,10.07,10.2
-0.15294,-0.43307,0.05385,-0.09722,7.8,7.8
-0.35115,-0.79364,0.00834,0.02989,3.121,3.239
-0.23381,-0.8904,-0.00299,-0.00018,1.665,1.67
-0.19456,-0.19456,0.0,0.0026,3.86,3.86
-0.18836,-0.18836,0.0124,0.0211,2.31,2.42
-0.28034,-0.60143,0.0279,-0.0189,0.6164,0.6022
-0.23675,-0.73735,0.02493,0.01064,0.3643,0.361
-0.26579,-0.535,-0.00763,-0.06093,13.0,13.1
-0.14526,-0.14526,0.00877,-0.02647,10.9,11.4
-0.30965,-0.42555,-0.01114,0.03812,7.503,8.17
-0.17722,-0.52555,-0.01455,0.01538,6.459,6.6
-0.19032,-0.7081,0.00026,-0.02501,3.895,3.899
-0.36892,-0.81234,0.01038,0.01128,2.588,2.6
-0.18607,-0.83365,0.02436,0.00878,2.305,2.299
-0.38272,-0.84625,0.00488,0.025,1.02,1.025
-0.33746,-0.39377,0.01522,-0.01168,2.13,2.115
-0.14209,-0.54167,0.01133,-0.01736,3.99,3.9453
-0.22794,-0.89952,-0.00508,-0.0619,19.1,19.7
-0.10053,-0.91866,0.07097,-0.08824,15.4,15.5
-0.24076,-0.93234,-0.01865,0.02453,10.0,10.19
-0.31538,-0.95019,0.03376,-0.05503,5.45,5.272
-0.2086,-0.84733,0.0067,0.01359,7.51,7.46
-0.16125,-0.20479,0.0,0.00306,9.835,9.835
-0.21868,-0.53902,0.01293,0.00655,2.3,2.32
-0.16667,-0.35,0.00457,0.01077,3.2602,3.285
-0.14331,-0.14331,0.0,0.05576,2.8,2.84
-0.21473,-0.36341,0.02595,0.0,5.12,5.01
-0.19409,-0.22282,0.00116,-0.00803,4.33,4.325
-0.18977,-0.31746,0.00164,0.01495,6.1061,6.11
-0.15403,-0.24163,0.00778,-0.02552,7.11,7.065
-0.19625,-0.25233,0.0,0.03888,3.2,3.34
-0.15388,-0.32391,0.00401,0.00353,9.98,9.96
-0.17614,-0.39471,0.01749,0.00766,6.6883,6.575
-0.2,-0.38065,0.00022,-0.03333,9.282,9.28
-0.22346,-0.66164,0.0,0.0,1.39,1.39
-0.01961,-0.01961,-0.02292,-0.12665,3.19,6.5501
-0.81386,-0.84427,0.0,0.0073,1.17,1.2
-0.14735,-0.22776,0.00233,-0.01152,4.272,4.29
-0.693,-0.88503,0.04629,-0.04075,3.204,3.154
-0.47777,-0.79848,0.00918,-0.00183,9.89,9.8
-0.19149,-0.30657,0.04211,0.0,1.98,1.9
-0.18272,-0.18272,0.02213,0.01016,2.54,2.485
-0.17209,-0.40864,0.0,0.01124,1.8,1.8
-0.15917,-0.41369,0.01889,-0.02397,15.76,15.88
-0.17112,-0.66447,0.05342,-0.04902,2.55,2.658
-0.18954,-0.29492,0.02245,-0.00978,5.675,5.568
-0.17824,-0.38144,0.01929,0.01926,5.125,5.028
-0.34277,-0.47586,0.03676,-0.02392,4.23,4.08
-0.20579,-0.53167,0.03518,0.04402,2.06,1.99
-0.42769,-0.51286,-0.0071,-0.01857,7.929,8.032
-0.17033,-0.17033,0.00399,-0.00397,7.55,7.52
-0.318,-0.44701,0.00081,-0.00883,18.46,18.515
-0.25106,-0.5823,0.02106,-0.01559,13.93,13.89
-0.18355,-0.256,0.00245,-0.0137,12.27,12.24
-0.19389,-0.45296,0.00364,-0.00782,8.28,8.25
-0.21272,-0.49963,0.00146,0.00881,6.88,6.87
-0.19741,-0.49081,0.00388,-0.02184,5.16,5.15
-0.18352,-0.48431,-0.02227,-0.00118,13.26,13.562
-0.71216,-0.77576,0.00897,0.02133,3.83,3.8453
-0.20232,-0.39421,0.0006,0.01029,16.7,16.69
-0.53575,-0.60186,-0.08476,0.06384,9.3221,10.5
-0.39007,-0.76725,0.00686,0.01042,5.87,5.83
-0.24232,-0.8209,0.01124,0.00225,4.5,4.45
-0.28986,-0.8814,-0.01336,0.0032,2.91,2.9494
-0.21993,-0.90843,0.02632,0.00441,2.32,2.28
-0.27089,-0.27089,0.01661,0.04514,2.96,3.01
-0.16241,-0.18327,-0.02929,0.04139,2.32,2.39
-0.47007,-0.74437,0.02927,0.04931,7.5,7.618
-0.19577,-0.75915,0.01356,0.00278,6.8,6.859
-0.26555,-0.71553,-0.0062,-0.10224,7.049,7.253
-0.21147,-0.69961,0.00223,0.00298,5.39,5.378
-0.06426,-0.56423,-0.00673,-0.2563,4.41,4.4399
-0.18956,-0.29426,-0.00671,0.01017,2.8,2.98
-0.19785,-0.24132,0.01474,-0.01563,8.8407,8.82
-0.20308,-0.33534,0.0004,-0.01969,12.45,12.445
-0.35323,-0.88909,0.00122,-0.0118,6.5,6.532
-0.09593,-0.9105,0.0984,-0.06262,5.492,5.0
-0.134,-0.92735,0.00048,-0.03048,4.198,4.198
-0.2041,-0.94399,0.055,0.01318,3.368,3.382
-0.2979,-0.96077,0.05504,0.01027,2.4,2.362
-0.23723,-0.79444,0.0,-0.04354,1.16,1.16
-0.17391,-0.63758,0.0,0.00658,1.53,1.53
-0.28783,-0.60649,-0.01099,0.04167,1.35,1.365
-0.39512,-0.39512,0.00813,-0.00806,1.19,1.23
-0.144,-0.144,-0.00701,-0.00072,2.7,2.78
-0.14097,-0.4,0.00262,-0.02308,1.89,1.905
-0.20923,-0.59206,0.02,-0.02724,1.02,1.0
-0.15523,-0.46544,-0.00097,0.00162,10.29,10.3
-0.64257,-0.72347,0.00801,-0.00439,12.58,12.48
-0.19069,-0.19069,0.03774,-0.0167,2.7457,2.65
-0.19082,-0.2858,0.00017,-0.01085,6.0,6.019
-0.19697,-0.26184,0.00125,-0.00628,7.91,7.9001
-0.39437,-0.61803,0.00276,0.02844,5.42,5.425
-0.23231,-0.62852,0.00202,0.00576,14.8699,14.84
-0.21536,-0.30576,0.00213,0.0,4.7,4.7
-0.27956,-0.36908,0.01278,0.00938,4.36,4.305
-0.15914,-0.2398,0.01625,-0.03356,3.6582,3.6
-0.80094,-0.82288,0.0324,-0.01486,0.82,0.855
-0.69934,-0.69934,0.17908,-0.01269,0.225,0.2256
-0.13789,-0.13789,0.02867,-0.05542,0.2978,0.3
-0.16018,-0.76999,0.01869,-0.04635,5.45,5.35
-0.1654,-0.82001,0.0,0.00228,4.4,4.4
-0.19818,-0.6036,0.01701,0.02239,3.66,3.5988
-0.18638,-0.48409,-0.00435,0.01322,2.29,2.3
-0.19697,-0.51708,0.00461,0.02358,2.17,2.17
-0.24303,-0.6241,0.0215,0.00897,1.7008,1.665
-0.17901,-0.69704,0.02637,-0.05639,1.2606,1.255
-0.14279,-0.27118,0.0084,-0.01194,9.53,9.52
-0.16651,-0.38588,0.0,-0.00813,4.27,4.27
-0.24199,-0.24511,0.00073,-0.01174,5.45,5.446
-0.13102,-0.23315,0.00674,-0.03626,3.735,3.71
-0.12935,-0.36034,0.0243,-0.02403,0.94,0.9177
-0.17048,-0.17205,0.00695,-0.01261,4.3,4.3001
-0.21696,-0.21696,0.0462,-0.00675,4.22,4.091
-0.2071,-0.36312,0.01322,0.01642,3.43,3.405
-0.1732,-0.31989,0.01562,0.01186,2.6,2.56
-0.23789,-0.43132,0.00918,-0.01821,1.11,1.0999
-0.19448,-0.52327,0.002,-0.001,0.7015,0.7001
-0.1278,-0.70333,-0.01169,-0.01949,0.4031,0.4276
-0.25638,-0.60494,0.00919,-0.01804,0.34,0.3375
-0.17647,-0.85835,0.02113,0.01429,17.3,17.04
-0.24606,-0.89239,0.05178,-0.00643,12.6,12.36
-0.21858,-0.92213,0.00436,0.01977,9.22,9.18
-0.2859,-0.91821,0.01861,0.00447,7.774,7.632
-0.27626,-0.94273,0.00738,0.02419,5.46,5.42
-0.15717,-0.94492,0.0,-0.00205,4.87,4.87
-0.32623,-0.32623,0.06385,-0.02197,0.23,0.2537
-0.15966,-0.15966,0.0,-0.02,2.94,2.94
-0.18342,-0.22491,0.00162,-0.01199,6.17,6.18
-0.21976,-0.40102,0.00119,0.01303,4.19,4.205
-0.12088,-0.15789,0.0,0.0125,2.34,2.43
-0.44649,-0.54212,-0.00891,-0.06653,4.45,4.49
-0.34177,-0.7525,0.01575,-0.02308,2.58,2.54
-0.31283,-0.46591,0.01719,-0.01994,8.625,8.553
-0.1272,-0.53305,-0.0133,-0.01442,7.42,7.52
-0.15749,-0.5153,-0.02879,0.00884,7.56,7.99
-0.16764,-0.35607,0.01437,-0.02794,8.47,8.35
-0.20839,-0.46023,0.04969,0.0236,20.49,19.52
-0.10762,-0.10762,-0.01566,-0.04589,8.8,8.94
-0.18606,-0.21571,0.0,-0.0082,10.89,10.89
-0.17805,-0.26062,0.00497,-0.00571,8.09,8.05
-0.25089,-0.40873,0.0,0.0,12.6,12.6
-0.17641,-0.32774,-0.00717,0.00591,7.6001,7.655
-0.15544,-0.50311,0.06161,-0.24975,4.4,4.22
-0.16785,-0.68905,-0.00423,0.0071,3.53,3.545
-0.14362,-0.54775,-0.01887,-0.01242,1.56,1.59
-0.43842,-0.43842,0.00448,-0.02193,2.24,2.23
-0.09763,-0.52214,0.03662,-0.0851,1.84,1.775
-0.23373,-0.68103,0.0,0.01931,1.32,1.32
-0.16667,-0.28309,0.02,-0.01538,0.9792,0.96
-0.11835,-0.51471,0.09907,-0.00742,0.72,0.6551
-0.27134,-0.39993,0.0,0.0408,0.8493,0.8494
-0.25486,-0.51023,-0.00285,0.09974,10.4,10.53
-0.32857,-0.63939,0.02899,-0.02128,7.05,6.9
-0.79234,-0.79234,0.37647,0.0119,1.9969,1.7
-0.21617,-0.8382,0.03133,-0.02223,1.2609,1.2799
-0.21705,-0.87515,0.0,0.0,1.0,1.01
-0.17407,-0.20011,0.0,0.02222,14.15,14.26
-0.21396,-0.29542,-0.00094,0.01146,5.2899,5.295
-0.16461,-0.19123,0.02469,-0.01812,1.66,1.62
-0.28329,-0.28329,0.02734,0.01186,2.63,2.56
-0.8235,-0.87828,0.01082,-0.01841,13.51,13.86
-0.21556,-0.90526,0.03717,0.00364,10.55,11.03
-0.57284,-0.96284,0.03908,0.00928,4.45,4.35
-0.15633,-0.97302,0.03503,0.00319,3.05,3.14
-0.22778,-0.94009,-0.03792,0.02446,6.85,7.12
-0.20584,-0.95427,0.01912,-0.01414,5.2052,5.23
-0.37284,-0.84694,-0.01257,-0.01436,17.01,17.5
-0.28212,-0.89306,0.00639,-0.0532,11.55,11.745
-0.48348,-0.94879,0.04969,-0.03451,5.86,5.735
-0.32155,-0.96526,0.00789,-0.02481,3.76,3.93
-0.17303,-0.97198,0.0186,-0.0092,3.23,3.2201
-0.20767,-0.97801,0.01181,-0.00443,2.491,2.54
-0.33234,-0.98606,0.24771,-0.02242,1.2377,1.09
-0.2,-0.26089,0.01155,0.00187,13.58,13.425
-0.40663,-0.44034,0.22393,-0.17259,17.65,16.3
-0.43358,-0.67898,0.03863,0.03097,11.07,11.65
-0.22509,-0.81398,0.03846,-0.00733,6.75,6.5
-0.19692,-0.31378,0.05099,0.02596,2.7,2.569
-0.25985,-0.67479,0.02326,0.06016,1.055,1.075
-0.06748,-0.16721,0.14471,-0.08858,2.07,2.315
-0.17734,-0.45246,0.0184,-0.02395,1.6599,1.63
-0.26671,-0.98461,0.02655,-0.03419,10.13,10.17
-0.29969,-0.99014,0.07429,-0.10187,6.174,6.057
-0.14066,-0.99421,-0.00677,0.00707,3.92,3.987
-0.23859,-0.99409,0.00208,-0.06886,2.411,2.407
-0.3125,-0.98338,0.00798,0.00535,3.76,3.76
-0.19602,-0.97745,0.01171,0.02136,4.12,4.27
-0.18068,-0.97476,-0.00581,0.02656,3.42,3.44
-0.09825,-0.9668,0.07656,-0.18677,2.07,2.09
-0.19807,-0.97749,0.59336,-0.15663,1.7203,1.4
-0.18495,-0.98734,-0.0032,0.05606,0.93,0.9382
-0.24286,-0.99019,0.02604,0.0254,0.7179,0.7065
-0.12094,-0.12094,0.01053,-0.04362,2.82,2.85
-0.16528,-0.19437,0.04793,0.00666,3.17,3.025
-0.17816,-0.17816,0.00376,0.0303,2.17,2.21
-0.30236,-0.63083,0.00909,-0.00621,17.7,17.61
-0.40722,-0.74725,0.04348,0.0,9.0,9.2
-0.2413,-0.80824,0.05433,-0.04011,7.064,6.7
-0.25525,-0.82402,0.05039,-0.00112,4.69,4.465
-0.19508,-0.44997,0.0,0.03025,2.04,2.04
-0.16525,-0.27037,0.00567,-0.01574,1.95,1.939
-0.15556,-0.23387,0.01571,0.00526,1.9198,1.91
-0.27032,-0.50862,0.00658,0.11111,7.5,7.6
-0.15193,-0.2457,0.00034,-0.02801,2.985,2.984
-0.15022,-0.15022,0.02562,-0.00903,3.8763,3.84
-0.21839,-0.44299,0.00493,0.08811,5.299,5.273
-0.33357,-0.64736,0.02182,-0.03157,3.66,3.62
-0.22549,-0.56166,0.0,-0.00495,0.99,1.025
-0.14188,-0.40228,0.00209,-0.00669,0.8627,0.8609
-0.11963,-0.18678,0.03759,-0.01574,0.9158,0.9445
-0.15747,-0.42051,0.03302,-0.03451,0.682,0.6602
-0.17899,-0.52051,0.01318,-0.00123,2.46,2.428
-0.24184,-0.61972,0.0542,0.02386,2.081,1.974
-0.19026,-0.19026,0.0516,-0.04072,3.0,2.975
-0.22468,-0.36031,0.01992,0.02449,2.35,2.51
-0.1662,-0.29599,0.01038,-0.03183,2.92,2.89
-0.16998,-0.26357,0.00191,0.0,10.47,10.45
-0.30522,-0.54742,0.00145,-0.00289,6.9,6.9
-0.41479,-0.94553,0.24082,0.04611,13.5,12.25
-0.22857,-0.95981,-0.0055,0.05208,9.01,9.09
-0.22469,-0.97079,0.19931,-0.08121,5.98,5.77
-0.22134,-0.98167,0.02015,0.02005,4.0,4.019
-0.14432,-0.98368,3e-05,-0.01665,3.43,3.4499
-0.18569,-0.97777,0.00963,-0.02197,4.72,4.675
-0.24519,-0.98905,0.02553,-0.00212,2.41,2.35
0.04842,-0.97684,0.23635,-0.22695,4.1,3.8498
-0.15154,-0.2979,0.0,-0.00655,2.74,2.79
-0.22553,-0.97267,0.00415,0.05879,18.99,19.27
-0.16614,-0.97634,0.03226,-0.0165,15.31,15.5
-0.28625,-0.98285,0.03556,-0.01489,10.6,11.25
-0.13953,-0.98667,-0.00791,-0.00338,8.41,8.85
-0.16831,-0.98857,0.06383,-0.01183,7.76,7.52
-0.39323,-0.99219,0.01378,-0.02308,5.06,5.08
-0.28935,-0.99539,0.03125,0.04235,3.13,3.2
-0.3677,-0.46522,0.01087,-0.04485,8.33,8.28
-0.15629,-0.63202,0.01188,-0.01091,5.96,5.8999
-0.5158,-0.65174,0.02404,-0.0066,2.63,2.5878
-0.1332,-0.69987,0.01573,-0.00891,2.24,2.225
-0.14649,-0.52874,0.01729,-0.0156,3.4999,3.47
-0.24831,-0.55481,0.00348,-0.01544,3.29,3.2786
-0.59585,-0.80265,0.00102,0.01083,1.27,1.2787
-0.17064,-0.77875,0.00346,0.0189,1.4403,1.445
-0.3232,-0.86802,0.00205,0.03806,0.8791,0.8782
-0.32041,-0.89544,0.02271,0.0152,0.6301,0.621
-0.13707,-0.88778,0.01726,-0.02777,0.4948,0.4866
-0.17485,-0.90996,0.03632,0.001,0.404,0.402
-0.20833,-0.55269,0.0098,0.00757,2.02,2.0101
-0.21277,-0.64345,0.00312,0.00931,1.5899,1.605
-0.18553,-0.70964,0.00375,0.03089,1.3201,1.335
-0.17857,-0.40675,0.13514,-0.01003,1.56,1.48
-0.17399,-0.17399,0.02818,0.01436,2.54,2.4801
-0.16441,-0.37331,0.00809,0.0,1.87,1.855
-0.31622,-0.57264,0.03333,-0.05138,1.23,1.2
-0.22514,-0.27332,0.06214,-0.00984,2.862,2.7774
-0.32026,-0.83838,0.03774,0.01923,12.96,12.72
-0.16432,-0.28252,0.02538,-0.00383,20.0,19.505
-0.20948,-0.20948,0.00198,-0.00579,9.0989,9.4313
-0.17363,-0.34923,0.01269,-0.01398,7.7485,7.7
-0.18182,-0.475,0.00721,-0.00873,6.29,6.245
-0.14885,-0.28962,0.0033,-0.0157,9.0001,9.09
-0.22623,-0.48038,0.04791,-0.02665,6.89,6.575
-0.17163,-0.35769,0.03275,-0.0491,8.19,7.94
-0.20882,-0.24438,0.00291,0.02156,13.78,13.74
-0.16846,-0.43427,0.00799,-0.00596,10.09,10.01
-0.22537,-0.22537,0.01086,-0.02408,10.24,10.13
-0.23632,-0.23632,0.02158,0.01253,17.75,17.375
-0.16024,-0.51485,0.00629,0.01352,19.75,19.865
-0.15263,-0.81563,0.01966,-0.01254,7.4882,7.355
-0.14035,-0.16882,0.00836,-0.01215,10.25,10.165
-0.17273,-0.21358,0.00312,0.00471,3.1999,3.2
-0.14676,-0.2163,0.00201,-0.006,2.49,2.485
-0.28792,-0.9257,0.00592,0.01685,8.2815,8.45
-0.17428,-0.93688,0.0,0.013,6.24,6.24
-0.18084,-0.82667,0.00307,0.00308,13.0,13.04
-0.1789,-0.85833,-0.00197,-0.04659,10.0,10.13
-0.13536,-0.53363,0.02066,-0.01909,7.41,7.26
-0.19403,-0.54366,0.0,-0.00617,3.22,3.22
-0.20339,-0.60282,-0.02759,0.02837,2.82,2.9
-0.148,-0.29706,-0.01466,-0.03558,3.36,3.41
-0.18155,-0.45328,0.0,0.02909,2.83,2.83
-0.1601,-0.3055,0.00296,-0.0088,3.3801,3.38
-0.177,-0.30604,0.00393,0.00412,6.37,6.355
-0.32858,-0.51927,0.02147,0.04363,4.5,4.425
-0.14981,-0.64531,0.02346,-0.00661,2.29,2.255
-0.17206,-0.43513,0.00235,-0.00078,6.41,6.395
-0.18139,-0.22414,0.00459,0.01587,8.0,8.0
-0.15868,-0.20131,0.00358,-0.01645,16.8,16.74
-0.49187,-0.65006,0.0,-0.008,6.19,6.2
-0.13756,-0.2413,0.02764,-0.03725,5.16,5.04
-0.10839,-0.10839,0.12828,-0.07297,3.4772,3.43
-0.18311,-0.57071,0.00883,0.00975,0.8503,0.8496
-0.19662,-0.63734,0.00781,-0.00296,0.645,0.64
-0.28141,-0.74017,0.05485,0.03066,0.5,0.474
-0.61779,-0.86385,0.03868,-0.02147,0.177,0.1732
-0.10323,-0.88017,0.01923,-0.06475,0.13,0.13
-0.15745,-0.32544,0.0069,-0.05337,0.5826,0.58
-0.35392,-0.42158,0.01593,-0.11442,0.4463,0.452
-0.17376,-0.57333,0.02696,0.0395,0.38,0.3895
-0.18947,-0.6198,0.02224,0.00714,0.317,0.3102
-0.13525,-0.64159,0.00042,-0.02715,12.0001,12.005
-0.20169,-0.60387,0.00109,-0.0276,9.17,9.16
-0.14953,-0.20312,0.00033,-0.02386,14.94,14.935
-0.181,-0.181,0.00184,0.00626,0.7084,0.7071
-0.2931,-0.2931,0.00813,0.0,2.47,2.46
-0.15749,-0.55695,0.0,0.0118,1.54,1.56
-0.1877,-0.1877,0.01237,-0.00144,0.6299,0.6223
-0.18366,-0.36948,0.0,0.02158,15.62,15.62
-0.23288,-0.53294,0.00045,-0.00759,11.12,11.115
-0.24321,-0.48426,0.0,0.0006,16.72,16.72
-0.57588,-0.72051,0.35683,0.04128,12.09,11.35
-0.25581,-0.88744,0.0,0.04784,4.5,4.6
-0.17716,-0.41167,0.00615,-0.07932,3.17,3.25
-0.41814,-0.41814,-0.00901,0.05291,4.51,4.8399
-0.18009,-0.60963,0.01677,-0.00458,15.46,15.205
-0.15929,-0.44269,0.0,-0.01498,12.165,12.165
-0.76064,-0.78571,0.06509,-0.24889,6.56,6.76
-0.39024,-0.39302,0.53846,0.02375,5.65,4.095
-0.23892,-0.46586,0.05263,0.02557,3.62,3.61
-0.55437,-0.55437,0.02395,0.00103,4.465,4.385
-0.1807,-0.45575,0.01296,0.00935,5.41,5.4
-0.16156,-0.49847,-0.01581,0.02637,4.89,5.06
-0.17358,-0.27,-0.00472,-0.03196,4.22,4.24
-0.16955,-0.16955,0.02577,-0.02832,16.16,16.3
-0.19475,-0.53639,0.02444,0.00481,9.5897,9.41
-0.51762,-0.67239,0.01014,0.01592,5.38,5.425
-0.18681,-0.47493,0.02253,-0.05267,5.896,5.77
-0.21053,-0.54545,-0.00045,-0.004,4.48,4.482
-0.32135,-0.38031,0.04265,-0.01402,6.5994,6.33
-0.1327,-0.47008,0.03154,-0.01821,5.56,5.39
-0.49883,-0.54176,0.0137,0.02336,2.19,2.19
-0.29937,-0.45818,0.00223,0.00447,4.5,4.49
-0.26994,-0.26994,-0.02642,0.11345,12.6,13.25
-0.28821,-0.53712,0.02831,0.044,7.716,7.877
-0.22841,-0.62344,0.01531,0.04301,6.5,6.402
-0.21994,-0.53263,0.01873,0.01632,11.42,11.21
-0.38431,-0.73812,0.01667,0.13422,6.0,6.0
-0.28027,-0.49828,-0.00356,-0.12461,14.0,14.05
-0.28504,-0.48015,-0.00554,-0.02345,16.15,16.24
-0.1517,-0.57174,-0.00524,0.00307,13.67,13.742
-0.27726,-0.70991,-0.00647,-0.00108,9.07,9.27
-0.14375,-0.74679,-0.01741,-0.00742,7.9,8.04
-0.10074,-0.65677,0.75107,-0.06557,16.31,10.26
-0.28641,-0.57979,0.00302,-0.0265,9.95,9.92
-0.27298,-0.27298,0.0487,0.00377,5.57,5.32
-0.21631,-0.33779,0.02227,0.0233,5.05,4.94
-0.22219,-0.52926,0.01376,0.00456,2.21,2.18
-0.1974,-0.60292,0.0,-0.00147,3.385,3.39
-0.14916,-0.14916,0.00952,0.00247,6.06,6.09
-0.2817,-0.70216,-0.0182,0.0259,0.696,0.7089
-0.24011,-0.24241,-0.0013,0.02932,7.71,7.72
-0.14899,-0.14899,0.00498,-0.07003,17.85,18.06
-0.1592,-0.41172,0.04436,-0.03576,14.31,13.75
-0.19025,-0.79429,0.00928,-0.00231,4.35,4.31
-0.25854,-0.49333,-0.00905,0.03618,3.1215,3.15
-0.60507,-0.68596,0.1307,-0.16006,6.8,6.014
-0.44967,-0.82351,0.26096,-0.01342,4.83,3.97
-0.13602,-0.84956,0.08086,-0.07697,3.37,3.166
-0.13681,-0.87658,0.04803,-0.09737,2.662,2.54
-0.19965,-0.91658,-0.04311,0.027,1.82,1.902
-0.22817,-0.91239,0.01266,0.01542,1.87,1.975
-0.15263,-0.92748,-0.01887,-0.01242,1.56,1.59
-0.2322,-0.38367,0.0001,0.13675,0.937,1.0299
-0.34927,-0.84784,0.04278,-0.03608,15.15,14.96
-0.28105,-0.83824,-0.00425,0.14121,17.7,18.83
-0.19573,-0.85216,0.03518,-0.01989,14.55,14.78
-0.17,-0.87794,0.0728,-0.04016,12.82,11.95
-0.51042,-0.68682,0.0496,-0.00198,10.35,10.08
-0.14557,-0.25426,0.06174,-0.02723,5.1,4.859
-0.15969,-0.15969,-0.00676,-0.00616,5.105,5.324
-0.15143,-0.46118,0.00029,-0.00116,3.363,3.431
-0.23967,-0.63624,0.04563,0.0207,2.426,2.367
-0.125,-0.67059,0.00515,-0.07619,1.95,1.94
-0.1294,-0.77194,0.55556,-0.00956,2.1393,1.44
-0.26705,-0.52477,0.01976,-0.01938,2.53,2.53
-0.15142,-0.50451,-0.06084,-0.0223,2.47,2.63
-0.13636,-0.36635,0.0,-0.05263,2.43,2.43
0.01068,0.01068,0.03045,-0.28873,1.86,2.02
-0.28891,-0.28891,0.00337,-0.00224,8.73,8.89
-0.92739,-0.92739,0.09362,0.04052,0.9897,0.9784
-0.24049,-0.94264,-0.00827,0.00902,0.722,0.7495
-0.14973,-0.96795,0.02141,-0.00964,0.4115,0.4111
-0.26582,-0.4388,0.0,0.01983,11.72,11.83
-0.2401,-0.28435,-0.00574,-0.00381,7.79,7.835
-0.22786,-0.45268,0.00355,-0.06234,5.66,5.64
-0.08304,-0.52775,0.03855,-0.20039,4.3,4.15
-0.13763,-0.54959,0.0064,-0.05253,4.72,4.69
-0.18872,-0.61778,-0.00476,0.00719,4.12,4.2
-0.15676,-0.85043,0.10667,-0.05769,1.55,1.47
-0.23394,-0.89798,0.03704,0.01791,1.12,1.08
-0.17188,-0.56468,-0.07273,0.03774,1.02,1.1
-0.27334,-0.35913,-0.01111,-0.02477,12.32,12.6
-0.22609,-0.23932,0.03202,-0.02247,12.32,12.18
-0.34573,-0.39124,0.04592,-0.0001,9.941,9.8
-0.17708,-0.36151,-0.0209,-0.02248,0.89,0.909
-0.24157,-0.3652,-0.00976,0.00736,2.02,2.0399
-0.13091,-0.25078,0.01364,-0.0795,2.23,2.2
-0.18657,-0.48826,0.00237,-0.03211,8.46,8.44
-0.29457,-0.29457,-0.00657,-0.0225,7.85,7.93
-0.61471,-0.61471,0.01152,-0.00193,13.64,13.89
-0.2171,-0.52353,0.01127,-0.00087,5.7982,5.765
-0.18313,-0.33854,0.0,0.01475,3.44,3.44
-0.19704,-0.21537,0.02926,-0.0388,5.1,4.955
-0.16517,-0.22403,0.0,0.01375,8.48,8.48
-0.17073,-0.40351,0.00599,-0.01765,1.68,1.67
-0.26005,-0.26005,0.00933,-0.02899,5.33,5.36
-0.13504,-0.45042,0.01531,-0.04388,3.9748,3.92
-0.15225,-0.51476,-0.0085,-0.02483,3.5,3.53
-0.19256,-0.72075,0.01671,0.00566,2.13,2.095
-0.34685,-0.61126,0.02076,-0.00345,2.9,2.89
-0.24386,-0.29623,0.03645,-0.00052,0.6,0.5789
-0.38119,-0.59394,0.00536,-0.00533,7.5,7.46
-0.26791,-0.35967,0.00141,0.00426,7.09,7.08
-0.4646,-0.52111,0.00118,-0.01276,4.2,4.255
-0.22956,-0.31469,0.0,0.02653,5.03,5.03
-0.17188,-0.44406,0.00124,0.01258,4.03,4.025
-0.15823,-0.34158,0.00377,-0.00376,15.84,15.9
-0.15323,-0.18831,0.47173,0.0095,7.3806,5.2999
-0.27252,-0.33212,0.00348,-0.01118,17.3,17.25
-0.24157,-0.49899,0.019,0.02102,12.87,12.63
-0.24545,-0.56229,0.01175,0.02411,6.83,6.8001
-0.50776,-0.51738,0.01404,0.01078,19.0,19.23
-0.29091,-0.29091,0.01864,-0.03718,3.825,3.755
-0.12286,-0.33734,0.01397,-0.03397,2.105,2.076
-0.17656,-0.23532,0.00754,0.00236,8.47,8.485
-0.22414,-0.39098,0.01574,-0.00094,4.0995,4.0462
-0.15903,-0.17324,0.04584,0.00341,2.9909,2.945
-0.11806,-0.20625,-0.00415,-0.05118,0.12,0.1205
-0.16644,-0.16644,-0.00052,0.01893,0.382,0.3822
-0.24724,-0.68496,0.06529,-0.0287,15.03,14.55
-0.56011,-0.63885,0.012,-0.00398,12.58,12.5
-0.41568,-0.74795,0.00958,-0.00949,7.1919,7.31
-0.49228,-0.95622,0.00813,-0.01521,1.23,1.23
-0.15905,-0.16071,0.03218,-0.04681,4.1,4.04
-0.31897,-0.45248,0.02198,-0.01266,2.72,2.73
-0.24296,-0.62517,0.00326,-0.00117,1.54,1.535
-0.16052,-0.25654,0.02218,-0.01525,2.2897,2.2403
-0.14331,-0.36854,0.0598,-0.01784,1.36,1.321
-0.21965,-0.52768,0.06829,0.06396,0.9894,0.9548
-0.12615,-0.27179,0.14943,-0.08099,3.0,2.61
-0.16789,-0.23823,0.0,0.01324,8.035,8.035
-0.13937,-0.16399,-0.01265,-0.01002,11.71,11.86
-0.4421,-0.50357,-0.00059,0.0204,8.495,8.505
-0.28251,-0.33333,-0.0229,0.02344,0.32,0.3275
-0.13966,-0.18085,-0.00656,-0.00974,1.515,1.525
-0.20723,-0.6599,0.04374,-0.02529,0.325,0.3315
-0.22353,-0.22353,0.04022,0.03409,1.37,1.365
-0.17138,-0.25912,0.0,0.02422,1.29,1.29
-0.12785,-0.4872,0.06733,-0.12916,11.7,10.99
-0.18474,-0.52728,0.01658,-0.01493,11.65,11.46
-0.27372,-0.84526,0.0,-0.00302,19.51,19.84
-0.27364,-0.90353,0.0449,-0.00774,7.772,7.438
-0.13125,-0.73062,0.00379,-0.06115,2.6199,2.61
-0.38248,-0.68925,0.01003,0.0346,1.47,1.495
-0.27917,-0.79383,0.0165,-0.02034,0.9201,0.9392
-0.14622,-0.82471,-0.00212,-0.01423,0.8018,0.8035
-0.17078,-0.21027,0.00354,-0.00509,12.75,12.705
-0.14929,-0.50794,0.00649,-0.00645,7.75,7.7
-0.25543,-0.46167,-0.00583,-0.00288,3.41,3.43
-0.4219,-0.44166,-0.00299,0.02556,10.0,10.03
-0.17265,-0.39798,0.00182,0.01537,16.55,16.52
-0.20122,-0.21171,-0.00143,0.01196,13.94,13.96
-0.30952,-0.92,0.0262,-0.01293,18.32,18.32
-0.15873,-0.94289,0.01817,-0.00302,13.45,13.21
-0.11679,-0.46195,0.12766,0.00406,5.3,4.7
-0.35991,-0.35991,0.01282,0.05051,7.6,7.8
-0.17558,-0.45276,0.00787,0.00032,6.35,6.35
-0.26797,-0.70681,-0.00674,0.09027,3.683,3.708
-0.19202,-0.62063,0.00096,0.04603,2.37,2.5
-0.7275,-0.77831,0.04552,0.01886,19.95,19.99
-0.14276,-0.19865,0.00025,0.01305,3.959,3.96
-0.18643,-0.56253,0.01527,-0.01781,2.128,2.096
-0.19065,-0.631,-0.00057,-0.02667,1.698,1.752
-0.31417,-0.78065,0.01465,0.02196,1.039,1.024
-0.13103,-0.14865,-0.016,-0.00794,1.23,1.25
-0.23057,-0.34581,0.0473,-0.00337,1.545,1.48
-0.12798,-0.35463,0.01439,-0.05119,1.38,1.39
-0.16952,-0.61952,0.1034,-0.01575,0.938,0.8501
-0.17724,-0.32774,0.02034,0.0,4.4997,4.41
-0.61898,-0.6545,-0.00097,-0.02547,5.13,5.165
-0.20175,-0.3614,0.00541,0.01648,1.84,1.85
-0.23756,-0.23756,0.02212,-0.05051,17.1,16.73
-0.16239,-0.23669,-0.01184,-0.01842,17.11,17.315
-0.11572,-0.34531,0.02833,-0.06675,14.52,14.12
-0.16456,-0.42882,0.00838,-0.0053,13.24,13.13
-0.13973,-0.50714,0.01,-0.03424,11.11,11.0
-0.16213,-0.38651,-0.01642,-0.01006,12.58,12.79
-0.19914,-0.66481,-0.03971,0.02026,2.62,2.77
-0.17316,-0.72636,-0.03061,0.02618,1.9,1.96
-0.15,-0.15,0.03053,-0.11762,3.71,3.6001
-0.17868,-0.45417,0.01938,-0.01527,2.63,2.58
-0.86547,-0.96631,0.04248,0.01979,19.45,19.07
-0.51574,-0.98337,0.08789,0.01083,10.07,9.33
-0.47704,-0.99097,0.19223,0.02794,5.32,5.15
-0.24561,-0.99225,0.05157,0.03721,4.54,4.46
-0.14067,-0.98888,0.00974,-0.00162,6.19,6.16
-0.35857,-0.9942,0.0031,0.00311,3.23,3.23
-0.17593,-0.99519,0.01931,-0.02996,2.56,2.59
-0.14754,-0.99625,0.0199,-0.03365,2.02,2.01
-0.14495,-0.99692,0.00581,0.00579,1.72,1.72
-0.2905,-0.9975,0.00769,0.02362,1.2999,1.3
-0.12946,-0.81944,0.00137,-0.02728,0.9497,0.9484
-0.17606,-0.18372,0.00283,0.00712,7.0291,7.07
-0.23534,-0.38275,0.00183,-0.00274,5.47,5.46
-0.41464,-0.97686,0.05964,0.0141,6.588,6.69
-0.19397,-0.97592,0.01225,0.00374,5.421,5.631
-0.2214,-0.97377,0.0013,0.04265,4.5,4.62
-0.19383,-0.97586,0.03613,-0.00383,3.933,3.903
-0.24848,-0.94427,0.0152,0.00806,3.693,3.75
-0.41738,-0.95364,0.01517,0.05326,2.31,2.373
-0.19014,-0.96451,0.0117,-0.0087,1.73,1.71
-0.25599,-0.97367,0.03937,-0.00758,1.3,1.27
-0.17483,-0.97572,0.01266,0.00424,1.2,1.185
-0.20419,-0.69293,0.00324,0.01645,1.5395,1.545
-0.20652,-0.48349,0.15929,0.03196,1.03,1.13
-0.91194,-0.92125,0.07554,-0.0464,7.03,7.81
-0.31772,-0.94817,0.04038,-0.03525,5.35,5.2
-0.2411,-0.97311,0.04545,0.03249,2.91,2.86
-0.17526,-0.9767,0.04202,-0.00833,2.33,2.38
-0.1814,-0.98291,0.0,0.01136,1.77,1.78
-0.33369,-0.33369,0.00658,-0.02093,6.12,6.08
-0.29572,-0.29572,0.01657,0.0,3.61,3.62
-0.26087,-0.26087,0.00031,0.14082,1.92,1.9394
-0.30285,-0.30285,0.03538,0.13277,2.61,2.685
-0.14074,-0.31765,0.00452,-0.04741,2.11,2.21
-0.22715,-0.34353,0.00704,0.01792,2.81,2.84
-0.6446,-0.6446,-0.0049,0.0,10.15,10.2
-0.18335,-0.71118,0.02128,-0.00772,8.15,8.225
-0.23052,-0.23052,0.0126,-0.02233,2.53,2.539
-0.48184,-0.6093,0.04372,-0.02956,3.414,3.545
-0.23033,-0.73947,0.02362,0.00821,2.464,2.456
-0.23913,-0.4385,0.00441,0.08095,5.65,5.675
-0.24088,-0.44385,0.01493,-0.03365,5.0,5.025
-0.17758,-0.45465,0.02001,-0.03942,4.897,4.898
-0.23919,-0.59348,0.0,0.10497,3.95,4.2
-0.20139,-0.69251,0.0,0.04139,2.9,2.994
-0.36248,-0.79027,-0.00771,-0.00816,1.923,1.945
-0.18267,-0.67219,0.00032,0.01077,2.911,3.098
-0.201,-0.79465,0.01579,-0.01042,1.93,1.9
-0.16803,-0.78289,0.04304,-0.02709,2.06,1.975
-0.18343,-0.632,-0.01852,-0.02174,1.325,1.35
-0.21782,-0.53869,0.04075,0.00949,1.53,1.595
-0.1981,-0.88135,0.6666,-0.10261,6.278,4.784
-0.26,-0.89921,0.0,-0.00394,3.538,3.538
-0.2905,-0.85964,0.008,-0.01575,1.24,1.25
-0.84857,-0.84857,0.06,0.17922,4.6057,5.0
-0.276,-0.87071,0.0,0.00829,3.55,3.65
-0.24658,-0.90179,0.01845,-0.01455,2.76,2.71
-0.17749,-0.93214,0.02674,-0.01579,1.87,1.87
-0.24201,-0.94071,0.00606,-0.00602,1.6404,1.65
-0.17437,-0.44436,0.01802,-0.05322,1.13,1.11
-0.26561,-0.56142,-0.02589,0.02658,0.9254,0.95
-0.23158,-0.30806,0.00104,-0.00788,1.45,1.4485
-0.20015,-0.52595,0.00074,-0.01618,0.5414,0.541
-0.17556,-0.67086,-0.09,-0.03091,0.3367,0.37
-0.49631,-0.55276,0.01906,0.01137,0.5095,0.5247
-0.22503,-0.46513,0.00706,-0.01605,0.5989,0.5947
-0.26063,-0.65832,-0.03285,0.00907,0.3768,0.3896
-0.15261,-0.37886,0.00206,-0.03483,4.86,4.85
-0.20094,-0.20094,-0.00146,-0.00289,6.85,6.86
-0.44158,-0.52098,0.0,-0.01217,2.03,2.03
-0.25455,-0.62896,0.00662,0.01244,0.828,0.8302
-0.21272,-0.49198,0.00833,0.00371,5.45,5.405
-0.33215,-0.62809,0.00258,0.03191,3.89,3.88
-0.17462,-0.6013,0.00067,0.02109,15.02,15.01
-0.15665,-0.69091,0.02067,-0.01849,11.07,10.885
-0.157,-0.22444,0.0,0.00287,3.5,3.5
-0.33142,-0.61604,0.12054,-0.02604,2.1,2.24
-0.21789,-0.30292,0.0395,0.01017,5.79,5.57
-0.16242,-0.26811,-0.05242,0.06892,2.05,2.48
-0.13043,-0.36909,0.00524,-0.045,1.92,1.91
-0.23385,-0.56498,0.01379,0.05149,1.44,1.45
-0.1203,-0.57299,-0.04274,0.0,1.12,1.17
-0.10714,-0.15644,0.0,-0.06909,1.28,1.28
-0.34158,-0.51103,0.00443,0.05263,0.66,0.7
-0.24494,-0.35938,0.00244,-0.00244,4.1,4.09
-0.64575,-0.64575,0.01123,-0.05181,7.91,7.87
-0.24277,-0.74306,0.00843,-0.01495,5.7103,5.93
-0.34724,-0.84259,-0.00273,-0.00762,3.57,3.66
-0.13239,-0.86854,0.03454,-0.01299,3.05,3.04
-0.67667,-0.96758,0.03987,-0.06907,18.08,18.06
-0.66548,-0.98998,0.04991,-0.03801,5.4,5.77
-0.41414,-0.99432,0.03112,-0.01648,3.32,3.342
-0.28765,-0.99595,0.01921,-0.01156,2.308,2.394
-0.2514,-0.99712,0.01358,0.01124,1.6,1.62
-0.188,-0.99481,0.00847,-0.0312,1.19,1.18
-0.15356,-0.42051,-0.0393,0.01327,2.2,2.29
-0.20493,-0.44763,0.02542,0.03723,0.94,0.9167
-0.16418,-0.3,0.00108,-0.01,1.11,1.1088
-0.14286,-0.26772,-0.07681,0.04849,0.9002,0.9751
-0.11435,-0.37833,0.03446,-0.08269,0.6725,0.6501
-0.04169,-0.62848,0.01649,-0.30065,0.2728,0.291
-0.35182,-0.75473,0.00069,0.05315,0.2894,0.2893
-0.20621,-0.82788,0.03485,0.01006,0.1703,0.1808
-0.24901,-0.81788,0.0,0.0227,0.1861,0.1937
-0.2094,-0.80202,0.06875,-0.04924,0.1167,0.112
-0.14859,-0.58723,0.08506,-0.04623,10.97,10.11
-0.16726,-0.21477,0.00055,-0.03632,9.025,9.02
-0.12437,-0.12437,-0.00082,-0.05021,18.24,18.255
-0.6,-0.68033,0.00299,0.21159,15.52,16.72
-0.16652,-0.49508,0.00027,-0.01435,18.01,18.205
-0.53413,-0.96496,0.009,-0.00138,13.99,14.45
-0.31806,-0.97604,0.00197,0.02779,9.672,10.17
-0.31454,-0.98333,0.01087,-0.01075,6.566,6.808
-0.26244,-0.98797,0.02269,-0.0149,4.799,4.892
-0.2441,-0.99333,0.02211,0.01742,2.845,2.804
-0.136,-0.98954,0.03431,-0.05556,4.22,4.08
-0.24631,-0.99259,0.03974,-0.01307,3.12,3.02
-0.60839,-0.99186,0.24855,0.02976,4.276,3.46
-0.20809,-0.99336,0.02899,0.0073,2.76,2.76
-0.22019,-0.95325,0.03427,-0.01515,1.442,1.43
-0.19395,-0.19395,-0.00153,0.01875,13.02,13.04
-0.25278,-0.73624,0.03983,0.01985,3.02,3.0101
-0.16857,-0.38654,0.02222,-0.00872,2.3,2.25
-0.2058,-0.2058,-0.03688,-0.01,2.87,2.9799
-0.19445,-0.19445,-0.02108,-0.00928,3.25,3.32
-0.24245,-0.24245,0.00255,0.00349,7.36,7.83
-0.1501,-0.26975,0.01218,-0.0175,7.48,7.39
-0.12857,-0.40777,0.04348,-0.01967,6.01,5.98
-0.16396,-0.40097,-0.00163,-0.00648,5.82,6.13
-0.19606,-0.28738,0.0145,0.03271,7.69,7.5801
-0.11596,-0.37087,0.00455,-0.04012,6.24,6.22
-0.14735,-0.5,0.02916,-0.00388,5.2796,5.13
-0.14206,-0.6805,0.0,-0.07096,2.71,2.71
-0.28774,-0.47203,0.02841,0.00457,1.5597,1.5169
-0.08529,-0.17778,0.13333,-0.08784,1.53,1.35
-0.19828,-0.2466,0.03226,-0.04178,2.72,2.635
-0.19811,-0.45161,-0.01258,0.04253,1.67,1.7723
-0.20388,-0.2828,-0.00816,-0.00407,2.43,2.45
-0.14212,-0.69516,0.07169,-0.00856,1.03,0.9611
-0.1269,-0.29796,0.00604,-0.01744,1.7002,1.69
-0.20523,-0.20523,0.01135,0.02041,1.23,1.2246
-0.25604,-0.68016,0.00993,-0.01151,0.295,0.2921
-0.13071,-0.71868,0.00929,-0.02305,0.2378,0.23779
-0.25459,-0.4518,0.00253,0.08381,0.3751,0.3957
-0.21916,-0.49969,0.00496,-0.00769,16.22,16.14
-0.16963,-0.38533,0.0,-0.00033,14.95,14.95
-0.1302,-0.59388,-0.00417,-0.02342,9.55,9.59
-0.30421,-0.79357,-0.00226,0.02791,4.4046,4.42
-0.15964,-0.38776,0.01936,-0.00488,13.64,13.4888
-0.15602,-0.36607,0.0,-0.00352,5.66,5.66
-0.25219,-0.45186,0.00115,0.01991,4.35,4.355
-0.24104,-0.65301,0.00524,0.00262,1.92,1.91
-0.14894,-0.14894,-0.00119,-0.04205,4.1998,4.215
-0.19988,-0.19988,0.0,-0.01159,13.02,13.65
-0.24908,-0.40614,0.0099,-0.01463,10.15,10.1
-0.22043,-0.72706,0.00751,-0.02457,4.524,4.526
-0.33929,-0.54084,0.05,0.00566,3.34,3.2
-0.29573,-0.3905,0.04933,-0.03463,2.34,2.23
-0.39347,-0.39347,0.01781,-0.03078,3.398,3.369
-0.26802,-0.56587,-0.00037,0.09486,2.694,2.724
-0.17193,-0.61855,0.00917,-0.00279,2.2,2.18
-0.30326,-0.30326,0.01109,0.02817,2.84,2.8583
-0.19771,-0.29825,0.01275,-0.01964,2.78,2.745
-0.2312,-0.71811,0.03611,-0.03991,7.144,7.145
-0.1807,-0.83274,0.04913,0.00041,2.367,2.463
-0.19454,-0.83967,0.0084,0.00847,2.4,2.38
-0.17671,-0.84172,0.0,0.0215,2.37,2.38
-0.18234,-0.64964,0.00806,-0.01525,1.17,1.24
-0.16316,-0.40819,0.01636,0.0021,2.42,2.39
-0.18125,-0.51241,0.00492,-0.02799,1.9194,1.91
-0.20599,-0.43316,0.01429,-0.00943,2.13,2.1
-0.16641,-0.16641,0.00898,0.01089,5.62,5.57
-0.146,-0.16438,-0.00236,-0.00937,4.22,4.23
-0.18919,-0.18919,-0.0113,0.0346,1.68,1.77
-0.19298,-0.34597,0.0,0.02174,1.41,1.41
-0.15486,-0.43123,0.0,-0.02508,1.17,1.17
-0.54955,-0.54955,0.00295,0.0422,3.21,3.2205
-0.23421,-0.5758,0.15877,-0.08076,2.9799,2.675
-0.31496,-0.88117,0.01153,0.04281,0.8485,0.8501
-0.35255,-0.91977,0.07361,-0.05214,0.5501,0.5217
-0.13962,-0.9541,0.11453,-0.06002,0.328,0.296
-0.13586,-0.70521,0.10169,-0.05826,0.26,0.236
-0.52186,-0.66308,0.13314,-0.05079,0.335,0.3177
-0.55501,-0.84367,0.07672,-0.00129,0.1649,0.1551
-0.46099,-0.72263,0.04069,-0.01382,15.0,14.99
-0.19147,-0.2841,-0.05142,0.09437,3.542,3.734
-0.18972,-0.39782,0.00627,0.0007,2.838,2.872
-0.17424,-0.17424,0.01193,0.0,11.03,10.9
-0.37289,-0.40758,0.0,-0.01535,7.7,7.7
-0.14819,-0.35985,-0.00178,-0.00414,8.4,8.415
-0.19152,-0.43191,-0.00094,-0.00562,10.61,10.62
-0.17834,-0.46025,0.02709,-0.0598,8.72,8.49
-0.17079,-0.5792,0.00284,-0.00142,7.05,7.03
-0.14603,-0.56306,-0.00139,-0.01368,7.2,7.21
-0.21358,-0.66155,0.02852,-0.00922,5.77,5.61
-0.16148,-0.74238,0.0,-0.00232,4.3,4.3
-0.20596,-0.8168,0.02197,-0.03915,3.0,2.945
-0.20508,-0.8691,0.00217,0.05251,2.214,2.305
-0.18049,-0.18049,0.01237,-0.01112,9.0,8.89
-0.33188,-0.35,0.00491,0.01068,7.79,7.7519
-0.18707,-0.18707,-0.00633,0.00013,4.66,4.74
-0.23554,-0.37919,0.01177,-0.02157,1.8314,1.8101
-0.66497,-0.68667,-0.00153,-0.00456,3.14,3.275
-0.36694,-0.80285,0.0359,-0.05802,1.98,1.95
-0.19134,-0.85059,0.00613,0.03901,1.55,1.63
-0.32317,-0.89429,0.0367,-0.01802,1.08,1.09
-0.16815,-0.92881,0.00662,0.01003,0.76,0.755
-0.08955,-0.88381,0.01339,-0.08197,1.135,1.12
-0.19307,-0.92529,-0.00429,0.01033,0.7892,0.7926
-0.27129,-0.32425,0.00058,0.01578,17.19,17.38
-0.15625,-0.26807,0.00412,0.0,1.18,1.215
-0.11271,-0.13614,0.0,-0.04394,5.005,5.005
-0.29601,-0.52484,-0.00435,0.00218,2.28,2.3
-0.18622,-0.25176,0.01275,-0.01672,9.53,9.41
-0.23003,-0.34644,0.00472,-0.01193,9.53,9.525
-0.16402,-0.28432,-0.00185,-0.07644,5.41,5.42
-0.21372,-0.21372,-0.0216,-0.00506,7.7,7.87
-0.28339,-0.28339,0.11111,-0.13018,9.8,8.82
-0.42644,-0.45583,0.03914,-0.03766,7.7,7.41
-0.20961,-0.48834,0.00566,-0.02348,7.11,7.07
-0.19462,-0.47067,-0.00402,-0.00467,7.425,7.455
-0.30664,-0.30664,0.03017,0.0076,6.83,6.63
-0.25622,-0.25622,0.00932,0.02548,9.75,9.66
-0.20051,-0.38452,0.01027,-0.00064,7.7,7.79
-0.16657,-0.42519,0.01012,-0.04945,6.99,6.92
-0.28754,-0.60678,0.01602,-0.0059,5.02,4.9507
-0.32394,-0.7347,0.06,-0.10714,3.12,3.0
-0.49,-0.87919,0.03279,0.19608,1.88,1.83
-0.12018,-0.46722,-0.0001,0.01157,0.97,0.9701
-0.69413,-0.69413,0.00352,0.15918,2.53,2.84
-0.48421,-0.81648,0.02837,-0.04082,1.45,1.41
